Mesh;4;;-1700.000,1700.000,0.000,1700.000,1700.000,0.000,-1700.000,-1700.000,0.000,1700.000,-1700.000,0.000;;ffffffT1024
Mesh;50;;0.000,0.000,0.000,62.000,0.000,0.000,61.470,8.093,0.000,59.887,16.047,0.000,57.281,23.726,0.000,53.694,31.000,0.000,49.188,37.743,0.000,43.841,43.841,0.000,37.743,49.188,0.000,31.000,53.694,0.000,23.726,57.281,0.000,16.047,59.887,0.000,8.093,61.470,0.000,0.000,62.000,0.000,-8.093,61.470,0.000,-16.047,59.887,0.000,-23.726,57.281,0.000,-31.000,53.694,0.000,-37.743,49.188,0.000,-43.841,43.841,0.000,-49.188,37.743,0.000,-53.694,31.000,0.000,-57.281,23.726,0.000,-59.887,16.047,0.000,-61.470,8.093,0.000,-62.000,0.000,0.000,-61.470,-8.093,0.000,-59.887,-16.047,0.000,-57.281,-23.726,0.000,-53.694,-31.000,0.000,-49.188,-37.743,0.000,-43.841,-43.841,0.000,-37.743,-49.188,0.000,-31.000,-53.694,0.000,-23.726,-57.281,0.000,-16.047,-59.887,0.000,-8.093,-61.470,0.000,-0.000,-62.000,0.000,8.093,-61.470,0.000,16.047,-59.887,0.000,23.726,-57.281,0.000,31.000,-53.694,0.000,37.743,-49.188,0.000,43.841,-43.841,0.000,49.188,-37.743,0.000,53.694,-31.000,0.000,57.281,-23.726,0.000,59.887,-16.047,0.000,61.470,-8.093,0.000,62.000,-0.000,0.000;;2b4a58
Mesh;10;14;0.000,0.350,0.000,1.000,0.350,0.000,0.707,0.350,-0.707,0.000,0.350,-1.000,-0.707,0.350,-0.707,-1.000,0.350,-0.000,-0.707,0.350,0.707,-0.000,0.350,1.000,0.707,0.350,0.707,1.000,0.350,0.000;0.896,0.000,0.000,0.000,0.000,0.896,0.000,0.000,0.000,0.000,0.896,0.000,590.957,0.000,156.640,1.000,0.993,0.000,0.000,0.000,0.000,0.993,0.000,0.000,0.000,0.000,0.993,0.000,560.965,0.000,155.620,1.000,0.923,0.000,0.000,0.000,0.000,0.923,0.000,0.000,0.000,0.000,0.923,0.000,604.094,0.000,142.264,1.000,0.502,0.000,0.000,0.000,0.000,0.502,0.000,0.000,0.000,0.000,0.502,0.000,580.573,0.000,156.866,1.000,0.857,0.000,0.000,0.000,0.000,0.857,0.000,0.000,0.000,0.000,0.857,0.000,526.326,0.000,155.864,1.000,0.492,0.000,0.000,0.000,0.000,0.492,0.000,0.000,0.000,0.000,0.492,0.000,582.911,0.000,135.353,1.000,0.858,0.000,0.000,0.000,0.000,0.858,0.000,0.000,0.000,0.000,0.858,0.000,544.228,0.000,154.576,1.000,0.690,0.000,0.000,0.000,0.000,0.690,0.000,0.000,0.000,0.000,0.690,0.000,599.411,0.000,144.294,1.000;ffffff
Mesh;23;26;0.000,1.600,0.000,0.000,1.600,0.000,0.000,1.600,0.000,0.000,1.600,0.000,0.000,1.600,0.000,0.000,1.600,0.000,0.000,-0.000,0.090,0.086,-0.000,0.028,0.053,-0.000,-0.073,-0.053,-0.000,-0.073,-0.086,-0.000,0.028,-0.000,-0.000,0.090,0.000,-0.000,0.000,0.000,-0.000,0.000,0.000,-0.000,0.000,0.000,-0.000,0.000,0.000,-0.000,0.000,0.000,-0.000,0.090,0.086,-0.000,0.028,0.053,-0.000,-0.073,-0.053,-0.000,-0.073,-0.086,-0.000,0.028,-0.000,-0.000,0.090;0.808,0.000,0.000,0.000,0.000,0.808,0.000,0.000,0.000,0.000,0.808,0.000,597.732,0.000,92.104,1.000,1.395,0.000,0.000,0.000,0.000,1.395,0.000,0.000,0.000,0.000,1.395,0.000,500.057,0.000,155.703,1.000,1.084,0.000,0.000,0.000,0.000,1.084,0.000,0.000,0.000,0.000,1.084,0.000,556.271,0.000,96.284,1.000,1.200,0.000,0.000,0.000,0.000,1.200,0.000,0.000,0.000,0.000,1.200,0.000,662.380,0.000,121.257,1.000,1.248,0.000,0.000,0.000,0.000,1.248,0.000,0.000,0.000,0.000,1.248,0.000,669.258,0.000,144.700,1.000,1.079,0.000,0.000,0.000,0.000,1.079,0.000,0.000,0.000,0.000,1.079,0.000,588.470,0.000,204.453,1.000,1.366,0.000,0.000,0.000,0.000,1.366,0.000,0.000,0.000,0.000,1.366,0.000,662.016,0.000,128.795,1.000,1.026,0.000,0.000,0.000,0.000,1.026,0.000,0.000,0.000,0.000,1.026,0.000,589.819,0.000,96.710,1.000;ffffff
Mesh;50;;0.000,0.000,0.000,26.000,0.000,0.000,25.778,3.394,0.000,25.114,6.729,0.000,24.021,9.950,0.000,22.517,13.000,0.000,20.627,15.828,0.000,18.385,18.385,0.000,15.828,20.627,0.000,13.000,22.517,0.000,9.950,24.021,0.000,6.729,25.114,0.000,3.394,25.778,0.000,0.000,26.000,0.000,-3.394,25.778,0.000,-6.729,25.114,0.000,-9.950,24.021,0.000,-13.000,22.517,0.000,-15.828,20.627,0.000,-18.385,18.385,0.000,-20.627,15.828,0.000,-22.517,13.000,0.000,-24.021,9.950,0.000,-25.114,6.729,0.000,-25.778,3.394,0.000,-26.000,0.000,0.000,-25.778,-3.394,0.000,-25.114,-6.729,0.000,-24.021,-9.950,0.000,-22.517,-13.000,0.000,-20.627,-15.828,0.000,-18.385,-18.385,0.000,-15.828,-20.627,0.000,-13.000,-22.517,0.000,-9.950,-24.021,0.000,-6.729,-25.114,0.000,-3.394,-25.778,0.000,-0.000,-26.000,0.000,3.394,-25.778,0.000,6.729,-25.114,0.000,9.950,-24.021,0.000,13.000,-22.517,0.000,15.828,-20.627,0.000,18.385,-18.385,0.000,20.627,-15.828,0.000,22.517,-13.000,0.000,24.021,-9.950,0.000,25.114,-6.729,0.000,25.778,-3.394,0.000,26.000,-0.000,0.000;;2b4a58
Mesh;10;14;0.000,0.350,0.000,1.000,0.350,0.000,0.707,0.350,-0.707,0.000,0.350,-1.000,-0.707,0.350,-0.707,-1.000,0.350,-0.000,-0.707,0.350,0.707,-0.000,0.350,1.000,0.707,0.350,0.707,1.000,0.350,0.000;0.946,0.000,0.000,0.000,0.000,0.946,0.000,0.000,0.000,0.000,0.946,0.000,459.184,0.000,56.961,1.000,0.463,0.000,0.000,0.000,0.000,0.463,0.000,0.000,0.000,0.000,0.463,0.000,452.792,0.000,63.751,1.000,0.462,0.000,0.000,0.000,0.000,0.462,0.000,0.000,0.000,0.000,0.462,0.000,470.190,0.000,63.178,1.000,0.546,0.000,0.000,0.000,0.000,0.546,0.000,0.000,0.000,0.000,0.546,0.000,450.262,0.000,63.698,1.000,0.489,0.000,0.000,0.000,0.000,0.489,0.000,0.000,0.000,0.000,0.489,0.000,479.607,0.000,59.511,1.000,0.647,0.000,0.000,0.000,0.000,0.647,0.000,0.000,0.000,0.000,0.647,0.000,479.127,0.000,74.180,1.000,0.702,0.000,0.000,0.000,0.000,0.702,0.000,0.000,0.000,0.000,0.702,0.000,473.577,0.000,60.870,1.000,0.609,0.000,0.000,0.000,0.000,0.609,0.000,0.000,0.000,0.000,0.609,0.000,474.261,0.000,62.824,1.000;ffffff
Mesh;23;26;0.000,1.600,0.000,0.000,1.600,0.000,0.000,1.600,0.000,0.000,1.600,0.000,0.000,1.600,0.000,0.000,1.600,0.000,0.000,-0.000,0.090,0.086,-0.000,0.028,0.053,-0.000,-0.073,-0.053,-0.000,-0.073,-0.086,-0.000,0.028,-0.000,-0.000,0.090,0.000,-0.000,0.000,0.000,-0.000,0.000,0.000,-0.000,0.000,0.000,-0.000,0.000,0.000,-0.000,0.000,0.000,-0.000,0.090,0.086,-0.000,0.028,0.053,-0.000,-0.073,-0.053,-0.000,-0.073,-0.086,-0.000,0.028,-0.000,-0.000,0.090;1.020,0.000,0.000,0.000,0.000,1.020,0.000,0.000,0.000,0.000,1.020,0.000,501.305,0.000,52.518,1.000,1.136,0.000,0.000,0.000,0.000,1.136,0.000,0.000,0.000,0.000,1.136,0.000,440.940,0.000,73.777,1.000,1.066,0.000,0.000,0.000,0.000,1.066,0.000,0.000,0.000,0.000,1.066,0.000,443.684,0.000,46.043,1.000,1.249,0.000,0.000,0.000,0.000,1.249,0.000,0.000,0.000,0.000,1.249,0.000,483.865,0.000,78.730,1.000,1.367,0.000,0.000,0.000,0.000,1.367,0.000,0.000,0.000,0.000,1.367,0.000,506.897,0.000,58.826,1.000,1.258,0.000,0.000,0.000,0.000,1.258,0.000,0.000,0.000,0.000,1.258,0.000,444.801,0.000,42.631,1.000,0.869,0.000,0.000,0.000,0.000,0.869,0.000,0.000,0.000,0.000,0.869,0.000,490.517,0.000,42.341,1.000,1.189,0.000,0.000,0.000,0.000,1.189,0.000,0.000,0.000,0.000,1.189,0.000,503.368,0.000,57.095,1.000;ffffff
Mesh;40;116;0.000,4.200,0.240,0.208,4.200,0.120,0.208,4.200,-0.120,0.000,4.200,-0.240,-0.208,4.200,-0.120,-0.208,4.200,0.120,-0.000,4.200,0.240,0.000,0.000,0.440,0.381,0.000,0.220,0.381,0.000,-0.220,0.000,0.000,-0.440,-0.381,0.000,-0.220,-0.381,0.000,0.220,-0.000,0.000,0.440,0.000,4.200,0.000,0.000,4.200,0.000,0.000,4.200,0.000,0.000,4.200,0.000,0.000,4.200,0.000,0.000,4.200,0.000,0.000,4.200,0.240,0.208,4.200,0.120,0.208,4.200,-0.120,0.000,4.200,-0.240,-0.208,4.200,-0.120,-0.208,4.200,0.120,-0.000,4.200,0.240,0.000,0.000,0.000,0.000,0.000,0.000,0.000,0.000,0.000,0.000,0.000,0.000,0.000,0.000,0.000,0.000,0.000,0.000,0.000,0.000,0.440,0.381,0.000,0.220,0.381,0.000,-0.220,0.000,0.000,-0.440,-0.381,0.000,-0.220,-0.381,0.000,0.220,-0.000,0.000,0.440;1.132,0.000,0.000,0.000,0.000,1.132,0.000,0.000,0.000,0.000,1.132,0.000,-499.127,0.000,38.087,1.000,1.332,0.000,0.000,0.000,0.000,1.332,0.000,0.000,0.000,0.000,1.332,0.000,-549.073,0.000,38.644,1.000,1.061,0.000,0.000,0.000,0.000,1.061,0.000,0.000,0.000,0.000,1.061,0.000,-479.492,0.000,-1.806,1.000,1.357,0.000,0.000,0.000,0.000,1.357,0.000,0.000,0.000,0.000,1.357,0.000,-549.347,0.000,-1.276,1.000,1.402,0.000,0.000,0.000,0.000,1.402,0.000,0.000,0.000,0.000,1.402,0.000,-466.316,0.000,-14.841,1.000,1.297,0.000,0.000,0.000,0.000,1.297,0.000,0.000,0.000,0.000,1.297,0.000,-571.584,0.000,46.467,1.000,1.195,0.000,0.000,0.000,0.000,1.195,0.000,0.000,0.000,0.000,1.195,0.000,-576.686,0.000,-15.698,1.000,1.024,0.000,0.000,0.000,0.000,1.024,0.000,0.000,0.000,0.000,1.024,0.000,-605.370,0.000,-2.732,1.000;6e5c48
Mesh;60;116;-1.956,5.600,1.209,0.000,6.809,1.956,-1.209,7.556,0.000,0.000,6.809,1.956,1.209,7.556,0.000,-1.209,7.556,0.000,1.209,7.556,0.000,0.000,6.809,-1.956,-1.209,7.556,0.000,0.000,6.809,-1.956,-1.956,5.600,-1.209,-1.209,7.556,0.000,-1.956,5.600,-1.209,-1.956,5.600,1.209,-1.209,7.556,0.000,0.000,6.809,1.956,1.956,5.600,1.209,1.209,7.556,0.000,-1.956,5.600,1.209,0.000,4.391,1.956,0.000,6.809,1.956,-1.956,5.600,-1.209,-1.209,3.644,0.000,-1.956,5.600,1.209,0.000,6.809,-1.956,0.000,4.391,-1.956,-1.956,5.600,-1.209,1.209,7.556,0.000,1.956,5.600,-1.209,0.000,6.809,-1.956,1.956,5.600,1.209,0.000,4.391,1.956,1.209,3.644,0.000,0.000,4.391,1.956,-1.209,3.644,0.000,1.209,3.644,0.000,-1.209,3.644,0.000,0.000,4.391,-1.956,1.209,3.644,0.000,0.000,4.391,-1.956,1.956,5.600,-1.209,1.209,3.644,0.000,1.956,5.600,-1.209,1.956,5.600,1.209,1.209,3.644,0.000,1.956,5.600,1.209,0.000,6.809,1.956,0.000,4.391,1.956,0.000,4.391,1.956,-1.956,5.600,1.209,-1.209,3.644,0.000,-1.209,3.644,0.000,-1.956,5.600,-1.209,0.000,4.391,-1.956,0.000,4.391,-1.956,0.000,6.809,-1.956,1.956,5.600,-1.209,1.956,5.600,-1.209,1.209,7.556,0.000,1.956,5.600,1.209;-1.097,0.000,0.487,0.000,0.000,0.947,0.000,0.000,-0.491,0.000,-1.105,0.000,-499.127,0.000,38.087,1.000,-0.588,0.000,-1.338,0.000,0.000,1.093,0.000,0.000,1.115,0.000,-0.490,0.000,-549.073,0.000,38.644,1.000,-0.448,0.000,-0.784,0.000,0.000,0.973,0.000,0.000,0.942,0.000,-0.539,0.000,-479.492,0.000,-1.806,1.000,-0.384,0.000,1.546,0.000,0.000,1.486,0.000,0.000,-1.528,0.000,-0.380,0.000,-549.347,0.000,-1.276,1.000,-0.595,0.000,-0.996,0.000,0.000,1.342,0.000,0.000,1.326,0.000,-0.792,0.000,-466.316,0.000,-14.841,1.000,1.210,0.000,0.050,0.000,0.000,1.311,0.000,0.000,-0.047,0.000,1.161,0.000,-571.584,0.000,46.467,1.000,-1.221,0.000,0.554,0.000,0.000,1.102,0.000,0.000,-0.522,0.000,-1.151,0.000,-576.686,0.000,-15.698,1.000,0.284,0.000,-0.871,0.000,0.000,0.936,0.000,0.000,0.837,0.000,0.273,0.000,-605.370,0.000,-2.732,1.000;ffffff
Mesh;31;92;0.000,8.300,0.000,0.000,8.300,0.000,0.000,8.300,0.000,0.000,8.300,0.000,0.000,8.300,0.000,0.000,8.300,0.000,0.000,8.300,0.000,0.000,8.300,0.000,0.000,0.900,1.900,1.485,0.900,1.185,1.852,0.900,-0.423,0.824,0.900,-1.712,-0.824,0.900,-1.712,-1.852,0.900,-0.423,-1.485,0.900,1.185,-0.000,0.900,1.900,0.000,0.900,0.000,0.000,0.900,0.000,0.000,0.900,0.000,0.000,0.900,0.000,0.000,0.900,0.000,0.000,0.900,0.000,0.000,0.900,0.000,0.000,0.900,1.900,1.485,0.900,1.185,1.852,0.900,-0.423,0.824,0.900,-1.712,-0.824,0.900,-1.712,-1.852,0.900,-0.423,-1.485,0.900,1.185,-0.000,0.900,1.900;0.835,0.000,0.629,0.000,0.000,1.124,0.000,0.000,-0.749,0.000,0.995,0.000,-769.530,0.000,52.500,1.000,-1.270,0.000,-0.778,0.000,0.000,1.441,0.000,0.000,0.839,0.000,-1.370,0.000,-759.834,0.000,39.448,1.000,-1.274,0.000,0.014,0.000,0.000,1.244,0.000,0.000,-0.014,0.000,-1.326,0.000,-771.431,0.000,93.354,1.000,0.205,0.000,1.411,0.000,0.000,1.388,0.000,0.000,-1.263,0.000,0.184,0.000,-773.415,0.000,41.992,1.000,0.505,0.000,1.266,0.000,0.000,1.422,0.000,0.000,-1.301,0.000,0.519,0.000,-774.120,0.000,105.311,1.000,1.463,0.000,-0.422,0.000,0.000,1.474,0.000,0.000,0.379,0.000,1.314,0.000,-785.549,0.000,62.673,1.000,-1.375,0.000,0.439,0.000,0.000,1.353,0.000,0.000,-0.466,0.000,-1.461,0.000,-782.452,0.000,-7.206,1.000,-0.271,0.000,-1.517,0.000,0.000,1.483,0.000,0.000,1.480,0.000,-0.264,0.000,-770.229,0.000,34.153,1.000;ffffff
Mesh;40;92;0.000,4.200,0.240,0.208,4.200,0.120,0.208,4.200,-0.120,0.000,4.200,-0.240,-0.208,4.200,-0.120,-0.208,4.200,0.120,-0.000,4.200,0.240,0.000,0.000,0.440,0.381,0.000,0.220,0.381,0.000,-0.220,0.000,0.000,-0.440,-0.381,0.000,-0.220,-0.381,0.000,0.220,-0.000,0.000,0.440,0.000,4.200,0.000,0.000,4.200,0.000,0.000,4.200,0.000,0.000,4.200,0.000,0.000,4.200,0.000,0.000,4.200,0.000,0.000,4.200,0.240,0.208,4.200,0.120,0.208,4.200,-0.120,0.000,4.200,-0.240,-0.208,4.200,-0.120,-0.208,4.200,0.120,-0.000,4.200,0.240,0.000,0.000,0.000,0.000,0.000,0.000,0.000,0.000,0.000,0.000,0.000,0.000,0.000,0.000,0.000,0.000,0.000,0.000,0.000,0.000,0.440,0.381,0.000,0.220,0.381,0.000,-0.220,0.000,0.000,-0.440,-0.381,0.000,-0.220,-0.381,0.000,0.220,-0.000,0.000,0.440;1.124,0.000,0.000,0.000,0.000,1.124,0.000,0.000,0.000,0.000,1.124,0.000,-769.530,0.000,52.500,1.000,1.441,0.000,0.000,0.000,0.000,1.441,0.000,0.000,0.000,0.000,1.441,0.000,-759.834,0.000,39.448,1.000,1.244,0.000,0.000,0.000,0.000,1.244,0.000,0.000,0.000,0.000,1.244,0.000,-771.431,0.000,93.354,1.000,1.388,0.000,0.000,0.000,0.000,1.388,0.000,0.000,0.000,0.000,1.388,0.000,-773.415,0.000,41.992,1.000,1.422,0.000,0.000,0.000,0.000,1.422,0.000,0.000,0.000,0.000,1.422,0.000,-774.120,0.000,105.311,1.000,1.474,0.000,0.000,0.000,0.000,1.474,0.000,0.000,0.000,0.000,1.474,0.000,-785.549,0.000,62.673,1.000,1.353,0.000,0.000,0.000,0.000,1.353,0.000,0.000,0.000,0.000,1.353,0.000,-782.452,0.000,-7.206,1.000,1.483,0.000,0.000,0.000,0.000,1.483,0.000,0.000,0.000,0.000,1.483,0.000,-770.229,0.000,34.153,1.000;6e5c48
Mesh;60;914;-0.204,0.400,0.126,0.000,0.526,0.204,-0.126,0.604,0.000,0.000,0.526,0.204,0.126,0.604,0.000,-0.126,0.604,0.000,0.126,0.604,0.000,0.000,0.526,-0.204,-0.126,0.604,0.000,0.000,0.526,-0.204,-0.204,0.400,-0.126,-0.126,0.604,0.000,-0.204,0.400,-0.126,-0.204,0.400,0.126,-0.126,0.604,0.000,0.000,0.526,0.204,0.204,0.400,0.126,0.126,0.604,0.000,-0.204,0.400,0.126,0.000,0.274,0.204,0.000,0.526,0.204,-0.204,0.400,-0.126,-0.126,0.196,0.000,-0.204,0.400,0.126,0.000,0.526,-0.204,0.000,0.274,-0.204,-0.204,0.400,-0.126,0.126,0.604,0.000,0.204,0.400,-0.126,0.000,0.526,-0.204,0.204,0.400,0.126,0.000,0.274,0.204,0.126,0.196,0.000,0.000,0.274,0.204,-0.126,0.196,0.000,0.126,0.196,0.000,-0.126,0.196,0.000,0.000,0.274,-0.204,0.126,0.196,0.000,0.000,0.274,-0.204,0.204,0.400,-0.126,0.126,0.196,0.000,0.204,0.400,-0.126,0.204,0.400,0.126,0.126,0.196,0.000,0.204,0.400,0.126,0.000,0.526,0.204,0.000,0.274,0.204,0.000,0.274,0.204,-0.204,0.400,0.126,-0.126,0.196,0.000,-0.126,0.196,0.000,-0.204,0.400,-0.126,0.000,0.274,-0.204,0.000,0.274,-0.204,0.000,0.526,-0.204,0.204,0.400,-0.126,0.204,0.400,-0.126,0.126,0.604,0.000,0.204,0.400,0.126;0.882,0.000,0.000,0.000,0.000,0.882,0.000,0.000,0.000,0.000,0.882,0.000,-571.723,0.000,50.412,1.000,1.043,0.000,0.000,0.000,0.000,1.043,0.000,0.000,0.000,0.000,1.043,0.000,-605.378,0.000,51.275,1.000,1.038,0.000,0.000,0.000,0.000,1.038,0.000,0.000,0.000,0.000,1.038,0.000,-571.881,0.000,52.369,1.000,1.206,0.000,0.000,0.000,0.000,1.206,0.000,0.000,0.000,0.000,1.206,0.000,-492.535,0.000,51.453,1.000,1.052,0.000,0.000,0.000,0.000,1.052,0.000,0.000,0.000,0.000,1.052,0.000,-552.605,0.000,51.381,1.000,1.367,0.000,0.000,0.000,0.000,1.367,0.000,0.000,0.000,0.000,1.367,0.000,-478.868,0.000,50.728,1.000,1.061,0.000,0.000,0.000,0.000,1.061,0.000,0.000,0.000,0.000,1.061,0.000,-486.082,0.000,51.436,1.000,0.814,0.000,0.000,0.000,0.000,0.814,0.000,0.000,0.000,0.000,0.814,0.000,-545.822,0.000,50.940,1.000;ffffff
Mesh;30;;0.000,0.000,0.000,13.000,0.000,0.000,12.674,2.893,0.000,11.713,5.640,0.000,10.164,8.105,0.000,8.105,10.164,0.000,5.640,11.713,0.000,2.893,12.674,0.000,0.000,13.000,0.000,-2.893,12.674,0.000,-5.640,11.713,0.000,-8.105,10.164,0.000,-10.164,8.105,0.000,-11.713,5.640,0.000,-12.674,2.893,0.000,-13.000,0.000,0.000,-12.674,-2.893,0.000,-11.713,-5.640,0.000,-10.164,-8.105,0.000,-8.105,-10.164,0.000,-5.640,-11.713,0.000,-2.893,-12.674,0.000,-0.000,-13.000,0.000,2.893,-12.674,0.000,5.640,-11.713,0.000,8.105,-10.164,0.000,10.164,-8.105,0.000,11.713,-5.640,0.000,12.674,-2.893,0.000,13.000,-0.000,0.000;;33556a
Mesh;60;56;-0.187,0.450,0.116,0.000,0.566,0.187,-0.116,0.637,0.000,0.000,0.566,0.187,0.116,0.637,0.000,-0.116,0.637,0.000,0.116,0.637,0.000,0.000,0.566,-0.187,-0.116,0.637,0.000,0.000,0.566,-0.187,-0.187,0.450,-0.116,-0.116,0.637,0.000,-0.187,0.450,-0.116,-0.187,0.450,0.116,-0.116,0.637,0.000,0.000,0.566,0.187,0.187,0.450,0.116,0.116,0.637,0.000,-0.187,0.450,0.116,0.000,0.334,0.187,0.000,0.566,0.187,-0.187,0.450,-0.116,-0.116,0.263,0.000,-0.187,0.450,0.116,0.000,0.566,-0.187,0.000,0.334,-0.187,-0.187,0.450,-0.116,0.116,0.637,0.000,0.187,0.450,-0.116,0.000,0.566,-0.187,0.187,0.450,0.116,0.000,0.334,0.187,0.116,0.263,0.000,0.000,0.334,0.187,-0.116,0.263,0.000,0.116,0.263,0.000,-0.116,0.263,0.000,0.000,0.334,-0.187,0.116,0.263,0.000,0.000,0.334,-0.187,0.187,0.450,-0.116,0.116,0.263,0.000,0.187,0.450,-0.116,0.187,0.450,0.116,0.116,0.263,0.000,0.187,0.450,0.116,0.000,0.566,0.187,0.000,0.334,0.187,0.000,0.334,0.187,-0.187,0.450,0.116,-0.116,0.263,0.000,-0.116,0.263,0.000,-0.187,0.450,-0.116,0.000,0.334,-0.187,0.000,0.334,-0.187,0.000,0.566,-0.187,0.187,0.450,-0.116,0.187,0.450,-0.116,0.116,0.637,0.000,0.187,0.450,0.116;1.104,0.000,0.000,0.000,0.000,1.104,0.000,0.000,0.000,0.000,1.104,0.000,687.052,0.000,93.848,1.000,0.783,0.000,0.000,0.000,0.000,0.783,0.000,0.000,0.000,0.000,0.783,0.000,687.745,0.000,96.705,1.000,0.771,0.000,0.000,0.000,0.000,0.771,0.000,0.000,0.000,0.000,0.771,0.000,686.667,0.000,94.781,1.000,0.975,0.000,0.000,0.000,0.000,0.975,0.000,0.000,0.000,0.000,0.975,0.000,686.544,0.000,94.616,1.000,0.792,0.000,0.000,0.000,0.000,0.792,0.000,0.000,0.000,0.000,0.792,0.000,685.851,0.000,96.209,1.000,0.883,0.000,0.000,0.000,0.000,0.883,0.000,0.000,0.000,0.000,0.883,0.000,686.417,0.000,93.184,1.000,0.830,0.000,0.000,0.000,0.000,0.830,0.000,0.000,0.000,0.000,0.830,0.000,686.376,0.000,96.473,1.000,0.817,0.000,0.000,0.000,0.000,0.817,0.000,0.000,0.000,0.000,0.817,0.000,687.258,0.000,95.055,1.000;ffffff
Mesh;38;;0.000,0.000,0.000,27.000,0.000,0.000,26.590,4.689,0.000,25.372,9.235,0.000,23.383,13.500,0.000,20.683,17.355,0.000,17.355,20.683,0.000,13.500,23.383,0.000,9.235,25.372,0.000,4.689,26.590,0.000,0.000,27.000,0.000,-4.689,26.590,0.000,-9.235,25.372,0.000,-13.500,23.383,0.000,-17.355,20.683,0.000,-20.683,17.355,0.000,-23.383,13.500,0.000,-25.372,9.235,0.000,-26.590,4.689,0.000,-27.000,0.000,0.000,-26.590,-4.689,0.000,-25.372,-9.235,0.000,-23.383,-13.500,0.000,-20.683,-17.355,0.000,-17.355,-20.683,0.000,-13.500,-23.383,0.000,-9.235,-25.372,0.000,-4.689,-26.590,0.000,-0.000,-27.000,0.000,4.689,-26.590,0.000,9.235,-25.372,0.000,13.500,-23.383,0.000,17.355,-20.683,0.000,20.683,-17.355,0.000,23.383,-13.500,0.000,25.372,-9.235,0.000,26.590,-4.689,0.000,27.000,-0.000,0.000;;3d6a80
Mesh;26;;0.000,0.000,0.000,4.600,0.000,0.000,4.443,1.191,0.000,3.984,2.300,0.000,3.253,3.253,0.000,2.300,3.984,0.000,1.191,4.443,0.000,0.000,4.600,0.000,-1.191,4.443,0.000,-2.300,3.984,0.000,-3.253,3.253,0.000,-3.984,2.300,0.000,-4.443,1.191,0.000,-4.600,0.000,0.000,-4.443,-1.191,0.000,-3.984,-2.300,0.000,-3.253,-3.253,0.000,-2.300,-3.984,0.000,-1.191,-4.443,0.000,-0.000,-4.600,0.000,1.191,-4.443,0.000,2.300,-3.984,0.000,3.253,-3.253,0.000,3.984,-2.300,0.000,4.443,-1.191,0.000,4.600,-0.000,0.000;;2b4a58
Mesh;300;12;0.000,6.400,0.140,0.000,-0.000,0.180,0.099,6.400,0.099,0.000,-0.000,0.180,0.127,-0.000,0.127,0.099,6.400,0.099,0.099,6.400,0.099,0.127,-0.000,0.127,0.140,6.400,0.000,0.127,-0.000,0.127,0.180,-0.000,0.000,0.140,6.400,0.000,0.140,6.400,0.000,0.180,-0.000,0.000,0.099,6.400,-0.099,0.180,-0.000,0.000,0.127,-0.000,-0.127,0.099,6.400,-0.099,0.099,6.400,-0.099,0.127,-0.000,-0.127,0.000,6.400,-0.140,0.127,-0.000,-0.127,0.000,-0.000,-0.180,0.000,6.400,-0.140,0.000,6.400,-0.140,0.000,-0.000,-0.180,-0.099,6.400,-0.099,0.000,-0.000,-0.180,-0.127,-0.000,-0.127,-0.099,6.400,-0.099,-0.099,6.400,-0.099,-0.127,-0.000,-0.127,-0.140,6.400,-0.000,-0.127,-0.000,-0.127,-0.180,-0.000,-0.000,-0.140,6.400,-0.000,-0.140,6.400,-0.000,-0.180,-0.000,-0.000,-0.099,6.400,0.099,-0.180,-0.000,-0.000,-0.127,-0.000,0.127,-0.099,6.400,0.099,-0.099,6.400,0.099,-0.127,-0.000,0.127,-0.000,6.400,0.140,-0.127,-0.000,0.127,-0.000,-0.000,0.180,-0.000,6.400,0.140,0.000,6.400,0.140,0.099,6.400,0.099,0.000,6.400,0.000,0.099,6.400,0.099,0.140,6.400,0.000,0.000,6.400,0.000,0.140,6.400,0.000,0.099,6.400,-0.099,0.000,6.400,0.000,0.099,6.400,-0.099,0.000,6.400,-0.140,0.000,6.400,0.000,0.000,6.400,-0.140,-0.099,6.400,-0.099,0.000,6.400,0.000,-0.099,6.400,-0.099,-0.140,6.400,-0.000,0.000,6.400,0.000,-0.140,6.400,-0.000,-0.099,6.400,0.099,0.000,6.400,0.000,-0.099,6.400,0.099,-0.000,6.400,0.140,0.000,6.400,0.000,0.127,-0.000,0.127,0.000,-0.000,0.180,0.000,-0.000,0.000,0.180,-0.000,0.000,0.127,-0.000,0.127,0.000,-0.000,0.000,0.127,-0.000,-0.127,0.180,-0.000,0.000,0.000,-0.000,0.000,0.000,-0.000,-0.180,0.127,-0.000,-0.127,0.000,-0.000,0.000,-0.127,-0.000,-0.127,0.000,-0.000,-0.180,0.000,-0.000,0.000,-0.180,-0.000,-0.000,-0.127,-0.000,-0.127,0.000,-0.000,0.000,-0.127,-0.000,0.127,-0.180,-0.000,-0.000,0.000,-0.000,0.000,-0.000,-0.000,0.180,-0.127,-0.000,0.127,0.000,-0.000,0.000;0.707,0.000,-0.707,0.000,0.000,1.000,0.000,0.000,0.707,0.000,0.707,0.000,-150.800,0.000,308.200,1.000,-0.707,0.000,0.707,0.000,0.000,1.000,0.000,0.000,-0.707,0.000,-0.707,0.000,-129.200,0.000,331.800,1.000,0.707,0.000,-0.707,0.000,0.000,1.000,0.000,0.000,0.707,0.000,0.707,0.000,-150.800,0.000,-369.800,1.000,-0.707,0.000,0.707,0.000,0.000,1.000,0.000,0.000,-0.707,0.000,-0.707,0.000,-129.200,0.000,-350.200,1.000,0.707,0.000,-0.707,0.000,0.000,1.000,0.000,0.000,0.707,0.000,0.707,0.000,-150.800,0.000,-49.800,1.000,-0.707,0.000,0.707,0.000,0.000,1.000,0.000,0.000,-0.707,0.000,-0.707,0.000,-129.200,0.000,-30.200,1.000,0.707,0.000,-0.707,0.000,0.000,1.000,0.000,0.000,0.707,0.000,0.707,0.000,310.200,0.000,308.200,1.000,-0.707,0.000,0.707,0.000,0.000,1.000,0.000,0.000,-0.707,0.000,-0.707,0.000,329.800,0.000,331.800,1.000;ffffffvc
Mesh;12;36;0.000,0.000,0.220,0.130,0.000,0.220,0.105,0.076,0.220,0.040,0.124,0.220,-0.040,0.124,0.220,-0.105,0.076,0.220,-0.130,0.000,0.220,-0.105,-0.076,0.220,-0.040,-0.124,0.220,0.040,-0.124,0.220,0.105,-0.076,0.220,0.130,-0.000,0.220;-0.707,0.000,-0.707,0.000,0.000,1.000,0.000,0.000,0.707,0.000,-0.707,0.000,-147.972,5.820,305.372,1.000,-0.707,0.000,-0.707,0.000,0.000,1.000,0.000,0.000,0.707,0.000,-0.707,0.000,-147.972,5.320,305.372,1.000,-0.707,0.000,-0.707,0.000,0.000,1.000,0.000,0.000,0.707,0.000,-0.707,0.000,-147.972,4.820,305.372,1.000,0.707,0.000,0.707,0.000,0.000,1.000,0.000,0.000,-0.707,0.000,0.707,0.000,-132.028,5.820,334.628,1.000,0.707,0.000,0.707,0.000,0.000,1.000,0.000,0.000,-0.707,0.000,0.707,0.000,-132.028,5.320,334.628,1.000,0.707,0.000,0.707,0.000,0.000,1.000,0.000,0.000,-0.707,0.000,0.707,0.000,-132.028,4.820,334.628,1.000,-0.707,0.000,-0.707,0.000,0.000,1.000,0.000,0.000,0.707,0.000,-0.707,0.000,-147.972,5.820,-372.628,1.000,-0.707,0.000,-0.707,0.000,0.000,1.000,0.000,0.000,0.707,0.000,-0.707,0.000,-147.972,5.320,-372.628,1.000;ffffff
Mesh;90;;-2.200,1.300,0.000,-1.886,1.300,0.000,-1.571,1.300,0.000,-1.257,1.300,0.000,-0.943,1.300,0.000,-0.629,1.300,0.000,-0.314,1.300,0.000,0.000,1.300,0.000,0.314,1.300,0.000,0.629,1.300,0.000,0.943,1.300,0.000,1.257,1.300,0.000,1.571,1.300,0.000,1.886,1.300,0.000,2.200,1.300,0.000,-2.200,0.780,0.000,-1.886,0.780,0.000,-1.571,0.780,0.000,-1.257,0.780,0.000,-0.943,0.780,0.000,-0.629,0.780,0.000,-0.314,0.780,0.000,0.000,0.780,0.000,0.314,0.780,0.000,0.629,0.780,0.000,0.943,0.780,0.000,1.257,0.780,0.000,1.571,0.780,0.000,1.886,0.780,0.000,2.200,0.780,0.000,-2.200,0.260,0.000,-1.886,0.260,0.000,-1.571,0.260,0.000,-1.257,0.260,0.000,-0.943,0.260,0.000,-0.629,0.260,0.000,-0.314,0.260,0.000,0.000,0.260,0.000,0.314,0.260,0.000,0.629,0.260,0.000,0.943,0.260,0.000,1.257,0.260,0.000,1.571,0.260,0.000,1.886,0.260,0.000,2.200,0.260,0.000,-2.200,-0.260,0.000,-1.886,-0.260,0.000,-1.571,-0.260,0.000,-1.257,-0.260,0.000,-0.943,-0.260,0.000,-0.629,-0.260,0.000,-0.314,-0.260,0.000,0.000,-0.260,0.000,0.314,-0.260,0.000,0.629,-0.260,0.000,0.943,-0.260,0.000,1.257,-0.260,0.000,1.571,-0.260,0.000,1.886,-0.260,0.000,2.200,-0.260,0.000,-2.200,-0.780,0.000,-1.886,-0.780,0.000,-1.571,-0.780,0.000,-1.257,-0.780,0.000,-0.943,-0.780,0.000,-0.629,-0.780,0.000,-0.314,-0.780,0.000,0.000,-0.780,0.000,0.314,-0.780,0.000,0.629,-0.780,0.000,0.943,-0.780,0.000,1.257,-0.780,0.000,1.571,-0.780,0.000,1.886,-0.780,0.000,2.200,-0.780,0.000,-2.200,-1.300,0.000,-1.886,-1.300,0.000,-1.571,-1.300,0.000,-1.257,-1.300,0.000,-0.943,-1.300,0.000,-0.629,-1.300,0.000,-0.314,-1.300,0.000,0.000,-1.300,0.000,0.314,-1.300,0.000,0.629,-1.300,0.000,0.943,-1.300,0.000,1.257,-1.300,0.000,1.571,-1.300,0.000,1.886,-1.300,0.000,2.200,-1.300,0.000;;b3423a
Mesh;90;;-2.300,1.350,0.000,-1.971,1.350,0.000,-1.643,1.350,0.000,-1.314,1.350,0.000,-0.986,1.350,0.000,-0.657,1.350,0.000,-0.329,1.350,0.000,0.000,1.350,0.000,0.329,1.350,0.000,0.657,1.350,0.000,0.986,1.350,0.000,1.314,1.350,0.000,1.643,1.350,0.000,1.971,1.350,0.000,2.300,1.350,0.000,-2.300,0.810,0.000,-1.971,0.810,0.000,-1.643,0.810,0.000,-1.314,0.810,0.000,-0.986,0.810,0.000,-0.657,0.810,0.000,-0.329,0.810,0.000,0.000,0.810,0.000,0.329,0.810,0.000,0.657,0.810,0.000,0.986,0.810,0.000,1.314,0.810,0.000,1.643,0.810,0.000,1.971,0.810,0.000,2.300,0.810,0.000,-2.300,0.270,0.000,-1.971,0.270,0.000,-1.643,0.270,0.000,-1.314,0.270,0.000,-0.986,0.270,0.000,-0.657,0.270,0.000,-0.329,0.270,0.000,0.000,0.270,0.000,0.329,0.270,0.000,0.657,0.270,0.000,0.986,0.270,0.000,1.314,0.270,0.000,1.643,0.270,0.000,1.971,0.270,0.000,2.300,0.270,0.000,-2.300,-0.270,0.000,-1.971,-0.270,0.000,-1.643,-0.270,0.000,-1.314,-0.270,0.000,-0.986,-0.270,0.000,-0.657,-0.270,0.000,-0.329,-0.270,0.000,0.000,-0.270,0.000,0.329,-0.270,0.000,0.657,-0.270,0.000,0.986,-0.270,0.000,1.314,-0.270,0.000,1.643,-0.270,0.000,1.971,-0.270,0.000,2.300,-0.270,0.000,-2.300,-0.810,0.000,-1.971,-0.810,0.000,-1.643,-0.810,0.000,-1.314,-0.810,0.000,-0.986,-0.810,0.000,-0.657,-0.810,0.000,-0.329,-0.810,0.000,0.000,-0.810,0.000,0.329,-0.810,0.000,0.657,-0.810,0.000,0.986,-0.810,0.000,1.314,-0.810,0.000,1.643,-0.810,0.000,1.971,-0.810,0.000,2.300,-0.810,0.000,-2.300,-1.350,0.000,-1.971,-1.350,0.000,-1.643,-1.350,0.000,-1.314,-1.350,0.000,-0.986,-1.350,0.000,-0.657,-1.350,0.000,-0.329,-1.350,0.000,0.000,-1.350,0.000,0.329,-1.350,0.000,0.657,-1.350,0.000,0.986,-1.350,0.000,1.314,-1.350,0.000,1.643,-1.350,0.000,1.971,-1.350,0.000,2.300,-1.350,0.000;;2e5b8a
Mesh;90;;-2.200,1.300,0.000,-1.886,1.300,0.000,-1.571,1.300,0.000,-1.257,1.300,0.000,-0.943,1.300,0.000,-0.629,1.300,0.000,-0.314,1.300,0.000,0.000,1.300,0.000,0.314,1.300,0.000,0.629,1.300,0.000,0.943,1.300,0.000,1.257,1.300,0.000,1.571,1.300,0.000,1.886,1.300,0.000,2.200,1.300,0.000,-2.200,0.780,0.000,-1.886,0.780,0.000,-1.571,0.780,0.000,-1.257,0.780,0.000,-0.943,0.780,0.000,-0.629,0.780,0.000,-0.314,0.780,0.000,0.000,0.780,0.000,0.314,0.780,0.000,0.629,0.780,0.000,0.943,0.780,0.000,1.257,0.780,0.000,1.571,0.780,0.000,1.886,0.780,0.000,2.200,0.780,0.000,-2.200,0.260,0.000,-1.886,0.260,0.000,-1.571,0.260,0.000,-1.257,0.260,0.000,-0.943,0.260,0.000,-0.629,0.260,0.000,-0.314,0.260,0.000,0.000,0.260,0.000,0.314,0.260,0.000,0.629,0.260,0.000,0.943,0.260,0.000,1.257,0.260,0.000,1.571,0.260,0.000,1.886,0.260,0.000,2.200,0.260,0.000,-2.200,-0.260,0.000,-1.886,-0.260,0.000,-1.571,-0.260,0.000,-1.257,-0.260,0.000,-0.943,-0.260,0.000,-0.629,-0.260,0.000,-0.314,-0.260,0.000,0.000,-0.260,0.000,0.314,-0.260,0.000,0.629,-0.260,0.000,0.943,-0.260,0.000,1.257,-0.260,0.000,1.571,-0.260,0.000,1.886,-0.260,0.000,2.200,-0.260,0.000,-2.200,-0.780,0.000,-1.886,-0.780,0.000,-1.571,-0.780,0.000,-1.257,-0.780,0.000,-0.943,-0.780,0.000,-0.629,-0.780,0.000,-0.314,-0.780,0.000,0.000,-0.780,0.000,0.314,-0.780,0.000,0.629,-0.780,0.000,0.943,-0.780,0.000,1.257,-0.780,0.000,1.571,-0.780,0.000,1.886,-0.780,0.000,2.200,-0.780,0.000,-2.200,-1.300,0.000,-1.886,-1.300,0.000,-1.571,-1.300,0.000,-1.257,-1.300,0.000,-0.943,-1.300,0.000,-0.629,-1.300,0.000,-0.314,-1.300,0.000,0.000,-1.300,0.000,0.314,-1.300,0.000,0.629,-1.300,0.000,0.943,-1.300,0.000,1.257,-1.300,0.000,1.571,-1.300,0.000,1.886,-1.300,0.000,2.200,-1.300,0.000;;b3423a
Mesh;228;;0.000,7.600,0.120,0.000,0.000,0.170,0.085,7.600,0.085,0.000,0.000,0.170,0.120,0.000,0.120,0.085,7.600,0.085,0.085,7.600,0.085,0.120,0.000,0.120,0.120,7.600,0.000,0.120,0.000,0.120,0.170,0.000,0.000,0.120,7.600,0.000,0.120,7.600,0.000,0.170,0.000,0.000,0.085,7.600,-0.085,0.170,0.000,0.000,0.120,0.000,-0.120,0.085,7.600,-0.085,0.085,7.600,-0.085,0.120,0.000,-0.120,0.000,7.600,-0.120,0.120,0.000,-0.120,0.000,0.000,-0.170,0.000,7.600,-0.120,0.000,7.600,-0.120,0.000,0.000,-0.170,-0.085,7.600,-0.085,0.000,0.000,-0.170,-0.120,0.000,-0.120,-0.085,7.600,-0.085,-0.085,7.600,-0.085,-0.120,0.000,-0.120,-0.120,7.600,-0.000,-0.120,0.000,-0.120,-0.170,0.000,-0.000,-0.120,7.600,-0.000,-0.120,7.600,-0.000,-0.170,0.000,-0.000,-0.085,7.600,0.085,-0.170,0.000,-0.000,-0.120,0.000,0.120,-0.085,7.600,0.085,-0.085,7.600,0.085,-0.120,0.000,0.120,-0.000,7.600,0.120,-0.120,0.000,0.120,-0.000,0.000,0.170,-0.000,7.600,0.120,0.000,7.600,0.120,0.085,7.600,0.085,0.000,7.600,0.000,0.085,7.600,0.085,0.120,7.600,0.000,0.000,7.600,0.000,0.120,7.600,0.000,0.085,7.600,-0.085,0.000,7.600,0.000,0.085,7.600,-0.085,0.000,7.600,-0.120,0.000,7.600,0.000,0.000,7.600,-0.120,-0.085,7.600,-0.085,0.000,7.600,0.000,-0.085,7.600,-0.085,-0.120,7.600,-0.000,0.000,7.600,0.000,-0.120,7.600,-0.000,-0.085,7.600,0.085,0.000,7.600,0.000,-0.085,7.600,0.085,-0.000,7.600,0.120,0.000,7.600,0.000,0.120,0.000,0.120,0.000,0.000,0.170,0.000,0.000,0.000,0.170,0.000,0.000,0.120,0.000,0.120,0.000,0.000,0.000,0.120,0.000,-0.120,0.170,0.000,0.000,0.000,0.000,0.000,0.000,0.000,-0.170,0.120,0.000,-0.120,0.000,0.000,0.000,-0.120,0.000,-0.120,0.000,0.000,-0.170,0.000,0.000,0.000,-0.170,0.000,-0.000,-0.120,0.000,-0.120,0.000,0.000,0.000,-0.120,0.000,0.120,-0.170,0.000,-0.000,0.000,0.000,0.000,-0.000,0.000,0.170,-0.120,0.000,0.120,0.000,0.000,0.000;;ffffffvc
Mesh;24;;-1.825,7.450,0.210,-1.825,7.450,-0.210,-1.825,7.250,0.210,-1.825,7.250,-0.210,-2.775,7.450,-0.210,-2.775,7.450,0.210,-2.775,7.250,-0.210,-2.775,7.250,0.210,-2.775,7.450,-0.210,-1.825,7.450,-0.210,-2.775,7.450,0.210,-1.825,7.450,0.210,-2.775,7.250,0.210,-1.825,7.250,0.210,-2.775,7.250,-0.210,-1.825,7.250,-0.210,-2.775,7.450,0.210,-1.825,7.450,0.210,-2.775,7.250,0.210,-1.825,7.250,0.210,-1.825,7.450,-0.210,-2.775,7.450,-0.210,-1.825,7.250,-0.210,-2.775,7.250,-0.210;;f5f0dc
Mesh;40;685;0.000,4.600,0.260,0.225,4.600,0.130,0.225,4.600,-0.130,0.000,4.600,-0.260,-0.225,4.600,-0.130,-0.225,4.600,0.130,-0.000,4.600,0.260,0.000,0.000,0.500,0.433,0.000,0.250,0.433,0.000,-0.250,0.000,0.000,-0.500,-0.433,0.000,-0.250,-0.433,0.000,0.250,-0.000,0.000,0.500,0.000,4.600,0.000,0.000,4.600,0.000,0.000,4.600,0.000,0.000,4.600,0.000,0.000,4.600,0.000,0.000,4.600,0.000,0.000,4.600,0.260,0.225,4.600,0.130,0.225,4.600,-0.130,0.000,4.600,-0.260,-0.225,4.600,-0.130,-0.225,4.600,0.130,-0.000,4.600,0.260,0.000,0.000,0.000,0.000,0.000,0.000,0.000,0.000,0.000,0.000,0.000,0.000,0.000,0.000,0.000,0.000,0.000,0.000,0.000,0.000,0.500,0.433,0.000,0.250,0.433,0.000,-0.250,0.000,0.000,-0.500,-0.433,0.000,-0.250,-0.433,0.000,0.250,-0.000,0.000,0.500;0.828,-0.010,-0.155,0.000,0.001,1.006,-0.060,0.000,0.201,0.063,1.071,0.000,-154.800,0.000,-712.000,1.000,0.723,-0.030,-0.592,0.000,-0.007,1.314,-0.075,0.000,0.586,0.044,0.714,0.000,-125.200,0.000,-712.000,1.000,0.099,0.094,0.827,0.000,-0.005,1.007,-0.114,0.000,-1.086,0.009,0.129,0.000,-125.200,0.000,-686.000,1.000,-0.118,-0.082,-1.178,0.000,-0.008,1.250,-0.086,0.000,1.280,-0.000,-0.128,0.000,-154.800,0.000,-660.000,1.000,-0.883,-0.043,0.642,0.000,-0.034,0.995,0.019,0.000,-0.624,-0.005,-0.858,0.000,-125.200,0.000,-608.000,1.000,0.713,0.076,0.651,0.000,-0.042,1.091,-0.081,0.000,-0.614,0.026,0.670,0.000,-154.800,0.000,-582.000,1.000,-0.675,0.035,-0.193,0.000,0.057,1.036,-0.011,0.000,0.250,-0.023,-0.878,0.000,-125.200,0.000,-582.000,1.000,-0.185,0.011,-0.738,0.000,-0.001,0.937,0.014,0.000,1.121,0.006,-0.282,0.000,-125.200,0.000,-556.000,1.000;d8d2c8T1024
Mesh;60;685;-2.042,0.000,1.262,0.000,1.262,2.042,-1.262,2.042,0.000,0.000,1.262,2.042,1.262,2.042,0.000,-1.262,2.042,0.000,1.262,2.042,0.000,0.000,1.262,-2.042,-1.262,2.042,0.000,0.000,1.262,-2.042,-2.042,0.000,-1.262,-1.262,2.042,0.000,-2.042,0.000,-1.262,-2.042,0.000,1.262,-1.262,2.042,0.000,0.000,1.262,2.042,2.042,0.000,1.262,1.262,2.042,0.000,-2.042,0.000,1.262,0.000,-1.262,2.042,0.000,1.262,2.042,-2.042,0.000,-1.262,-1.262,-2.042,0.000,-2.042,0.000,1.262,0.000,1.262,-2.042,0.000,-1.262,-2.042,-2.042,0.000,-1.262,1.262,2.042,0.000,2.042,0.000,-1.262,0.000,1.262,-2.042,2.042,0.000,1.262,0.000,-1.262,2.042,1.262,-2.042,0.000,0.000,-1.262,2.042,-1.262,-2.042,0.000,1.262,-2.042,0.000,-1.262,-2.042,0.000,0.000,-1.262,-2.042,1.262,-2.042,0.000,0.000,-1.262,-2.042,2.042,0.000,-1.262,1.262,-2.042,0.000,2.042,0.000,-1.262,2.042,0.000,1.262,1.262,-2.042,0.000,2.042,0.000,1.262,0.000,1.262,2.042,0.000,-1.262,2.042,0.000,-1.262,2.042,-2.042,0.000,1.262,-1.262,-2.042,0.000,-1.262,-2.042,0.000,-2.042,0.000,-1.262,0.000,-1.262,-2.042,0.000,-1.262,-2.042,0.000,1.262,-2.042,2.042,0.000,-1.262,2.042,0.000,-1.262,1.262,2.042,0.000,2.042,0.000,1.262;0.533,0.048,0.954,0.000,-0.006,0.822,-0.038,0.000,-0.832,0.015,0.464,0.000,-154.800,4.517,-712.000,1.000,1.193,0.041,-0.656,0.000,-0.057,1.131,-0.034,0.000,0.628,0.066,1.146,0.000,-125.200,5.688,-712.000,1.000,0.356,0.007,-0.891,0.000,0.012,0.714,0.010,0.000,1.051,-0.023,0.420,0.000,-125.200,4.701,-686.000,1.000,0.898,-0.005,0.442,0.000,0.022,0.947,-0.034,0.000,-0.587,0.057,1.192,0.000,-154.800,5.497,-660.000,1.000,-0.586,0.072,-1.093,0.000,0.016,0.857,0.048,0.000,0.797,0.009,-0.427,0.000,-125.200,5.058,-608.000,1.000,0.954,0.013,0.325,0.000,-0.037,1.115,0.064,0.000,-0.404,-0.082,1.192,0.000,-154.800,5.531,-582.000,1.000,-0.983,0.068,-0.158,0.000,0.046,0.790,0.053,0.000,0.120,0.042,-0.731,0.000,-125.200,4.360,-582.000,1.000,-0.860,0.023,0.564,0.000,0.039,0.804,0.027,0.000,-0.504,0.050,-0.770,0.000,-125.200,4.643,-556.000,1.000;ffffff
Mesh;60;685;-1.446,0.000,0.894,0.000,0.894,1.446,-0.894,1.446,0.000,0.000,0.894,1.446,0.894,1.446,0.000,-0.894,1.446,0.000,0.894,1.446,0.000,0.000,0.894,-1.446,-0.894,1.446,0.000,0.000,0.894,-1.446,-1.446,0.000,-0.894,-0.894,1.446,0.000,-1.446,0.000,-0.894,-1.446,0.000,0.894,-0.894,1.446,0.000,0.000,0.894,1.446,1.446,0.000,0.894,0.894,1.446,0.000,-1.446,0.000,0.894,0.000,-0.894,1.446,0.000,0.894,1.446,-1.446,0.000,-0.894,-0.894,-1.446,0.000,-1.446,0.000,0.894,0.000,0.894,-1.446,0.000,-0.894,-1.446,-1.446,0.000,-0.894,0.894,1.446,0.000,1.446,0.000,-0.894,0.000,0.894,-1.446,1.446,0.000,0.894,0.000,-0.894,1.446,0.894,-1.446,0.000,0.000,-0.894,1.446,-0.894,-1.446,0.000,0.894,-1.446,0.000,-0.894,-1.446,0.000,0.000,-0.894,-1.446,0.894,-1.446,0.000,0.000,-0.894,-1.446,1.446,0.000,-0.894,0.894,-1.446,0.000,1.446,0.000,-0.894,1.446,0.000,0.894,0.894,-1.446,0.000,1.446,0.000,0.894,0.000,0.894,1.446,0.000,-0.894,1.446,0.000,-0.894,1.446,-1.446,0.000,0.894,-0.894,-1.446,0.000,-0.894,-1.446,0.000,-1.446,0.000,-0.894,0.000,-0.894,-1.446,0.000,-0.894,-1.446,0.000,0.894,-1.446,1.446,0.000,-0.894,1.446,0.000,-0.894,0.894,1.446,0.000,1.446,0.000,0.894;0.588,0.064,0.580,0.000,-0.038,0.895,-0.060,0.000,-0.793,0.021,0.801,0.000,-153.898,5.782,-713.016,1.000,0.999,-0.026,-0.054,0.000,0.027,0.996,0.025,0.000,0.061,-0.030,1.140,0.000,-125.463,7.280,-713.225,1.000,-0.032,-0.020,-1.107,0.000,-0.002,0.909,-0.016,0.000,1.058,0.001,-0.031,0.000,-126.212,6.017,-686.367,1.000,0.098,0.098,-1.312,0.000,-0.004,0.947,0.071,0.000,1.169,-0.001,0.087,0.000,-153.855,7.036,-660.924,1.000,0.313,-0.048,-0.830,0.000,0.011,0.903,-0.048,0.000,0.801,0.007,0.302,0.000,-125.580,6.475,-607.276,1.000,0.254,0.062,0.904,0.000,-0.008,0.986,-0.065,0.000,-1.327,0.013,0.372,0.000,-153.328,7.080,-581.531,1.000,0.603,-0.089,0.581,0.000,0.038,0.806,0.084,0.000,-0.594,-0.036,0.611,0.000,-124.141,5.581,-581.984,1.000,-0.245,0.034,-0.702,0.000,-0.002,0.774,0.038,0.000,0.818,0.016,-0.284,0.000,-124.178,5.943,-555.624,1.000;ffffff
Mesh;60;685;-1.446,0.000,0.894,0.000,0.894,1.446,-0.894,1.446,0.000,0.000,0.894,1.446,0.894,1.446,0.000,-0.894,1.446,0.000,0.894,1.446,0.000,0.000,0.894,-1.446,-0.894,1.446,0.000,0.000,0.894,-1.446,-1.446,0.000,-0.894,-0.894,1.446,0.000,-1.446,0.000,-0.894,-1.446,0.000,0.894,-0.894,1.446,0.000,0.000,0.894,1.446,1.446,0.000,0.894,0.894,1.446,0.000,-1.446,0.000,0.894,0.000,-0.894,1.446,0.000,0.894,1.446,-1.446,0.000,-0.894,-0.894,-1.446,0.000,-1.446,0.000,0.894,0.000,0.894,-1.446,0.000,-0.894,-1.446,-1.446,0.000,-0.894,0.894,1.446,0.000,1.446,0.000,-0.894,0.000,0.894,-1.446,1.446,0.000,0.894,0.000,-0.894,1.446,0.894,-1.446,0.000,0.000,-0.894,1.446,-0.894,-1.446,0.000,0.894,-1.446,0.000,-0.894,-1.446,0.000,0.000,-0.894,-1.446,0.894,-1.446,0.000,0.000,-0.894,-1.446,1.446,0.000,-0.894,0.894,-1.446,0.000,1.446,0.000,-0.894,1.446,0.000,0.894,0.894,-1.446,0.000,1.446,0.000,0.894,0.000,0.894,1.446,0.000,-0.894,1.446,0.000,-0.894,1.446,-1.446,0.000,0.894,-0.894,-1.446,0.000,-0.894,-1.446,0.000,-1.446,0.000,-0.894,0.000,-0.894,-1.446,0.000,-0.894,-1.446,0.000,0.894,-1.446,1.446,0.000,-0.894,1.446,0.000,-0.894,0.894,1.446,0.000,1.446,0.000,0.894;-0.919,-0.076,0.618,0.000,-0.038,0.725,0.033,0.000,-0.613,0.009,-0.911,0.000,-154.784,3.795,-713.907,1.000,-1.043,0.073,0.092,0.000,0.071,1.080,-0.055,0.000,-0.116,-0.057,-1.270,0.000,-127.200,4.778,-710.201,1.000,-0.097,-0.103,0.866,0.000,-0.004,0.766,0.090,0.000,-0.971,0.007,-0.108,0.000,-126.667,3.948,-685.161,1.000,0.981,0.055,-0.812,0.000,-0.045,0.841,0.002,0.000,0.858,0.044,1.040,0.000,-157.534,4.618,-662.342,1.000,-0.130,-0.064,-1.018,0.000,-0.005,0.690,-0.043,0.000,1.240,-0.001,-0.159,0.000,-122.654,4.249,-608.917,1.000,0.165,0.020,-0.898,0.000,-0.006,1.042,0.022,0.000,1.326,0.002,0.244,0.000,-156.218,4.646,-584.212,1.000,0.625,0.016,-0.865,0.000,-0.022,0.754,-0.001,0.000,0.855,0.025,0.617,0.000,-124.942,3.663,-581.796,1.000,0.423,-0.099,1.009,0.000,0.011,0.670,0.061,0.000,-1.070,-0.024,0.446,0.000,-127.547,3.900,-554.515,1.000;ffffff
Mesh;60;685;-1.446,0.000,0.894,0.000,0.894,1.446,-0.894,1.446,0.000,0.000,0.894,1.446,0.894,1.446,0.000,-0.894,1.446,0.000,0.894,1.446,0.000,0.000,0.894,-1.446,-0.894,1.446,0.000,0.000,0.894,-1.446,-1.446,0.000,-0.894,-0.894,1.446,0.000,-1.446,0.000,-0.894,-1.446,0.000,0.894,-0.894,1.446,0.000,0.000,0.894,1.446,1.446,0.000,0.894,0.894,1.446,0.000,-1.446,0.000,0.894,0.000,-0.894,1.446,0.000,0.894,1.446,-1.446,0.000,-0.894,-0.894,-1.446,0.000,-1.446,0.000,0.894,0.000,0.894,-1.446,0.000,-0.894,-1.446,-1.446,0.000,-0.894,0.894,1.446,0.000,1.446,0.000,-0.894,0.000,0.894,-1.446,1.446,0.000,0.894,0.000,-0.894,1.446,0.894,-1.446,0.000,0.000,-0.894,1.446,-0.894,-1.446,0.000,0.894,-1.446,0.000,-0.894,-1.446,0.000,0.000,-0.894,-1.446,0.894,-1.446,0.000,0.000,-0.894,-1.446,1.446,0.000,-0.894,0.894,-1.446,0.000,1.446,0.000,-0.894,1.446,0.000,0.894,0.894,-1.446,0.000,1.446,0.000,0.894,0.000,0.894,1.446,0.000,-0.894,1.446,0.000,-0.894,1.446,-1.446,0.000,0.894,-0.894,-1.446,0.000,-0.894,-1.446,0.000,-1.446,0.000,-0.894,0.000,-0.894,-1.446,0.000,-0.894,-1.446,0.000,0.894,-1.446,1.446,0.000,-0.894,1.446,0.000,-0.894,0.894,1.446,0.000,1.446,0.000,0.894;0.033,0.060,0.763,0.000,-0.001,0.688,-0.054,0.000,-0.919,0.002,0.040,0.000,-156.378,4.879,-713.057,1.000,-1.062,0.051,-0.419,0.000,0.025,1.007,0.060,0.000,0.445,0.055,-1.123,0.000,-128.018,6.143,-714.742,1.000,0.129,0.071,1.059,0.000,-0.001,0.707,-0.047,0.000,-1.073,0.008,0.130,0.000,-123.589,5.077,-684.144,1.000,-0.139,0.089,-1.265,0.000,0.004,0.981,0.068,0.000,1.169,0.004,-0.129,0.000,-152.374,5.937,-662.767,1.000,0.831,0.018,0.378,0.000,0.003,0.705,-0.039,0.000,-0.359,0.045,0.787,0.000,-125.427,5.463,-609.473,1.000,0.909,-0.054,0.177,0.000,0.047,0.960,0.053,0.000,-0.177,-0.041,0.900,0.000,-153.843,5.974,-582.966,1.000,-0.802,0.027,-0.221,0.000,0.015,0.758,0.039,0.000,0.278,0.046,-1.001,0.000,-122.429,4.709,-583.788,1.000,-0.043,-0.029,-1.108,0.000,0.000,0.641,-0.017,0.000,1.055,-0.001,-0.041,0.000,-124.476,5.014,-558.506,1.000;ffffff
Mesh;40;163;0.000,4.600,0.260,0.225,4.600,0.130,0.225,4.600,-0.130,0.000,4.600,-0.260,-0.225,4.600,-0.130,-0.225,4.600,0.130,-0.000,4.600,0.260,0.000,0.000,0.500,0.433,0.000,0.250,0.433,0.000,-0.250,0.000,0.000,-0.500,-0.433,0.000,-0.250,-0.433,0.000,0.250,-0.000,0.000,0.500,0.000,4.600,0.000,0.000,4.600,0.000,0.000,4.600,0.000,0.000,4.600,0.000,0.000,4.600,0.000,0.000,4.600,0.000,0.000,4.600,0.260,0.225,4.600,0.130,0.225,4.600,-0.130,0.000,4.600,-0.260,-0.225,4.600,-0.130,-0.225,4.600,0.130,-0.000,4.600,0.260,0.000,0.000,0.000,0.000,0.000,0.000,0.000,0.000,0.000,0.000,0.000,0.000,0.000,0.000,0.000,0.000,0.000,0.000,0.000,0.000,0.500,0.433,0.000,0.250,0.433,0.000,-0.250,0.000,0.000,-0.500,-0.433,0.000,-0.250,-0.433,0.000,0.250,-0.000,0.000,0.500;0.042,-0.049,1.028,0.000,0.001,1.208,0.058,0.000,-1.047,-0.001,0.043,0.000,-722.455,0.000,452.932,1.000,1.384,0.100,0.711,0.000,-0.108,1.753,-0.037,0.000,-0.851,-0.017,1.660,0.000,-734.422,0.000,378.066,1.000,0.064,-0.073,1.726,0.000,0.002,1.525,0.064,0.000,-2.298,-0.000,0.085,0.000,-779.303,0.000,-615.399,1.000,1.443,0.075,0.225,0.000,-0.077,1.525,-0.016,0.000,-0.292,0.005,1.868,0.000,-750.907,0.000,196.100,1.000,-1.915,0.037,-0.391,0.000,0.048,1.867,-0.058,0.000,0.306,-0.055,-1.501,0.000,-718.826,0.000,-513.667,1.000,-0.944,-0.058,-0.222,0.000,-0.060,0.936,0.009,0.000,0.258,0.027,-1.104,0.000,-791.630,0.000,660.781,1.000,0.923,0.103,-1.012,0.000,-0.032,1.051,0.078,0.000,0.709,-0.026,0.644,0.000,-753.575,0.000,-586.720,1.000,1.399,-0.146,-1.463,0.000,0.044,1.962,-0.153,0.000,1.084,0.056,1.031,0.000,-722.825,0.000,663.843,1.000;d8d2c8T1024
Mesh;31;163;0.000,4.100,0.000,0.000,4.100,0.000,0.000,4.100,0.000,0.000,4.100,0.000,0.000,4.100,0.000,0.000,4.100,0.000,0.000,4.100,0.000,0.000,4.100,0.000,0.000,-4.100,2.000,1.564,-4.100,1.247,1.950,-4.100,-0.445,0.868,-4.100,-1.802,-0.868,-4.100,-1.802,-1.950,-4.100,-0.445,-1.564,-4.100,1.247,-0.000,-4.100,2.000,0.000,-4.100,0.000,0.000,-4.100,0.000,0.000,-4.100,0.000,0.000,-4.100,0.000,0.000,-4.100,0.000,0.000,-4.100,0.000,0.000,-4.100,0.000,0.000,-4.100,2.000,1.564,-4.100,1.247,1.950,-4.100,-0.445,0.868,-4.100,-1.802,-0.868,-4.100,-1.802,-1.950,-4.100,-0.445,-1.564,-4.100,1.247,-0.000,-4.100,2.000;1.266,-0.035,0.020,0.000,0.025,0.944,0.059,0.000,-0.022,-0.076,1.221,0.000,-722.455,4.807,452.932,1.000,1.157,-0.078,1.157,0.000,0.012,1.610,0.096,0.000,-1.221,-0.063,1.216,0.000,-734.422,6.609,378.066,1.000,-1.418,-0.127,-0.798,0.000,-0.076,1.913,-0.170,0.000,0.934,-0.109,-1.642,0.000,-779.303,8.244,-615.399,1.000,1.772,0.106,-0.442,0.000,-0.112,1.979,0.026,0.000,0.352,0.001,1.411,0.000,-750.907,7.814,196.100,1.000,-0.873,-0.213,1.832,0.000,-0.036,1.909,0.204,0.000,-1.800,0.057,-0.851,0.000,-718.826,7.646,-513.667,1.000,-0.332,-0.035,-0.998,0.000,-0.019,1.206,-0.036,0.000,0.824,0.005,-0.274,0.000,-791.630,4.641,660.781,1.000,0.847,0.083,-0.625,0.000,-0.064,1.211,0.075,0.000,0.582,-0.018,0.786,0.000,-753.575,5.131,-586.720,1.000,0.018,-0.095,-1.543,0.000,-0.000,1.576,-0.097,0.000,1.648,0.001,0.020,0.000,-722.825,7.990,663.843,1.000;ffffff
Mesh;31;163;0.000,2.700,0.000,0.000,2.700,0.000,0.000,2.700,0.000,0.000,2.700,0.000,0.000,2.700,0.000,0.000,2.700,0.000,0.000,2.700,0.000,0.000,2.700,0.000,0.000,-2.700,1.300,1.016,-2.700,0.811,1.267,-2.700,-0.289,0.564,-2.700,-1.171,-0.564,-2.700,-1.171,-1.267,-2.700,-0.289,-1.016,-2.700,0.811,-0.000,-2.700,1.300,0.000,-2.700,0.000,0.000,-2.700,0.000,0.000,-2.700,0.000,0.000,-2.700,0.000,0.000,-2.700,0.000,0.000,-2.700,0.000,0.000,-2.700,0.000,0.000,-2.700,1.300,1.016,-2.700,0.811,1.267,-2.700,-0.289,0.564,-2.700,-1.171,-0.564,-2.700,-1.171,-1.267,-2.700,-0.289,-1.016,-2.700,0.811,-0.000,-2.700,1.300;-1.075,-0.021,0.097,0.000,-0.022,1.032,-0.015,0.000,-0.107,-0.020,-1.190,0.000,-722.147,8.304,452.938,1.000,-1.012,0.053,0.999,0.000,0.023,1.576,-0.062,0.000,-1.226,-0.031,-1.240,0.000,-734.513,11.415,377.828,1.000,-0.672,0.059,1.617,0.000,-0.014,1.744,-0.070,0.000,-1.857,-0.046,-0.770,0.000,-779.572,14.240,-615.663,1.000,0.064,0.104,2.164,0.000,-0.001,1.544,-0.074,0.000,-2.046,0.002,0.060,0.000,-750.923,13.497,195.570,1.000,1.357,-0.036,0.929,0.000,0.095,1.945,-0.063,0.000,-1.034,0.100,1.515,0.000,-719.054,13.207,-513.637,1.000,-0.586,0.001,-0.910,0.000,-0.002,1.118,0.002,0.000,0.995,0.003,-0.641,0.000,-791.509,8.016,660.690,1.000,-0.414,-0.005,-1.006,0.000,-0.026,1.004,0.006,0.000,1.008,0.029,-0.415,0.000,-753.458,8.862,-586.535,1.000,0.874,0.122,-1.333,0.000,-0.030,1.773,0.143,0.000,1.846,-0.066,1.204,0.000,-723.257,13.801,663.963,1.000;ffffff
Mesh;40;302;0.000,4.600,0.260,0.225,4.600,0.130,0.225,4.600,-0.130,0.000,4.600,-0.260,-0.225,4.600,-0.130,-0.225,4.600,0.130,-0.000,4.600,0.260,0.000,0.000,0.500,0.433,0.000,0.250,0.433,0.000,-0.250,0.000,0.000,-0.500,-0.433,0.000,-0.250,-0.433,0.000,0.250,-0.000,0.000,0.500,0.000,4.600,0.000,0.000,4.600,0.000,0.000,4.600,0.000,0.000,4.600,0.000,0.000,4.600,0.000,0.000,4.600,0.000,0.000,4.600,0.260,0.225,4.600,0.130,0.225,4.600,-0.130,0.000,4.600,-0.260,-0.225,4.600,-0.130,-0.225,4.600,0.130,-0.000,4.600,0.260,0.000,0.000,0.000,0.000,0.000,0.000,0.000,0.000,0.000,0.000,0.000,0.000,0.000,0.000,0.000,0.000,0.000,0.000,0.000,0.000,0.500,0.433,0.000,0.250,0.433,0.000,-0.250,0.000,0.000,-0.500,-0.433,0.000,-0.250,-0.433,0.000,0.250,-0.000,0.000,0.500;0.490,0.070,1.121,0.000,-0.005,1.300,-0.079,0.000,-1.255,0.029,0.547,0.000,-125.200,0.000,-660.000,1.000,0.768,-0.053,0.854,0.000,-0.002,0.918,0.059,0.000,-0.765,-0.046,0.685,0.000,-154.800,0.000,-608.000,1.000,-0.615,0.018,0.867,0.000,0.022,0.925,-0.003,0.000,-0.860,0.019,-0.610,0.000,-154.800,0.000,-556.000,1.000,-0.252,0.003,-0.734,0.000,-0.013,0.794,0.008,0.000,0.805,0.016,-0.277,0.000,-154.800,0.000,-452.000,1.000,-0.044,0.012,-0.963,0.000,0.001,0.921,0.011,0.000,1.244,-0.001,-0.057,0.000,-154.800,0.000,-374.000,1.000,-0.494,-0.071,1.127,0.000,-0.007,1.133,0.069,0.000,-0.921,0.019,-0.402,0.000,-125.200,0.000,-244.000,1.000,-1.373,0.065,0.256,0.000,0.061,1.052,0.058,0.000,-0.240,0.086,-1.309,0.000,-125.200,0.000,-192.000,1.000,0.265,-0.012,0.757,0.000,-0.011,0.755,0.016,0.000,-1.002,-0.022,0.350,0.000,-125.200,0.000,-166.000,1.000;d8d2c8T1024
Mesh;60;302;-2.042,0.000,1.262,0.000,1.262,2.042,-1.262,2.042,0.000,0.000,1.262,2.042,1.262,2.042,0.000,-1.262,2.042,0.000,1.262,2.042,0.000,0.000,1.262,-2.042,-1.262,2.042,0.000,0.000,1.262,-2.042,-2.042,0.000,-1.262,-1.262,2.042,0.000,-2.042,0.000,-1.262,-2.042,0.000,1.262,-1.262,2.042,0.000,0.000,1.262,2.042,2.042,0.000,1.262,1.262,2.042,0.000,-2.042,0.000,1.262,0.000,-1.262,2.042,0.000,1.262,2.042,-2.042,0.000,-1.262,-1.262,-2.042,0.000,-2.042,0.000,1.262,0.000,1.262,-2.042,0.000,-1.262,-2.042,-2.042,0.000,-1.262,1.262,2.042,0.000,2.042,0.000,-1.262,0.000,1.262,-2.042,2.042,0.000,1.262,0.000,-1.262,2.042,1.262,-2.042,0.000,0.000,-1.262,2.042,-1.262,-2.042,0.000,1.262,-2.042,0.000,-1.262,-2.042,0.000,0.000,-1.262,-2.042,1.262,-2.042,0.000,0.000,-1.262,-2.042,2.042,0.000,-1.262,1.262,-2.042,0.000,2.042,0.000,-1.262,2.042,0.000,1.262,1.262,-2.042,0.000,2.042,0.000,1.262,0.000,1.262,2.042,0.000,-1.262,2.042,0.000,-1.262,2.042,-2.042,0.000,1.262,-1.262,-2.042,0.000,-1.262,-2.042,0.000,-2.042,0.000,-1.262,0.000,-1.262,-2.042,0.000,-1.262,-2.042,0.000,1.262,-2.042,2.042,0.000,-1.262,2.042,0.000,-1.262,1.262,2.042,0.000,2.042,0.000,1.262;0.503,0.069,-0.930,0.000,-0.013,1.064,0.072,0.000,0.861,-0.021,0.464,0.000,-125.200,5.452,-660.000,1.000,-0.448,-0.098,-1.164,0.000,-0.019,1.091,-0.084,0.000,1.027,-0.013,-0.394,0.000,-154.800,5.098,-608.000,1.000,0.013,-0.020,1.032,0.000,-0.000,0.924,0.018,0.000,-0.937,-0.000,0.011,0.000,-154.800,4.619,-556.000,1.000,-0.772,0.013,0.551,0.000,0.028,0.859,0.019,0.000,-0.450,0.028,-0.631,0.000,-154.800,4.132,-452.000,1.000,-0.408,-0.063,-1.134,0.000,-0.011,0.927,-0.048,0.000,1.171,-0.008,-0.421,0.000,-154.800,4.970,-374.000,1.000,-0.875,0.008,-0.395,0.000,0.023,0.795,-0.035,0.000,0.446,-0.057,-0.989,0.000,-125.200,4.817,-244.000,1.000,-0.483,0.024,0.763,0.000,0.020,1.092,-0.022,0.000,-0.896,0.005,-0.567,0.000,-125.200,5.377,-192.000,1.000,0.464,0.009,-1.039,0.000,0.022,1.021,0.018,0.000,0.719,-0.021,0.321,0.000,-125.200,4.423,-166.000,1.000;ffffff
Mesh;60;302;-1.446,0.000,0.894,0.000,0.894,1.446,-0.894,1.446,0.000,0.000,0.894,1.446,0.894,1.446,0.000,-0.894,1.446,0.000,0.894,1.446,0.000,0.000,0.894,-1.446,-0.894,1.446,0.000,0.000,0.894,-1.446,-1.446,0.000,-0.894,-0.894,1.446,0.000,-1.446,0.000,-0.894,-1.446,0.000,0.894,-0.894,1.446,0.000,0.000,0.894,1.446,1.446,0.000,0.894,0.894,1.446,0.000,-1.446,0.000,0.894,0.000,-0.894,1.446,0.000,0.894,1.446,-1.446,0.000,-0.894,-0.894,-1.446,0.000,-1.446,0.000,0.894,0.000,0.894,-1.446,0.000,-0.894,-1.446,-1.446,0.000,-0.894,0.894,1.446,0.000,1.446,0.000,-0.894,0.000,0.894,-1.446,1.446,0.000,0.894,0.000,-0.894,1.446,0.894,-1.446,0.000,0.000,-0.894,1.446,-0.894,-1.446,0.000,0.894,-1.446,0.000,-0.894,-1.446,0.000,0.000,-0.894,-1.446,0.894,-1.446,0.000,0.000,-0.894,-1.446,1.446,0.000,-0.894,0.894,-1.446,0.000,1.446,0.000,-0.894,1.446,0.000,0.894,0.894,-1.446,0.000,1.446,0.000,0.894,0.000,0.894,1.446,0.000,-0.894,1.446,0.000,-0.894,1.446,-1.446,0.000,0.894,-0.894,-1.446,0.000,-0.894,-1.446,0.000,-1.446,0.000,-0.894,0.000,-0.894,-1.446,0.000,-0.894,-1.446,0.000,0.894,-1.446,1.446,0.000,-0.894,1.446,0.000,-0.894,0.894,1.446,0.000,1.446,0.000,0.894;0.913,0.031,-1.006,0.000,-0.042,1.193,-0.001,0.000,0.784,0.028,0.713,0.000,-126.509,6.815,-659.569,1.000,-0.920,0.002,0.571,0.000,-0.026,0.983,-0.045,0.000,-0.508,-0.051,-0.818,0.000,-155.731,6.372,-607.451,1.000,-1.068,-0.047,-0.320,0.000,-0.037,0.818,0.001,0.000,0.319,0.016,-1.068,0.000,-155.286,5.773,-556.636,1.000,-0.650,0.002,-0.236,0.000,0.006,0.918,-0.007,0.000,0.334,-0.009,-0.922,0.000,-154.644,5.166,-453.136,1.000,-0.796,0.050,-0.616,0.000,0.041,0.787,0.010,0.000,0.559,-0.020,-0.724,0.000,-155.668,6.212,-372.523,1.000,0.572,0.073,-0.683,0.000,-0.016,0.813,0.073,0.000,0.957,-0.053,0.797,0.000,-125.635,6.021,-243.727,1.000,-1.360,-0.008,0.284,0.000,0.001,0.807,0.027,0.000,-0.267,0.043,-1.281,0.000,-126.205,6.721,-190.541,1.000,-0.885,-0.051,0.657,0.000,-0.005,0.960,0.068,0.000,-0.685,0.062,-0.917,0.000,-124.732,5.529,-165.461,1.000;ffffff
Mesh;60;302;-1.446,0.000,0.894,0.000,0.894,1.446,-0.894,1.446,0.000,0.000,0.894,1.446,0.894,1.446,0.000,-0.894,1.446,0.000,0.894,1.446,0.000,0.000,0.894,-1.446,-0.894,1.446,0.000,0.000,0.894,-1.446,-1.446,0.000,-0.894,-0.894,1.446,0.000,-1.446,0.000,-0.894,-1.446,0.000,0.894,-0.894,1.446,0.000,0.000,0.894,1.446,1.446,0.000,0.894,0.894,1.446,0.000,-1.446,0.000,0.894,0.000,-0.894,1.446,0.000,0.894,1.446,-1.446,0.000,-0.894,-0.894,-1.446,0.000,-1.446,0.000,0.894,0.000,0.894,-1.446,0.000,-0.894,-1.446,-1.446,0.000,-0.894,0.894,1.446,0.000,1.446,0.000,-0.894,0.000,0.894,-1.446,1.446,0.000,0.894,0.000,-0.894,1.446,0.894,-1.446,0.000,0.000,-0.894,1.446,-0.894,-1.446,0.000,0.894,-1.446,0.000,-0.894,-1.446,0.000,0.000,-0.894,-1.446,0.894,-1.446,0.000,0.000,-0.894,-1.446,1.446,0.000,-0.894,0.894,-1.446,0.000,1.446,0.000,-0.894,1.446,0.000,0.894,0.894,-1.446,0.000,1.446,0.000,0.894,0.000,0.894,1.446,0.000,-0.894,1.446,0.000,-0.894,1.446,-1.446,0.000,0.894,-0.894,-1.446,0.000,-0.894,-1.446,0.000,-1.446,0.000,-0.894,0.000,-0.894,-1.446,0.000,-0.894,-1.446,0.000,0.894,-1.446,1.446,0.000,-0.894,1.446,0.000,-0.894,0.894,1.446,0.000,1.446,0.000,0.894;0.937,-0.027,-0.946,0.000,0.043,0.964,0.015,0.000,0.990,-0.059,0.982,0.000,-126.287,4.998,-658.166,1.000,0.514,-0.080,-0.787,0.000,0.034,1.058,-0.085,0.000,0.730,0.015,0.475,0.000,-156.745,4.673,-607.490,1.000,0.749,-0.044,0.484,0.000,0.052,0.969,0.008,0.000,-0.501,0.020,0.776,0.000,-155.412,4.234,-558.299,1.000,-0.574,0.010,-0.554,0.000,-0.001,0.663,0.014,0.000,0.670,0.015,-0.695,0.000,-155.367,3.788,-454.012,1.000,0.831,-0.056,0.288,0.000,0.062,0.983,0.013,0.000,-0.390,0.009,1.126,0.000,-152.940,4.556,-374.672,1.000,-0.136,-0.104,1.101,0.000,-0.004,0.963,0.091,0.000,-0.861,0.007,-0.106,0.000,-124.680,4.415,-242.380,1.000,0.148,0.030,-1.245,0.000,0.003,0.912,0.022,0.000,1.374,-0.008,0.163,0.000,-124.560,4.929,-193.348,1.000,-0.516,0.047,0.976,0.000,0.024,0.784,-0.025,0.000,-0.701,0.010,-0.371,0.000,-126.090,4.055,-164.549,1.000;ffffff
Mesh;40;170;0.000,6.400,0.140,0.121,6.400,0.070,0.121,6.400,-0.070,0.000,6.400,-0.140,-0.121,6.400,-0.070,-0.121,6.400,0.070,-0.000,6.400,0.140,0.000,-0.000,0.240,0.208,-0.000,0.120,0.208,-0.000,-0.120,0.000,-0.000,-0.240,-0.208,-0.000,-0.120,-0.208,-0.000,0.120,-0.000,-0.000,0.240,0.000,6.400,0.000,0.000,6.400,0.000,0.000,6.400,0.000,0.000,6.400,0.000,0.000,6.400,0.000,0.000,6.400,0.000,0.000,6.400,0.140,0.121,6.400,0.070,0.121,6.400,-0.070,0.000,6.400,-0.140,-0.121,6.400,-0.070,-0.121,6.400,0.070,-0.000,6.400,0.140,0.000,-0.000,0.000,0.000,-0.000,0.000,0.000,-0.000,0.000,0.000,-0.000,0.000,0.000,-0.000,0.000,0.000,-0.000,0.000,0.000,-0.000,0.240,0.208,-0.000,0.120,0.208,-0.000,-0.120,0.000,-0.000,-0.240,-0.208,-0.000,-0.120,-0.208,-0.000,0.120,-0.000,-0.000,0.240;0.660,-0.058,-0.857,0.000,0.030,0.910,-0.038,0.000,0.775,-0.000,0.597,0.000,-154.800,0.000,-686.000,1.000,1.013,-0.062,-0.358,0.000,0.048,0.985,-0.035,0.000,0.349,0.018,0.985,0.000,-125.200,0.000,-452.000,1.000,-0.617,-0.007,-0.814,0.000,0.021,1.347,-0.027,0.000,0.999,-0.031,-0.757,0.000,-154.800,0.000,-192.000,1.000,-0.044,-0.097,-0.810,0.000,-0.003,0.754,-0.091,0.000,0.900,-0.003,-0.049,0.000,-154.800,0.000,120.000,1.000,0.991,0.061,-0.221,0.000,-0.051,1.053,0.060,0.000,0.190,-0.039,0.843,0.000,-125.200,0.000,198.000,1.000,-0.437,-0.084,-0.736,0.000,-0.025,0.943,-0.093,0.000,0.809,-0.025,-0.478,0.000,333.800,0.000,-582.000,1.000,0.976,0.046,-0.403,0.000,-0.049,1.184,0.017,0.000,0.354,0.003,0.857,0.000,306.200,0.000,-556.000,1.000,-0.857,-0.011,0.403,0.000,-0.022,0.892,-0.024,0.000,-0.436,-0.035,-0.929,0.000,333.800,0.000,-556.000,1.000;d8d2c8T1024
Mesh;60;170;-1.446,0.000,0.894,0.000,0.894,1.446,-0.894,1.446,0.000,0.000,0.894,1.446,0.894,1.446,0.000,-0.894,1.446,0.000,0.894,1.446,0.000,0.000,0.894,-1.446,-0.894,1.446,0.000,0.000,0.894,-1.446,-1.446,0.000,-0.894,-0.894,1.446,0.000,-1.446,0.000,-0.894,-1.446,0.000,0.894,-0.894,1.446,0.000,0.000,0.894,1.446,1.446,0.000,0.894,0.894,1.446,0.000,-1.446,0.000,0.894,0.000,-0.894,1.446,0.000,0.894,1.446,-1.446,0.000,-0.894,-0.894,-1.446,0.000,-1.446,0.000,0.894,0.000,0.894,-1.446,0.000,-0.894,-1.446,-1.446,0.000,-0.894,0.894,1.446,0.000,1.446,0.000,-0.894,0.000,0.894,-1.446,1.446,0.000,0.894,0.000,-0.894,1.446,0.894,-1.446,0.000,0.000,-0.894,1.446,-0.894,-1.446,0.000,0.894,-1.446,0.000,-0.894,-1.446,0.000,0.000,-0.894,-1.446,0.894,-1.446,0.000,0.000,-0.894,-1.446,1.446,0.000,-0.894,0.894,-1.446,0.000,1.446,0.000,-0.894,1.446,0.000,0.894,0.894,-1.446,0.000,1.446,0.000,0.894,0.000,0.894,1.446,0.000,-0.894,1.446,0.000,-0.894,1.446,-1.446,0.000,0.894,-0.894,-1.446,0.000,-0.894,-1.446,0.000,-1.446,0.000,-0.894,0.000,-0.894,-1.446,0.000,-0.894,-1.446,0.000,0.894,-1.446,1.446,0.000,-0.894,1.446,0.000,-0.894,0.894,1.446,0.000,1.446,0.000,0.894;-0.597,0.073,0.587,0.000,0.039,0.827,-0.063,0.000,-0.622,-0.019,-0.631,0.000,-154.800,5.988,-686.000,1.000,0.344,-0.003,-0.668,0.000,-0.010,0.862,-0.009,0.000,0.656,0.011,0.338,0.000,-125.200,5.858,-452.000,1.000,-0.570,0.017,-0.945,0.000,0.005,1.133,0.017,0.000,1.122,0.005,-0.677,0.000,-154.800,7.575,-192.000,1.000,-0.336,0.088,0.880,0.000,0.014,0.982,-0.093,0.000,-0.954,-0.021,-0.362,0.000,-154.800,5.532,120.000,1.000,0.111,0.034,-0.895,0.000,-0.003,1.053,0.039,0.000,1.192,-0.002,0.148,0.000,-125.200,6.757,198.000,1.000,-0.891,-0.036,-0.431,0.000,-0.023,0.913,-0.028,0.000,0.330,-0.013,-0.680,0.000,333.800,5.293,-582.000,1.000,-1.108,-0.019,-0.250,0.000,-0.025,0.876,0.044,0.000,0.178,0.045,-0.794,0.000,306.200,6.612,-556.000,1.000,0.998,-0.061,-0.185,0.000,0.070,1.050,0.029,0.000,0.198,-0.043,1.081,0.000,333.800,6.481,-556.000,1.000;ffffff
Mesh;60;170;-1.446,0.000,0.894,0.000,0.894,1.446,-0.894,1.446,0.000,0.000,0.894,1.446,0.894,1.446,0.000,-0.894,1.446,0.000,0.894,1.446,0.000,0.000,0.894,-1.446,-0.894,1.446,0.000,0.000,0.894,-1.446,-1.446,0.000,-0.894,-0.894,1.446,0.000,-1.446,0.000,-0.894,-1.446,0.000,0.894,-0.894,1.446,0.000,0.000,0.894,1.446,1.446,0.000,0.894,0.894,1.446,0.000,-1.446,0.000,0.894,0.000,-0.894,1.446,0.000,0.894,1.446,-1.446,0.000,-0.894,-0.894,-1.446,0.000,-1.446,0.000,0.894,0.000,0.894,-1.446,0.000,-0.894,-1.446,-1.446,0.000,-0.894,0.894,1.446,0.000,1.446,0.000,-0.894,0.000,0.894,-1.446,1.446,0.000,0.894,0.000,-0.894,1.446,0.894,-1.446,0.000,0.000,-0.894,1.446,-0.894,-1.446,0.000,0.894,-1.446,0.000,-0.894,-1.446,0.000,0.000,-0.894,-1.446,0.894,-1.446,0.000,0.000,-0.894,-1.446,1.446,0.000,-0.894,0.894,-1.446,0.000,1.446,0.000,-0.894,1.446,0.000,0.894,0.894,-1.446,0.000,1.446,0.000,0.894,0.000,0.894,1.446,0.000,-0.894,1.446,0.000,-0.894,1.446,-1.446,0.000,0.894,-0.894,-1.446,0.000,-0.894,-1.446,0.000,-1.446,0.000,-0.894,0.000,-0.894,-1.446,0.000,-0.894,-1.446,0.000,0.894,-1.446,1.446,0.000,-0.894,1.446,0.000,-0.894,0.894,1.446,0.000,1.446,0.000,0.894;-0.690,0.043,0.238,0.000,0.058,1.003,-0.014,0.000,-0.273,0.004,-0.792,0.000,-154.205,7.076,-686.083,1.000,-0.334,0.029,-1.032,0.000,0.003,0.900,0.024,0.000,0.791,0.004,-0.255,0.000,-125.450,6.923,-451.780,1.000,-1.333,-0.067,0.255,0.000,-0.053,1.266,0.055,0.000,-0.261,0.048,-1.353,0.000,-154.137,8.952,-192.766,1.000,-0.233,0.014,-0.983,0.000,0.000,0.642,0.009,0.000,0.967,0.003,-0.229,0.000,-154.864,6.538,119.430,1.000,-0.908,0.023,0.097,0.000,0.022,1.029,-0.036,0.000,-0.100,-0.030,-0.929,0.000,-125.076,7.986,198.322,1.000,-0.717,0.034,0.373,0.000,0.021,0.855,-0.039,0.000,-0.378,-0.024,-0.725,0.000,334.385,6.255,-581.730,1.000,-0.331,-0.054,0.846,0.000,-0.023,0.936,0.050,0.000,-0.793,-0.003,-0.311,0.000,306.526,7.814,-556.504,1.000,1.080,-0.058,0.030,0.000,0.054,1.012,0.031,0.000,-0.031,-0.030,1.057,0.000,333.133,7.659,-555.378,1.000;ffffff
Mesh;40;235;0.000,4.600,0.260,0.225,4.600,0.130,0.225,4.600,-0.130,0.000,4.600,-0.260,-0.225,4.600,-0.130,-0.225,4.600,0.130,-0.000,4.600,0.260,0.000,0.000,0.500,0.433,0.000,0.250,0.433,0.000,-0.250,0.000,0.000,-0.500,-0.433,0.000,-0.250,-0.433,0.000,0.250,-0.000,0.000,0.500,0.000,4.600,0.000,0.000,4.600,0.000,0.000,4.600,0.000,0.000,4.600,0.000,0.000,4.600,0.000,0.000,4.600,0.000,0.000,4.600,0.260,0.225,4.600,0.130,0.225,4.600,-0.130,0.000,4.600,-0.260,-0.225,4.600,-0.130,-0.225,4.600,0.130,-0.000,4.600,0.260,0.000,0.000,0.000,0.000,0.000,0.000,0.000,0.000,0.000,0.000,0.000,0.000,0.000,0.000,0.000,0.000,0.000,0.000,0.000,0.000,0.500,0.433,0.000,0.250,0.433,0.000,-0.250,0.000,0.000,-0.500,-0.433,0.000,-0.250,-0.433,0.000,0.250,-0.000,0.000,0.500;0.450,0.096,1.323,0.000,-0.032,1.608,-0.106,0.000,-1.570,0.004,0.534,0.000,780.256,0.000,-34.908,1.000,-1.342,-0.100,0.238,0.000,-0.079,1.252,0.082,0.000,-0.250,0.075,-1.379,0.000,601.485,0.000,243.580,1.000,0.727,0.166,-1.779,0.000,-0.028,1.772,0.154,0.000,1.425,-0.027,0.580,0.000,395.406,0.000,-22.801,1.000,1.255,0.014,0.299,0.000,0.000,1.279,-0.060,0.000,-0.327,0.064,1.369,0.000,610.141,0.000,-50.889,1.000,-0.790,-0.033,-0.322,0.000,-0.041,0.930,0.004,0.000,0.404,0.022,-0.995,0.000,537.384,0.000,242.279,1.000,0.372,0.000,0.827,0.000,-0.010,0.949,0.004,0.000,-1.076,-0.014,0.483,0.000,737.386,0.000,232.616,1.000,-1.014,-0.089,-1.000,0.000,-0.025,1.130,-0.075,0.000,0.940,-0.042,-0.949,0.000,372.155,0.000,108.816,1.000,-0.041,-0.012,-1.160,0.000,-0.001,0.893,-0.009,0.000,1.046,0.001,-0.037,0.000,563.832,0.000,-15.916,1.000;d8d2c8T1024
Mesh;31;235;0.000,4.100,0.000,0.000,4.100,0.000,0.000,4.100,0.000,0.000,4.100,0.000,0.000,4.100,0.000,0.000,4.100,0.000,0.000,4.100,0.000,0.000,4.100,0.000,0.000,-4.100,2.000,1.564,-4.100,1.247,1.950,-4.100,-0.445,0.868,-4.100,-1.802,-0.868,-4.100,-1.802,-1.950,-4.100,-0.445,-1.564,-4.100,1.247,-0.000,-4.100,2.000,0.000,-4.100,0.000,0.000,-4.100,0.000,0.000,-4.100,0.000,0.000,-4.100,0.000,0.000,-4.100,0.000,0.000,-4.100,0.000,0.000,-4.100,0.000,0.000,-4.100,2.000,1.564,-4.100,1.247,1.950,-4.100,-0.445,0.868,-4.100,-1.802,-0.868,-4.100,-1.802,-1.950,-4.100,-0.445,-1.564,-4.100,1.247,-0.000,-4.100,2.000;-1.271,-0.057,-0.103,0.000,-0.088,1.773,0.104,0.000,0.127,0.101,-1.617,0.000,780.256,5.456,-34.908,1.000,1.251,0.105,0.804,0.000,-0.048,1.606,-0.134,0.000,-0.683,0.068,1.055,0.000,601.485,5.442,243.580,1.000,0.451,-0.068,-1.819,0.000,0.018,1.765,-0.061,0.000,1.843,-0.003,0.457,0.000,395.406,6.314,-22.801,1.000,0.173,-0.106,1.214,0.000,0.009,1.260,0.108,0.000,-1.455,-0.007,0.207,0.000,610.141,4.795,-50.889,1.000,1.201,0.065,0.364,0.000,-0.049,0.996,-0.015,0.000,-0.306,0.000,1.012,0.000,537.384,3.637,242.279,1.000,0.167,-0.102,1.348,0.000,0.004,1.015,0.077,0.000,-1.285,-0.007,0.159,0.000,737.386,4.012,232.616,1.000,0.372,-0.015,0.934,0.000,0.028,1.245,0.008,0.000,-1.170,0.023,0.466,0.000,372.155,4.399,108.816,1.000,1.137,-0.023,0.450,0.000,0.015,0.845,0.005,0.000,-0.318,0.001,0.804,0.000,563.832,3.787,-15.916,1.000;ffffff
Mesh;31;235;0.000,2.700,0.000,0.000,2.700,0.000,0.000,2.700,0.000,0.000,2.700,0.000,0.000,2.700,0.000,0.000,2.700,0.000,0.000,2.700,0.000,0.000,2.700,0.000,0.000,-2.700,1.300,1.016,-2.700,0.811,1.267,-2.700,-0.289,0.564,-2.700,-1.171,-0.564,-2.700,-1.171,-1.267,-2.700,-0.289,-1.016,-2.700,0.811,-0.000,-2.700,1.300,0.000,-2.700,0.000,0.000,-2.700,0.000,0.000,-2.700,0.000,0.000,-2.700,0.000,0.000,-2.700,0.000,0.000,-2.700,0.000,0.000,-2.700,0.000,0.000,-2.700,1.300,1.016,-2.700,0.811,1.267,-2.700,-0.289,0.564,-2.700,-1.171,-0.564,-2.700,-1.171,-1.267,-2.700,-0.289,-1.016,-2.700,0.811,-0.000,-2.700,1.300;-0.096,-0.093,-1.289,0.000,-0.001,1.355,-0.097,0.000,1.315,-0.006,-0.098,0.000,780.256,9.396,-34.908,1.000,-0.313,0.008,-1.649,0.000,0.016,1.263,0.003,0.000,1.849,-0.022,-0.351,0.000,601.485,9.372,243.580,1.000,0.469,0.062,-1.987,0.000,-0.008,1.660,0.049,0.000,1.787,-0.004,0.422,0.000,395.406,10.873,-22.801,1.000,-0.222,0.120,-1.219,0.000,0.009,1.243,0.121,0.000,1.312,0.014,-0.238,0.000,610.141,8.258,-50.889,1.000,0.330,-0.008,-1.076,0.000,0.015,1.193,-0.005,0.000,0.938,-0.010,0.288,0.000,537.384,6.263,242.279,1.000,0.894,0.118,0.681,0.000,-0.048,0.935,-0.099,0.000,-0.623,0.053,0.809,0.000,737.386,6.910,232.616,1.000,1.078,-0.084,-0.277,0.000,0.085,1.330,-0.073,0.000,0.337,0.049,1.294,0.000,372.155,7.576,108.816,1.000,-0.989,-0.063,-0.211,0.000,-0.082,1.211,0.022,0.000,0.207,0.032,-0.979,0.000,563.832,6.522,-15.916,1.000;ffffff
Mesh;31;235;0.000,1.500,0.000,0.000,1.500,0.000,0.000,1.500,0.000,0.000,1.500,0.000,0.000,1.500,0.000,0.000,1.500,0.000,0.000,1.500,0.000,0.000,1.500,0.000,0.000,-1.500,1.050,0.821,-1.500,0.655,1.024,-1.500,-0.234,0.456,-1.500,-0.946,-0.456,-1.500,-0.946,-1.024,-1.500,-0.234,-0.821,-1.500,0.655,-0.000,-1.500,1.050,0.000,-1.500,0.000,0.000,-1.500,0.000,0.000,-1.500,0.000,0.000,-1.500,0.000,0.000,-1.500,0.000,0.000,-1.500,0.000,0.000,-1.500,0.000,0.000,-1.500,1.050,0.821,-1.500,0.655,1.024,-1.500,-0.234,0.456,-1.500,-0.946,-0.456,-1.500,-0.946,-1.024,-1.500,-0.234,-0.821,-1.500,0.655,-0.000,-1.500,1.050;-0.388,0.118,-1.786,0.000,0.015,1.627,0.104,0.000,1.276,0.006,-0.277,0.000,780.256,12.730,-34.908,1.000,1.360,-0.008,0.330,0.000,0.014,1.505,-0.023,0.000,-0.285,0.020,1.178,0.000,601.485,12.697,243.580,1.000,-0.432,-0.023,2.026,0.000,0.009,1.516,0.019,0.000,-2.002,0.017,-0.427,0.000,395.406,14.732,-22.801,1.000,0.122,-0.002,1.120,0.000,-0.005,1.532,0.003,0.000,-1.088,-0.004,0.118,0.000,610.141,11.188,-50.889,1.000,0.743,0.054,-0.487,0.000,-0.060,1.160,0.037,0.000,0.485,0.002,0.741,0.000,537.384,8.486,242.279,1.000,0.947,-0.001,-0.279,0.000,-0.004,1.173,-0.019,0.000,0.254,0.015,0.863,0.000,737.386,9.362,232.616,1.000,1.126,0.082,0.461,0.000,-0.053,1.010,-0.050,0.000,-0.384,0.026,0.934,0.000,372.155,10.264,108.816,1.000,0.941,-0.115,-0.671,0.000,0.047,0.965,-0.099,0.000,0.691,0.065,0.958,0.000,563.832,8.836,-15.916,1.000;ffffff
Mesh;40;68;0.000,4.600,0.260,0.225,4.600,0.130,0.225,4.600,-0.130,0.000,4.600,-0.260,-0.225,4.600,-0.130,-0.225,4.600,0.130,-0.000,4.600,0.260,0.000,0.000,0.500,0.433,0.000,0.250,0.433,0.000,-0.250,0.000,0.000,-0.500,-0.433,0.000,-0.250,-0.433,0.000,0.250,-0.000,0.000,0.500,0.000,4.600,0.000,0.000,4.600,0.000,0.000,4.600,0.000,0.000,4.600,0.000,0.000,4.600,0.000,0.000,4.600,0.000,0.000,4.600,0.260,0.225,4.600,0.130,0.225,4.600,-0.130,0.000,4.600,-0.260,-0.225,4.600,-0.130,-0.225,4.600,0.130,-0.000,4.600,0.260,0.000,0.000,0.000,0.000,0.000,0.000,0.000,0.000,0.000,0.000,0.000,0.000,0.000,0.000,0.000,0.000,0.000,0.000,0.000,0.000,0.500,0.433,0.000,0.250,0.433,0.000,-0.250,0.000,0.000,-0.500,-0.433,0.000,-0.250,-0.433,0.000,0.250,-0.000,0.000,0.500;-1.128,-0.071,1.082,0.000,-0.069,1.463,0.024,0.000,-1.381,-0.041,-1.442,0.000,694.067,0.000,-16.373,1.000,1.510,0.060,-0.433,0.000,-0.055,1.940,0.077,0.000,0.577,-0.063,2.002,0.000,502.254,0.000,-23.404,1.000,-1.250,-0.101,0.864,0.000,-0.045,1.564,0.117,0.000,-0.923,0.072,-1.327,0.000,362.213,0.000,67.514,1.000,0.287,0.021,-0.674,0.000,-0.029,1.048,0.021,0.000,0.801,0.015,0.342,0.000,726.412,0.000,108.179,1.000,-0.729,-0.004,1.182,0.000,-0.019,1.703,-0.006,0.000,-1.565,-0.021,-0.965,0.000,729.879,0.000,175.268,1.000,1.322,0.051,-0.314,0.000,-0.050,1.206,-0.017,0.000,0.364,0.037,1.541,0.000,387.905,0.000,279.667,1.000,0.871,-0.025,1.143,0.000,0.006,1.530,0.029,0.000,-1.388,-0.014,1.058,0.000,376.267,0.000,171.791,1.000,-0.095,0.012,-0.944,0.000,0.001,0.952,0.012,0.000,1.189,0.000,-0.119,0.000,480.406,0.000,139.836,1.000;d8d2c8T1024
Mesh;60;68;-2.042,0.000,1.262,0.000,1.262,2.042,-1.262,2.042,0.000,0.000,1.262,2.042,1.262,2.042,0.000,-1.262,2.042,0.000,1.262,2.042,0.000,0.000,1.262,-2.042,-1.262,2.042,0.000,0.000,1.262,-2.042,-2.042,0.000,-1.262,-1.262,2.042,0.000,-2.042,0.000,-1.262,-2.042,0.000,1.262,-1.262,2.042,0.000,0.000,1.262,2.042,2.042,0.000,1.262,1.262,2.042,0.000,-2.042,0.000,1.262,0.000,-1.262,2.042,0.000,1.262,2.042,-2.042,0.000,-1.262,-1.262,-2.042,0.000,-2.042,0.000,1.262,0.000,1.262,-2.042,0.000,-1.262,-2.042,-2.042,0.000,-1.262,1.262,2.042,0.000,2.042,0.000,-1.262,0.000,1.262,-2.042,2.042,0.000,1.262,0.000,-1.262,2.042,1.262,-2.042,0.000,0.000,-1.262,2.042,-1.262,-2.042,0.000,1.262,-2.042,0.000,-1.262,-2.042,0.000,0.000,-1.262,-2.042,1.262,-2.042,0.000,0.000,-1.262,-2.042,2.042,0.000,-1.262,1.262,-2.042,0.000,2.042,0.000,-1.262,2.042,0.000,1.262,1.262,-2.042,0.000,2.042,0.000,1.262,0.000,1.262,2.042,0.000,-1.262,2.042,0.000,-1.262,2.042,-2.042,0.000,1.262,-1.262,-2.042,0.000,-1.262,-2.042,0.000,-2.042,0.000,-1.262,0.000,-1.262,-2.042,0.000,-1.262,-2.042,0.000,1.262,-2.042,2.042,0.000,-1.262,2.042,0.000,-1.262,1.262,2.042,0.000,2.042,0.000,1.262;-1.830,0.091,0.320,0.000,0.078,1.468,0.032,0.000,-0.305,0.055,-1.762,0.000,694.067,7.614,-16.373,1.000,-0.107,-0.093,1.389,0.000,-0.000,1.440,0.097,0.000,-2.112,0.011,-0.161,0.000,502.254,7.810,-23.404,1.000,-0.745,0.011,0.964,0.000,0.013,1.270,-0.004,0.000,-1.100,0.009,-0.851,0.000,362.213,6.353,67.514,1.000,-0.879,0.006,0.340,0.000,0.014,0.721,0.024,0.000,-0.270,0.028,-0.697,0.000,726.412,4.142,108.179,1.000,0.736,0.018,1.603,0.000,0.028,1.441,-0.029,0.000,-1.960,0.056,0.899,0.000,729.879,7.944,175.268,1.000,0.429,-0.138,1.240,0.000,0.027,1.645,0.174,0.000,-1.515,-0.030,0.521,0.000,387.905,6.860,279.667,1.000,-1.293,-0.102,1.257,0.000,-0.043,1.732,0.096,0.000,-1.336,0.043,-1.371,0.000,376.267,7.471,171.791,1.000,0.039,0.013,0.961,0.000,-0.002,0.899,-0.012,0.000,-0.910,-0.001,0.037,0.000,480.406,5.209,139.836,1.000;ffffff
Mesh;60;68;-1.446,0.000,0.894,0.000,0.894,1.446,-0.894,1.446,0.000,0.000,0.894,1.446,0.894,1.446,0.000,-0.894,1.446,0.000,0.894,1.446,0.000,0.000,0.894,-1.446,-0.894,1.446,0.000,0.000,0.894,-1.446,-1.446,0.000,-0.894,-0.894,1.446,0.000,-1.446,0.000,-0.894,-1.446,0.000,0.894,-0.894,1.446,0.000,0.000,0.894,1.446,1.446,0.000,0.894,0.894,1.446,0.000,-1.446,0.000,0.894,0.000,-0.894,1.446,0.000,0.894,1.446,-1.446,0.000,-0.894,-0.894,-1.446,0.000,-1.446,0.000,0.894,0.000,0.894,-1.446,0.000,-0.894,-1.446,-1.446,0.000,-0.894,0.894,1.446,0.000,1.446,0.000,-0.894,0.000,0.894,-1.446,1.446,0.000,0.894,0.000,-0.894,1.446,0.894,-1.446,0.000,0.000,-0.894,1.446,-0.894,-1.446,0.000,0.894,-1.446,0.000,-0.894,-1.446,0.000,0.000,-0.894,-1.446,0.894,-1.446,0.000,0.000,-0.894,-1.446,1.446,0.000,-0.894,0.894,-1.446,0.000,1.446,0.000,-0.894,1.446,0.000,0.894,0.894,-1.446,0.000,1.446,0.000,0.894,0.000,0.894,1.446,0.000,-0.894,1.446,0.000,-0.894,1.446,-1.446,0.000,0.894,-0.894,-1.446,0.000,-0.894,-1.446,0.000,-1.446,0.000,-0.894,0.000,-0.894,-1.446,0.000,-0.894,-1.446,0.000,0.894,-1.446,1.446,0.000,-0.894,1.446,0.000,-0.894,0.894,1.446,0.000,1.446,0.000,0.894;1.105,0.078,-1.250,0.000,-0.022,1.696,0.086,0.000,1.051,-0.033,0.927,0.000,691.637,9.600,-14.285,1.000,-1.055,-0.093,-1.372,0.000,-0.010,1.404,-0.088,0.000,1.407,-0.058,-1.077,0.000,500.850,9.847,-22.833,1.000,0.185,0.137,1.610,0.000,-0.008,1.234,-0.104,0.000,-1.351,0.005,0.155,0.000,361.227,8.011,65.637,1.000,0.242,0.009,-0.822,0.000,-0.014,0.923,0.006,0.000,0.754,0.010,0.222,0.000,725.650,5.223,109.517,1.000,0.805,-0.051,-1.793,0.000,-0.010,1.434,-0.045,0.000,1.272,0.027,0.570,0.000,728.618,10.017,174.676,1.000,0.369,0.119,1.651,0.000,-0.008,1.368,-0.097,0.000,-1.255,0.013,0.279,0.000,385.673,8.649,278.557,1.000,-1.423,-0.067,0.721,0.000,-0.081,1.373,-0.034,0.000,-0.828,-0.090,-1.642,0.000,374.437,9.420,171.382,1.000,1.173,0.088,0.630,0.000,-0.033,1.002,-0.079,0.000,-0.639,0.072,1.180,0.000,481.242,6.568,141.147,1.000;ffffff
Mesh;60;68;-1.446,0.000,0.894,0.000,0.894,1.446,-0.894,1.446,0.000,0.000,0.894,1.446,0.894,1.446,0.000,-0.894,1.446,0.000,0.894,1.446,0.000,0.000,0.894,-1.446,-0.894,1.446,0.000,0.000,0.894,-1.446,-1.446,0.000,-0.894,-0.894,1.446,0.000,-1.446,0.000,-0.894,-1.446,0.000,0.894,-0.894,1.446,0.000,0.000,0.894,1.446,1.446,0.000,0.894,0.894,1.446,0.000,-1.446,0.000,0.894,0.000,-0.894,1.446,0.000,0.894,1.446,-1.446,0.000,-0.894,-0.894,-1.446,0.000,-1.446,0.000,0.894,0.000,0.894,-1.446,0.000,-0.894,-1.446,-1.446,0.000,-0.894,0.894,1.446,0.000,1.446,0.000,-0.894,0.000,0.894,-1.446,1.446,0.000,0.894,0.000,-0.894,1.446,0.894,-1.446,0.000,0.000,-0.894,1.446,-0.894,-1.446,0.000,0.894,-1.446,0.000,-0.894,-1.446,0.000,0.000,-0.894,-1.446,0.894,-1.446,0.000,0.000,-0.894,-1.446,1.446,0.000,-0.894,0.894,-1.446,0.000,1.446,0.000,-0.894,1.446,0.000,0.894,0.894,-1.446,0.000,1.446,0.000,0.894,0.000,0.894,1.446,0.000,-0.894,1.446,0.000,-0.894,1.446,-1.446,0.000,0.894,-0.894,-1.446,0.000,-0.894,-1.446,0.000,-1.446,0.000,-0.894,0.000,-0.894,-1.446,0.000,-0.894,-1.446,0.000,0.894,-1.446,1.446,0.000,-0.894,1.446,0.000,-0.894,0.894,1.446,0.000,1.446,0.000,0.894;-1.181,-0.025,-1.120,0.000,0.008,1.598,-0.043,0.000,1.086,-0.036,-1.145,0.000,696.733,6.621,-16.518,1.000,-1.201,0.124,1.299,0.000,0.081,1.698,-0.087,0.000,-1.018,0.000,-0.942,0.000,504.346,6.791,-21.212,1.000,1.032,0.023,0.615,0.000,-0.033,1.302,0.008,0.000,-0.733,-0.026,1.231,0.000,359.939,5.525,69.163,1.000,-0.108,-0.079,-0.814,0.000,-0.005,0.782,-0.075,0.000,0.762,-0.004,-0.101,0.000,727.659,3.602,106.052,1.000,0.597,-0.161,-1.664,0.000,0.027,1.331,-0.119,0.000,2.028,0.023,0.725,0.000,732.026,6.908,175.645,1.000,1.426,-0.114,-0.451,0.000,0.067,1.238,-0.102,0.000,0.402,0.081,1.251,0.000,387.747,5.965,277.528,1.000,0.398,0.062,-1.677,0.000,-0.007,1.520,0.055,0.000,1.418,-0.006,0.336,0.000,378.196,6.497,169.255,1.000,-0.443,0.010,0.997,0.000,0.030,1.070,0.003,0.000,-1.174,0.035,-0.522,0.000,480.375,4.530,139.328,1.000;ffffff
Mesh;60;224;-0.851,0.000,0.526,0.000,0.379,0.851,-0.526,0.612,0.000,0.000,0.379,0.851,0.526,0.612,0.000,-0.526,0.612,0.000,0.526,0.612,0.000,0.000,0.379,-0.851,-0.526,0.612,0.000,0.000,0.379,-0.851,-0.851,0.000,-0.526,-0.526,0.612,0.000,-0.851,0.000,-0.526,-0.851,0.000,0.526,-0.526,0.612,0.000,0.000,0.379,0.851,0.851,0.000,0.526,0.526,0.612,0.000,-0.851,0.000,0.526,0.000,-0.379,0.851,0.000,0.379,0.851,-0.851,0.000,-0.526,-0.526,-0.612,0.000,-0.851,0.000,0.526,0.000,0.379,-0.851,0.000,-0.379,-0.851,-0.851,0.000,-0.526,0.526,0.612,0.000,0.851,0.000,-0.526,0.000,0.379,-0.851,0.851,0.000,0.526,0.000,-0.379,0.851,0.526,-0.612,0.000,0.000,-0.379,0.851,-0.526,-0.612,0.000,0.526,-0.612,0.000,-0.526,-0.612,0.000,0.000,-0.379,-0.851,0.526,-0.612,0.000,0.000,-0.379,-0.851,0.851,0.000,-0.526,0.526,-0.612,0.000,0.851,0.000,-0.526,0.851,0.000,0.526,0.526,-0.612,0.000,0.851,0.000,0.526,0.000,0.379,0.851,0.000,-0.379,0.851,0.000,-0.379,0.851,-0.851,0.000,0.526,-0.526,-0.612,0.000,-0.526,-0.612,0.000,-0.851,0.000,-0.526,0.000,-0.379,-0.851,0.000,-0.379,-0.851,0.000,0.379,-0.851,0.851,0.000,-0.526,0.851,0.000,-0.526,0.526,0.612,0.000,0.851,0.000,0.526;-0.993,0.000,-0.655,0.000,0.000,0.894,0.000,0.000,0.537,0.000,-0.815,0.000,-524.044,0.447,-578.400,1.000,0.427,0.000,0.882,0.000,0.000,1.058,0.000,0.000,-1.202,0.000,0.583,0.000,-515.241,0.529,-578.400,1.000,-0.451,0.000,-0.468,0.000,0.000,0.752,0.000,0.000,0.746,0.000,-0.720,0.000,-505.763,0.376,-578.400,1.000,0.137,0.000,-1.060,0.000,0.000,1.020,0.000,0.000,1.281,0.000,0.166,0.000,-495.790,0.510,-578.400,1.000,1.044,0.000,0.224,0.000,0.000,0.876,0.000,0.000,-0.152,0.000,0.708,0.000,-489.275,0.438,-578.400,1.000,-0.149,0.000,1.151,0.000,0.000,0.964,0.000,0.000,-0.873,0.000,-0.113,0.000,-478.001,0.482,-578.400,1.000,-0.113,0.000,-0.859,0.000,0.000,0.967,0.000,0.000,1.325,0.000,-0.174,0.000,-471.401,0.484,-578.400,1.000,0.346,0.000,-0.491,0.000,0.000,0.690,0.000,0.000,0.778,0.000,0.548,0.000,-461.054,0.345,-578.400,1.000;ffffff
Mesh;96;490;2.250,0.930,0.930,2.250,0.930,-0.930,2.250,0.310,0.930,2.250,0.310,-0.930,-2.250,0.930,-0.930,-2.250,0.930,0.930,-2.250,0.310,-0.930,-2.250,0.310,0.930,-2.250,0.930,-0.930,2.250,0.930,-0.930,-2.250,0.930,0.930,2.250,0.930,0.930,-2.250,0.310,0.930,2.250,0.310,0.930,-2.250,0.310,-0.930,2.250,0.310,-0.930,-2.250,0.930,0.930,2.250,0.930,0.930,-2.250,0.310,0.930,2.250,0.310,0.930,2.250,0.930,-0.930,-2.250,0.930,-0.930,2.250,0.310,-0.930,-2.250,0.310,-0.930,2.195,1.170,0.890,2.195,1.170,-0.890,2.195,0.870,0.890,2.195,0.870,-0.890,1.045,1.170,-0.890,1.045,1.170,0.890,1.045,0.870,-0.890,1.045,0.870,0.890,1.045,1.170,-0.890,2.195,1.170,-0.890,1.045,1.170,0.890,2.195,1.170,0.890,1.045,0.870,0.890,2.195,0.870,0.890,1.045,0.870,-0.890,2.195,0.870,-0.890,1.045,1.170,0.890,2.195,1.170,0.890,1.045,0.870,0.890,2.195,0.870,0.890,2.195,1.170,-0.890,1.045,1.170,-0.890,2.195,0.870,-0.890,1.045,0.870,-0.890,-1.270,1.210,0.890,-1.270,1.210,-0.890,-1.270,0.870,0.890,-1.270,0.870,-0.890,-2.170,1.210,-0.890,-2.170,1.210,0.890,-2.170,0.870,-0.890,-2.170,0.870,0.890,-2.170,1.210,-0.890,-1.270,1.210,-0.890,-2.170,1.210,0.890,-1.270,1.210,0.890,-2.170,0.870,0.890,-1.270,0.870,0.890,-2.170,0.870,-0.890,-1.270,0.870,-0.890,-2.170,1.210,0.890,-1.270,1.210,0.890,-2.170,0.870,0.890,-1.270,0.870,0.890,-1.270,1.210,-0.890,-2.170,1.210,-0.890,-1.270,0.870,-0.890,-2.170,0.870,-0.890,1.200,1.040,0.900,1.200,1.040,-0.900,1.200,0.920,0.900,1.200,0.920,-0.900,-1.200,1.040,-0.900,-1.200,1.040,0.900,-1.200,0.920,-0.900,-1.200,0.920,0.900,-1.200,1.040,-0.900,1.200,1.040,-0.900,-1.200,1.040,0.900,1.200,1.040,0.900,-1.200,0.920,0.900,1.200,0.920,0.900,-1.200,0.920,-0.900,1.200,0.920,-0.900,-1.200,1.040,0.900,1.200,1.040,0.900,-1.200,0.920,0.900,1.200,0.920,0.900,1.200,1.040,-0.900,-1.200,1.040,-0.900,1.200,0.920,-0.900,-1.200,0.920,-0.900;0.000,0.000,-1.000,0.000,0.000,1.000,0.000,0.000,1.000,0.000,0.000,0.000,152.000,0.000,-536.800,1.000,0.000,0.000,-1.000,0.000,0.000,1.000,0.000,0.000,1.000,0.000,0.000,0.000,156.286,0.000,-536.800,1.000,0.000,0.000,-1.000,0.000,0.000,1.000,0.000,0.000,1.000,0.000,0.000,0.000,156.286,0.000,-447.200,1.000,0.000,0.000,-1.000,0.000,0.000,1.000,0.000,0.000,1.000,0.000,0.000,0.000,164.857,0.000,-536.800,1.000,0.000,0.000,-1.000,0.000,0.000,1.000,0.000,0.000,1.000,0.000,0.000,0.000,164.857,0.000,-447.200,1.000,0.000,0.000,-1.000,0.000,0.000,1.000,0.000,0.000,1.000,0.000,0.000,0.000,169.143,0.000,-536.800,1.000,0.000,0.000,-1.000,0.000,0.000,1.000,0.000,0.000,1.000,0.000,0.000,0.000,173.429,0.000,-536.800,1.000,0.000,0.000,-1.000,0.000,0.000,1.000,0.000,0.000,1.000,0.000,0.000,0.000,182.000,0.000,-536.800,1.000;ffffff
Mesh;1188;490;0.950,1.650,0.830,0.950,1.030,0.830,0.950,1.650,-0.830,0.950,1.030,0.830,0.950,1.030,-0.830,0.950,1.650,-0.830,-1.250,1.650,-0.830,-1.250,1.030,-0.830,-1.250,1.650,0.830,-1.250,1.030,-0.830,-1.250,1.030,0.830,-1.250,1.650,0.830,-1.250,1.650,-0.830,-1.250,1.650,0.830,0.950,1.650,-0.830,-1.250,1.650,0.830,0.950,1.650,0.830,0.950,1.650,-0.830,-1.250,1.030,0.830,-1.250,1.030,-0.830,0.950,1.030,0.830,-1.250,1.030,-0.830,0.950,1.030,-0.830,0.950,1.030,0.830,-1.250,1.650,0.830,-1.250,1.030,0.830,0.950,1.650,0.830,-1.250,1.030,0.830,0.950,1.030,0.830,0.950,1.650,0.830,0.950,1.650,-0.830,0.950,1.030,-0.830,-1.250,1.650,-0.830,0.950,1.030,-0.830,-1.250,1.030,-0.830,-1.250,1.650,-0.830,2.340,0.870,0.920,2.340,0.370,0.920,2.340,0.870,-0.920,2.340,0.370,0.920,2.340,0.370,-0.920,2.340,0.870,-0.920,2.180,0.870,-0.920,2.180,0.370,-0.920,2.180,0.870,0.920,2.180,0.370,-0.920,2.180,0.370,0.920,2.180,0.870,0.920,2.180,0.870,-0.920,2.180,0.870,0.920,2.340,0.870,-0.920,2.180,0.870,0.920,2.340,0.870,0.920,2.340,0.870,-0.920,2.180,0.370,0.920,2.180,0.370,-0.920,2.340,0.370,0.920,2.180,0.370,-0.920,2.340,0.370,-0.920,2.340,0.370,0.920,2.180,0.870,0.920,2.180,0.370,0.920,2.340,0.870,0.920,2.180,0.370,0.920,2.340,0.370,0.920,2.340,0.870,0.920,2.340,0.870,-0.920,2.340,0.370,-0.920,2.180,0.870,-0.920,2.340,0.370,-0.920,2.180,0.370,-0.920,2.180,0.870,-0.920,-2.180,0.870,0.920,-2.180,0.370,0.920,-2.180,0.870,-0.920,-2.180,0.370,0.920,-2.180,0.370,-0.920,-2.180,0.870,-0.920,-2.340,0.870,-0.920,-2.340,0.370,-0.920,-2.340,0.870,0.920,-2.340,0.370,-0.920,-2.340,0.370,0.920,-2.340,0.870,0.920,-2.340,0.870,-0.920,-2.340,0.870,0.920,-2.180,0.870,-0.920,-2.340,0.870,0.920,-2.180,0.870,0.920,-2.180,0.870,-0.920,-2.340,0.370,0.920,-2.340,0.370,-0.920,-2.180,0.370,0.920,-2.340,0.370,-0.920,-2.180,0.370,-0.920,-2.180,0.370,0.920;0.000,0.000,-1.000,0.000,0.000,1.000,0.000,0.000,1.000,0.000,0.000,0.000,152.000,0.000,-536.800,1.000,0.000,0.000,-1.000,0.000,0.000,1.000,0.000,0.000,1.000,0.000,0.000,0.000,156.286,0.000,-536.800,1.000,0.000,0.000,-1.000,0.000,0.000,1.000,0.000,0.000,1.000,0.000,0.000,0.000,156.286,0.000,-447.200,1.000,0.000,0.000,-1.000,0.000,0.000,1.000,0.000,0.000,1.000,0.000,0.000,0.000,164.857,0.000,-536.800,1.000,0.000,0.000,-1.000,0.000,0.000,1.000,0.000,0.000,1.000,0.000,0.000,0.000,164.857,0.000,-447.200,1.000,0.000,0.000,-1.000,0.000,0.000,1.000,0.000,0.000,1.000,0.000,0.000,0.000,169.143,0.000,-536.800,1.000,0.000,0.000,-1.000,0.000,0.000,1.000,0.000,0.000,1.000,0.000,0.000,0.000,173.429,0.000,-536.800,1.000,0.000,0.000,-1.000,0.000,0.000,1.000,0.000,0.000,1.000,0.000,0.000,0.000,182.000,0.000,-536.800,1.000;ffffffvc
Mesh;96;86;2.250,0.930,0.930,2.250,0.930,-0.930,2.250,0.310,0.930,2.250,0.310,-0.930,-2.250,0.930,-0.930,-2.250,0.930,0.930,-2.250,0.310,-0.930,-2.250,0.310,0.930,-2.250,0.930,-0.930,2.250,0.930,-0.930,-2.250,0.930,0.930,2.250,0.930,0.930,-2.250,0.310,0.930,2.250,0.310,0.930,-2.250,0.310,-0.930,2.250,0.310,-0.930,-2.250,0.930,0.930,2.250,0.930,0.930,-2.250,0.310,0.930,2.250,0.310,0.930,2.250,0.930,-0.930,-2.250,0.930,-0.930,2.250,0.310,-0.930,-2.250,0.310,-0.930,2.195,1.170,0.890,2.195,1.170,-0.890,2.195,0.870,0.890,2.195,0.870,-0.890,1.045,1.170,-0.890,1.045,1.170,0.890,1.045,0.870,-0.890,1.045,0.870,0.890,1.045,1.170,-0.890,2.195,1.170,-0.890,1.045,1.170,0.890,2.195,1.170,0.890,1.045,0.870,0.890,2.195,0.870,0.890,1.045,0.870,-0.890,2.195,0.870,-0.890,1.045,1.170,0.890,2.195,1.170,0.890,1.045,0.870,0.890,2.195,0.870,0.890,2.195,1.170,-0.890,1.045,1.170,-0.890,2.195,0.870,-0.890,1.045,0.870,-0.890,-1.270,1.210,0.890,-1.270,1.210,-0.890,-1.270,0.870,0.890,-1.270,0.870,-0.890,-2.170,1.210,-0.890,-2.170,1.210,0.890,-2.170,0.870,-0.890,-2.170,0.870,0.890,-2.170,1.210,-0.890,-1.270,1.210,-0.890,-2.170,1.210,0.890,-1.270,1.210,0.890,-2.170,0.870,0.890,-1.270,0.870,0.890,-2.170,0.870,-0.890,-1.270,0.870,-0.890,-2.170,1.210,0.890,-1.270,1.210,0.890,-2.170,0.870,0.890,-1.270,0.870,0.890,-1.270,1.210,-0.890,-2.170,1.210,-0.890,-1.270,0.870,-0.890,-2.170,0.870,-0.890,1.200,1.040,0.900,1.200,1.040,-0.900,1.200,0.920,0.900,1.200,0.920,-0.900,-1.200,1.040,-0.900,-1.200,1.040,0.900,-1.200,0.920,-0.900,-1.200,0.920,0.900,-1.200,1.040,-0.900,1.200,1.040,-0.900,-1.200,1.040,0.900,1.200,1.040,0.900,-1.200,0.920,0.900,1.200,0.920,0.900,-1.200,0.920,-0.900,1.200,0.920,-0.900,-1.200,1.040,0.900,1.200,1.040,0.900,-1.200,0.920,0.900,1.200,0.920,0.900,1.200,1.040,-0.900,-1.200,1.040,-0.900,1.200,0.920,-0.900,-1.200,0.920,-0.900;0.000,0.000,-1.000,0.000,0.000,1.000,0.000,0.000,1.000,0.000,0.000,0.000,-135.500,0.000,-460.833,1.000,0.000,0.000,-1.000,0.000,0.000,1.000,0.000,0.000,1.000,0.000,0.000,0.000,-135.500,0.000,-581.820,1.000,0.000,0.000,1.000,0.000,0.000,1.000,0.000,0.000,-1.000,0.000,0.000,0.000,-144.500,0.000,-349.246,1.000,0.000,0.000,-1.000,0.000,0.000,1.000,0.000,0.000,1.000,0.000,0.000,0.000,-135.500,0.000,-275.648,1.000,0.000,0.000,-1.000,0.000,0.000,1.000,0.000,0.000,1.000,0.000,0.000,0.000,-135.500,0.000,-268.345,1.000,0.000,0.000,-1.000,0.000,0.000,1.000,0.000,0.000,1.000,0.000,0.000,0.000,-135.500,0.000,-170.172,1.000,0.000,0.000,1.000,0.000,0.000,1.000,0.000,0.000,-1.000,0.000,0.000,0.000,-144.500,0.000,91.782,1.000,0.000,0.000,-1.000,0.000,0.000,1.000,0.000,0.000,1.000,0.000,0.000,0.000,-135.500,0.000,77.176,1.000;ffffff
Mesh;1188;86;0.950,1.650,0.830,0.950,1.030,0.830,0.950,1.650,-0.830,0.950,1.030,0.830,0.950,1.030,-0.830,0.950,1.650,-0.830,-1.250,1.650,-0.830,-1.250,1.030,-0.830,-1.250,1.650,0.830,-1.250,1.030,-0.830,-1.250,1.030,0.830,-1.250,1.650,0.830,-1.250,1.650,-0.830,-1.250,1.650,0.830,0.950,1.650,-0.830,-1.250,1.650,0.830,0.950,1.650,0.830,0.950,1.650,-0.830,-1.250,1.030,0.830,-1.250,1.030,-0.830,0.950,1.030,0.830,-1.250,1.030,-0.830,0.950,1.030,-0.830,0.950,1.030,0.830,-1.250,1.650,0.830,-1.250,1.030,0.830,0.950,1.650,0.830,-1.250,1.030,0.830,0.950,1.030,0.830,0.950,1.650,0.830,0.950,1.650,-0.830,0.950,1.030,-0.830,-1.250,1.650,-0.830,0.950,1.030,-0.830,-1.250,1.030,-0.830,-1.250,1.650,-0.830,2.340,0.870,0.920,2.340,0.370,0.920,2.340,0.870,-0.920,2.340,0.370,0.920,2.340,0.370,-0.920,2.340,0.870,-0.920,2.180,0.870,-0.920,2.180,0.370,-0.920,2.180,0.870,0.920,2.180,0.370,-0.920,2.180,0.370,0.920,2.180,0.870,0.920,2.180,0.870,-0.920,2.180,0.870,0.920,2.340,0.870,-0.920,2.180,0.870,0.920,2.340,0.870,0.920,2.340,0.870,-0.920,2.180,0.370,0.920,2.180,0.370,-0.920,2.340,0.370,0.920,2.180,0.370,-0.920,2.340,0.370,-0.920,2.340,0.370,0.920,2.180,0.870,0.920,2.180,0.370,0.920,2.340,0.870,0.920,2.180,0.370,0.920,2.340,0.370,0.920,2.340,0.870,0.920,2.340,0.870,-0.920,2.340,0.370,-0.920,2.180,0.870,-0.920,2.340,0.370,-0.920,2.180,0.370,-0.920,2.180,0.870,-0.920,-2.180,0.870,0.920,-2.180,0.370,0.920,-2.180,0.870,-0.920,-2.180,0.370,0.920,-2.180,0.370,-0.920,-2.180,0.870,-0.920,-2.340,0.870,-0.920,-2.340,0.370,-0.920,-2.340,0.870,0.920,-2.340,0.370,-0.920,-2.340,0.370,0.920,-2.340,0.870,0.920,-2.340,0.870,-0.920,-2.340,0.870,0.920,-2.180,0.870,-0.920,-2.340,0.870,0.920,-2.180,0.870,0.920,-2.180,0.870,-0.920,-2.340,0.370,0.920,-2.340,0.370,-0.920,-2.180,0.370,0.920,-2.340,0.370,-0.920,-2.180,0.370,-0.920,-2.180,0.370,0.920;0.000,0.000,-1.000,0.000,0.000,1.000,0.000,0.000,1.000,0.000,0.000,0.000,-135.500,0.000,-460.833,1.000,0.000,0.000,-1.000,0.000,0.000,1.000,0.000,0.000,1.000,0.000,0.000,0.000,-135.500,0.000,-581.820,1.000,0.000,0.000,1.000,0.000,0.000,1.000,0.000,0.000,-1.000,0.000,0.000,0.000,-144.500,0.000,-349.246,1.000,0.000,0.000,-1.000,0.000,0.000,1.000,0.000,0.000,1.000,0.000,0.000,0.000,-135.500,0.000,-275.648,1.000,0.000,0.000,-1.000,0.000,0.000,1.000,0.000,0.000,1.000,0.000,0.000,0.000,-135.500,0.000,-268.345,1.000,0.000,0.000,-1.000,0.000,0.000,1.000,0.000,0.000,1.000,0.000,0.000,0.000,-135.500,0.000,-170.172,1.000,0.000,0.000,1.000,0.000,0.000,1.000,0.000,0.000,-1.000,0.000,0.000,0.000,-144.500,0.000,91.782,1.000,0.000,0.000,-1.000,0.000,0.000,1.000,0.000,0.000,1.000,0.000,0.000,0.000,-135.500,0.000,77.176,1.000;ffffffvc
Mesh;46;88;0.000,-0.000,0.085,0.066,-0.000,0.053,0.083,-0.000,-0.019,0.037,-0.000,-0.077,-0.037,-0.000,-0.077,-0.083,-0.000,-0.019,-0.066,-0.000,0.053,-0.000,-0.000,0.085,0.000,-0.820,0.100,0.078,-0.820,0.062,0.097,-0.820,-0.022,0.043,-0.820,-0.090,-0.043,-0.820,-0.090,-0.097,-0.820,-0.022,-0.078,-0.820,0.062,-0.000,-0.820,0.100,0.000,-0.000,0.000,0.000,-0.000,0.000,0.000,-0.000,0.000,0.000,-0.000,0.000,0.000,-0.000,0.000,0.000,-0.000,0.000,0.000,-0.000,0.000,0.000,-0.000,0.085,0.066,-0.000,0.053,0.083,-0.000,-0.019,0.037,-0.000,-0.077,-0.037,-0.000,-0.077,-0.083,-0.000,-0.019,-0.066,-0.000,0.053,-0.000,-0.000,0.085,0.000,-0.820,0.000,0.000,-0.820,0.000,0.000,-0.820,0.000,0.000,-0.820,0.000,0.000,-0.820,0.000,0.000,-0.820,0.000,0.000,-0.820,0.000,0.000,-0.820,0.100,0.078,-0.820,0.062,0.097,-0.820,-0.022,0.043,-0.820,-0.090,-0.043,-0.820,-0.090,-0.097,-0.820,-0.022,-0.078,-0.820,0.062,-0.000,-0.820,0.100;-0.201,0.000,0.980,0.000,0.000,1.000,0.000,0.000,-0.980,0.000,-0.201,0.000,76.392,0.820,-190.102,1.000,-0.797,0.000,0.604,0.000,0.000,1.000,0.000,0.000,-0.604,0.000,-0.797,0.000,62.115,0.820,-181.947,1.000,-0.895,0.000,-0.446,0.000,0.000,1.000,0.000,0.000,0.446,0.000,-0.895,0.000,61.553,0.820,-229.264,1.000,0.897,0.000,0.442,0.000,0.000,1.000,0.000,0.000,-0.442,0.000,0.897,0.000,47.027,0.820,-207.660,1.000,0.988,0.000,-0.152,0.000,0.000,1.000,0.000,0.000,0.152,0.000,0.988,0.000,66.088,0.820,-209.413,1.000,0.949,0.000,0.316,0.000,0.000,1.000,0.000,0.000,-0.316,0.000,0.949,0.000,87.031,0.820,-180.465,1.000,-0.431,0.000,0.902,0.000,0.000,1.000,0.000,0.000,-0.902,0.000,-0.431,0.000,34.909,0.820,-182.134,1.000,-0.119,0.000,0.993,0.000,0.000,1.000,0.000,0.000,-0.993,0.000,-0.119,0.000,43.325,0.820,-181.376,1.000;ffffff
Mesh;46;88;0.000,-0.000,0.085,0.066,-0.000,0.053,0.083,-0.000,-0.019,0.037,-0.000,-0.077,-0.037,-0.000,-0.077,-0.083,-0.000,-0.019,-0.066,-0.000,0.053,-0.000,-0.000,0.085,0.000,-0.820,0.100,0.078,-0.820,0.062,0.097,-0.820,-0.022,0.043,-0.820,-0.090,-0.043,-0.820,-0.090,-0.097,-0.820,-0.022,-0.078,-0.820,0.062,-0.000,-0.820,0.100,0.000,-0.000,0.000,0.000,-0.000,0.000,0.000,-0.000,0.000,0.000,-0.000,0.000,0.000,-0.000,0.000,0.000,-0.000,0.000,0.000,-0.000,0.000,0.000,-0.000,0.085,0.066,-0.000,0.053,0.083,-0.000,-0.019,0.037,-0.000,-0.077,-0.037,-0.000,-0.077,-0.083,-0.000,-0.019,-0.066,-0.000,0.053,-0.000,-0.000,0.085,0.000,-0.820,0.000,0.000,-0.820,0.000,0.000,-0.820,0.000,0.000,-0.820,0.000,0.000,-0.820,0.000,0.000,-0.820,0.000,0.000,-0.820,0.000,0.000,-0.820,0.100,0.078,-0.820,0.062,0.097,-0.820,-0.022,0.043,-0.820,-0.090,-0.043,-0.820,-0.090,-0.097,-0.820,-0.022,-0.078,-0.820,0.062,-0.000,-0.820,0.100;-0.201,0.000,0.980,0.000,0.000,1.000,0.000,0.000,-0.980,0.000,-0.201,0.000,76.392,0.820,-190.102,1.000,-0.797,0.000,0.604,0.000,0.000,1.000,0.000,0.000,-0.604,0.000,-0.797,0.000,62.115,0.820,-181.947,1.000,-0.895,0.000,-0.446,0.000,0.000,1.000,0.000,0.000,0.446,0.000,-0.895,0.000,61.553,0.820,-229.264,1.000,0.897,0.000,0.442,0.000,0.000,1.000,0.000,0.000,-0.442,0.000,0.897,0.000,47.027,0.820,-207.660,1.000,0.988,0.000,-0.152,0.000,0.000,1.000,0.000,0.000,0.152,0.000,0.988,0.000,66.088,0.820,-209.413,1.000,0.949,0.000,0.316,0.000,0.000,1.000,0.000,0.000,-0.316,0.000,0.949,0.000,87.031,0.820,-180.465,1.000,-0.431,0.000,0.902,0.000,0.000,1.000,0.000,0.000,-0.902,0.000,-0.431,0.000,34.909,0.820,-182.134,1.000,-0.119,0.000,0.993,0.000,0.000,1.000,0.000,0.000,-0.993,0.000,-0.119,0.000,43.325,0.820,-181.376,1.000;ffffff
Mesh;132;88;0.000,1.440,0.210,0.148,1.440,0.148,0.210,1.440,0.000,0.148,1.440,-0.148,0.000,1.440,-0.210,-0.148,1.440,-0.148,-0.210,1.440,-0.000,-0.148,1.440,0.148,-0.000,1.440,0.210,0.000,0.820,0.250,0.177,0.820,0.177,0.250,0.820,0.000,0.177,0.820,-0.177,0.000,0.820,-0.250,-0.177,0.820,-0.177,-0.250,0.820,-0.000,-0.177,0.820,0.177,-0.000,0.820,0.250,0.000,1.440,0.000,0.000,1.440,0.000,0.000,1.440,0.000,0.000,1.440,0.000,0.000,1.440,0.000,0.000,1.440,0.000,0.000,1.440,0.000,0.000,1.440,0.000,0.000,1.440,0.210,0.148,1.440,0.148,0.210,1.440,0.000,0.148,1.440,-0.148,0.000,1.440,-0.210,-0.148,1.440,-0.148,-0.210,1.440,-0.000,-0.148,1.440,0.148,-0.000,1.440,0.210,0.000,0.820,0.000,0.000,0.820,0.000,0.000,0.820,0.000,0.000,0.820,0.000,0.000,0.820,0.000,0.000,0.820,0.000,0.000,0.820,0.000,0.000,0.820,0.000,0.000,0.820,0.250,0.177,0.820,0.177,0.250,0.820,0.000,0.177,0.820,-0.177,0.000,0.820,-0.250,-0.177,0.820,-0.177,-0.250,0.820,-0.000,-0.177,0.820,0.177,-0.000,0.820,0.250,0.238,1.522,0.070,0.297,1.537,0.035,0.297,1.537,-0.035,0.238,1.522,-0.070,0.179,1.507,-0.035,0.179,1.507,0.035,0.238,1.522,0.070,0.362,1.038,0.080,0.429,1.055,0.040,0.429,1.055,-0.040,0.362,1.038,-0.080,0.295,1.021,-0.040,0.295,1.021,0.040,0.362,1.038,0.080,0.238,1.522,0.000,0.238,1.522,0.000,0.238,1.522,0.000,0.238,1.522,0.000,0.238,1.522,0.000,0.238,1.522,0.000,0.238,1.522,0.070,0.297,1.537,0.035,0.297,1.537,-0.035,0.238,1.522,-0.070,0.179,1.507,-0.035,0.179,1.507,0.035,0.238,1.522,0.070,0.362,1.038,0.000,0.362,1.038,0.000,0.362,1.038,0.000,0.362,1.038,0.000,0.362,1.038,0.000,0.362,1.038,0.000,0.362,1.038,0.080,0.429,1.055,0.040,0.429,1.055,-0.040,0.362,1.038,-0.080,0.295,1.021,-0.040,0.295,1.021,0.040,0.362,1.038,0.080,-0.238,1.522,0.070,-0.179,1.507,0.035,-0.179,1.507,-0.035,-0.238,1.522,-0.070;-0.201,0.000,0.980,0.000,0.000,1.000,0.000,0.000,-0.980,0.000,-0.201,0.000,76.392,0.000,-190.102,1.000,-0.797,0.000,0.604,0.000,0.000,1.000,0.000,0.000,-0.604,0.000,-0.797,0.000,62.115,0.000,-181.947,1.000,-0.895,0.000,-0.446,0.000,0.000,1.000,0.000,0.000,0.446,0.000,-0.895,0.000,61.553,0.000,-229.264,1.000,0.897,0.000,0.442,0.000,0.000,1.000,0.000,0.000,-0.442,0.000,0.897,0.000,47.027,0.000,-207.660,1.000,0.988,0.000,-0.152,0.000,0.000,1.000,0.000,0.000,0.152,0.000,0.988,0.000,66.088,0.000,-209.413,1.000,0.949,0.000,0.316,0.000,0.000,1.000,0.000,0.000,-0.316,0.000,0.949,0.000,87.031,0.000,-180.465,1.000,-0.431,0.000,0.902,0.000,0.000,1.000,0.000,0.000,-0.902,0.000,-0.431,0.000,34.909,0.000,-182.134,1.000,-0.119,0.000,0.993,0.000,0.000,1.000,0.000,0.000,-0.993,0.000,-0.119,0.000,43.325,0.000,-181.376,1.000;ffffff
Mesh;99;88;0.000,1.890,0.000,0.000,1.890,0.000,0.000,1.890,0.000,0.000,1.890,0.000,0.000,1.890,0.000,0.000,1.890,0.000,0.000,1.890,0.000,0.000,1.890,0.000,0.000,1.890,0.000,0.000,1.890,0.000,0.000,1.890,0.000,-0.065,1.877,0.000,-0.053,1.877,0.038,-0.020,1.877,0.062,0.020,1.877,0.062,0.053,1.877,0.038,0.065,1.877,0.000,0.053,1.877,-0.038,0.020,1.877,-0.062,-0.020,1.877,-0.062,-0.053,1.877,-0.038,-0.065,1.877,-0.000,-0.120,1.840,0.000,-0.097,1.840,0.071,-0.037,1.840,0.114,0.037,1.840,0.114,0.097,1.840,0.071,0.120,1.840,0.000,0.097,1.840,-0.071,0.037,1.840,-0.114,-0.037,1.840,-0.114,-0.097,1.840,-0.071,-0.120,1.840,-0.000,-0.157,1.785,0.000,-0.127,1.785,0.092,-0.049,1.785,0.149,0.049,1.785,0.149,0.127,1.785,0.092,0.157,1.785,0.000,0.127,1.785,-0.092,0.049,1.785,-0.149,-0.049,1.785,-0.149,-0.127,1.785,-0.092,-0.157,1.785,-0.000,-0.170,1.720,0.000,-0.138,1.720,0.100,-0.053,1.720,0.162,0.053,1.720,0.162,0.138,1.720,0.100,0.170,1.720,0.000,0.138,1.720,-0.100,0.053,1.720,-0.162,-0.053,1.720,-0.162,-0.138,1.720,-0.100,-0.170,1.720,-0.000,-0.157,1.655,0.000,-0.127,1.655,0.092,-0.049,1.655,0.149,0.049,1.655,0.149,0.127,1.655,0.092,0.157,1.655,0.000,0.127,1.655,-0.092,0.049,1.655,-0.149,-0.049,1.655,-0.149,-0.127,1.655,-0.092,-0.157,1.655,-0.000,-0.120,1.600,0.000,-0.097,1.600,0.071,-0.037,1.600,0.114,0.037,1.600,0.114,0.097,1.600,0.071,0.120,1.600,0.000,0.097,1.600,-0.071,0.037,1.600,-0.114,-0.037,1.600,-0.114,-0.097,1.600,-0.071,-0.120,1.600,-0.000,-0.065,1.563,0.000,-0.053,1.563,0.038,-0.020,1.563,0.062,0.020,1.563,0.062,0.053,1.563,0.038,0.065,1.563,0.000,0.053,1.563,-0.038,0.020,1.563,-0.062,-0.020,1.563,-0.062,-0.053,1.563,-0.038,-0.065,1.563,-0.000,-0.000,1.550,0.000,-0.000,1.550,0.000,-0.000,1.550,0.000,0.000,1.550,0.000,0.000,1.550,0.000,0.000,1.550,0.000,0.000,1.550,-0.000,0.000,1.550,-0.000;-0.201,0.000,0.980,0.000,0.000,1.000,0.000,0.000,-0.980,0.000,-0.201,0.000,76.392,0.000,-190.102,1.000,-0.797,0.000,0.604,0.000,0.000,1.000,0.000,0.000,-0.604,0.000,-0.797,0.000,62.115,0.000,-181.947,1.000,-0.895,0.000,-0.446,0.000,0.000,1.000,0.000,0.000,0.446,0.000,-0.895,0.000,61.553,0.000,-229.264,1.000,0.897,0.000,0.442,0.000,0.000,1.000,0.000,0.000,-0.442,0.000,0.897,0.000,47.027,0.000,-207.660,1.000,0.988,0.000,-0.152,0.000,0.000,1.000,0.000,0.000,0.152,0.000,0.988,0.000,66.088,0.000,-209.413,1.000,0.949,0.000,0.316,0.000,0.000,1.000,0.000,0.000,-0.316,0.000,0.949,0.000,87.031,0.000,-180.465,1.000,-0.431,0.000,0.902,0.000,0.000,1.000,0.000,0.000,-0.902,0.000,-0.431,0.000,34.909,0.000,-182.134,1.000,-0.119,0.000,0.993,0.000,0.000,1.000,0.000,0.000,-0.993,0.000,-0.119,0.000,43.325,0.000,-181.376,1.000;ffffff
Mesh;60;112;-2.552,4.000,1.577,0.000,5.577,2.552,-1.577,6.552,0.000,0.000,5.577,2.552,1.577,6.552,0.000,-1.577,6.552,0.000,1.577,6.552,0.000,0.000,5.577,-2.552,-1.577,6.552,0.000,0.000,5.577,-2.552,-2.552,4.000,-1.577,-1.577,6.552,0.000,-2.552,4.000,-1.577,-2.552,4.000,1.577,-1.577,6.552,0.000,0.000,5.577,2.552,2.552,4.000,1.577,1.577,6.552,0.000,-2.552,4.000,1.577,0.000,2.423,2.552,0.000,5.577,2.552,-2.552,4.000,-1.577,-1.577,1.448,0.000,-2.552,4.000,1.577,0.000,5.577,-2.552,0.000,2.423,-2.552,-2.552,4.000,-1.577,1.577,6.552,0.000,2.552,4.000,-1.577,0.000,5.577,-2.552,2.552,4.000,1.577,0.000,2.423,2.552,1.577,1.448,0.000,0.000,2.423,2.552,-1.577,1.448,0.000,1.577,1.448,0.000,-1.577,1.448,0.000,0.000,2.423,-2.552,1.577,1.448,0.000,0.000,2.423,-2.552,2.552,4.000,-1.577,1.577,1.448,0.000,2.552,4.000,-1.577,2.552,4.000,1.577,1.577,1.448,0.000,2.552,4.000,1.577,0.000,5.577,2.552,0.000,2.423,2.552,0.000,2.423,2.552,-2.552,4.000,1.577,-1.577,1.448,0.000,-1.577,1.448,0.000,-2.552,4.000,-1.577,0.000,2.423,-2.552,0.000,2.423,-2.552,0.000,5.577,-2.552,2.552,4.000,-1.577,2.552,4.000,-1.577,1.577,6.552,0.000,2.552,4.000,1.577;1.477,0.000,0.000,0.000,0.000,1.477,0.000,0.000,0.000,0.000,1.477,0.000,-950.000,0.000,-796.790,1.000,1.647,0.000,0.000,0.000,0.000,1.647,0.000,0.000,0.000,0.000,1.647,0.000,-885.714,0.000,-1295.820,1.000,1.522,0.000,0.000,0.000,0.000,1.522,0.000,0.000,0.000,0.000,1.522,0.000,-821.429,0.000,-803.279,1.000,2.325,0.000,0.000,0.000,0.000,2.325,0.000,0.000,0.000,0.000,2.325,0.000,-757.143,0.000,-1303.465,1.000,1.706,0.000,0.000,0.000,0.000,1.706,0.000,0.000,0.000,0.000,1.706,0.000,-692.857,0.000,-795.146,1.000,1.940,0.000,0.000,0.000,0.000,1.940,0.000,0.000,0.000,0.000,1.940,0.000,-628.571,0.000,-1300.538,1.000,1.551,0.000,0.000,0.000,0.000,1.551,0.000,0.000,0.000,0.000,1.551,0.000,-564.286,0.000,-803.084,1.000,1.526,0.000,0.000,0.000,0.000,1.526,0.000,0.000,0.000,0.000,1.526,0.000,-500.000,0.000,-1296.028,1.000;ffffff
Mesh;6;30;0.000,0.000,0.280,-1.050,0.180,-0.300,0.000,0.000,-0.300,0.000,0.000,0.280,0.000,0.000,-0.300,1.050,0.180,-0.300;-1.177,0.094,0.384,0.000,0.098,1.238,-0.001,0.000,-0.383,0.030,-1.181,0.000,55.713,67.713,-344.040,1.000,-0.431,0.098,1.055,0.000,0.052,1.140,-0.085,0.000,-1.059,0.015,-0.434,0.000,-37.006,64.105,-404.771,1.000,0.134,-0.057,0.937,0.000,0.012,0.946,0.056,0.000,-0.939,0.003,0.134,0.000,-98.342,64.455,-428.049,1.000,-0.306,0.076,0.828,0.000,0.037,0.882,-0.067,0.000,-0.830,0.011,-0.308,0.000,-38.453,65.590,-411.855,1.000,-1.162,-0.378,0.194,0.000,-0.392,1.172,-0.062,0.000,-0.165,-0.119,-1.220,0.000,-220.785,72.239,-281.016,1.000,-0.329,-0.109,-0.996,0.000,-0.026,1.049,-0.106,0.000,1.001,-0.008,-0.330,0.000,-125.352,73.897,-437.460,1.000,-0.739,-0.304,-0.361,0.000,-0.238,0.819,-0.202,0.000,0.407,-0.072,-0.773,0.000,24.584,75.739,-245.191,1.000,1.228,-0.110,0.037,0.000,0.111,1.228,-0.030,0.000,-0.035,0.033,1.232,0.000,37.712,75.172,-296.693,1.000;2c3438
Mesh;36;;-10000.000,0.000,-10000.000,-10000.000,-0.000,10000.000,10000.000,0.000,-10000.000,-10000.000,-0.000,10000.000,10000.000,-0.000,10000.000,10000.000,0.000,-10000.000,352.000,0.250,-60.000,352.000,0.250,300.000,800.000,0.250,-60.000,352.000,0.250,300.000,800.000,0.250,300.000,800.000,0.250,-60.000,-72.000,0.282,545.000,-72.000,0.282,595.000,12.000,0.282,545.000,-72.000,0.282,595.000,12.000,0.282,595.000,12.000,0.282,545.000,-72.000,0.282,645.000,-72.000,0.282,695.000,12.000,0.282,645.000,-72.000,0.282,695.000,12.000,0.282,695.000,12.000,0.282,645.000,-775.000,0.282,562.500,-775.000,0.282,617.500,-685.000,0.282,562.500,-775.000,0.282,617.500,-685.000,0.282,617.500,-685.000,0.282,562.500,-575.000,0.310,-578.000,-575.000,0.310,-486.000,-385.000,0.310,-578.000,-575.000,0.310,-486.000,-385.000,0.310,-486.000,-385.000,0.310,-578.000;;93b377T2048
Mesh;390;;-149.000,0.280,-720.000,-149.000,0.280,720.000,-131.000,0.280,-720.000,-149.000,0.280,720.000,-131.000,0.280,720.000,-131.000,0.280,-720.000,312.000,0.280,-720.000,312.000,0.280,700.000,328.000,0.280,-720.000,312.000,0.280,700.000,328.000,0.280,700.000,328.000,0.280,-720.000,-800.000,0.280,310.000,-800.000,0.280,330.000,800.000,0.280,310.000,-800.000,0.280,330.000,800.000,0.280,330.000,800.000,0.280,310.000,-800.000,0.280,-368.000,-800.000,0.280,-352.000,800.000,0.280,-368.000,-800.000,0.280,-352.000,800.000,0.280,-352.000,800.000,0.280,-368.000,-800.000,0.280,-48.000,-800.000,0.280,-32.000,330.000,0.280,-48.000,-800.000,0.280,-32.000,330.000,0.280,-32.000,330.000,0.280,-48.000,-800.000,0.280,-645.500,-800.000,0.280,-634.500,330.000,0.280,-645.500,-800.000,0.280,-634.500,330.000,0.280,-634.500,330.000,0.280,-645.500,-445.000,0.280,-370.000,-445.000,0.280,-30.000,-435.000,0.280,-370.000,-445.000,0.280,-30.000,-435.000,0.280,-30.000,-435.000,0.280,-370.000,-720.000,0.280,-185.000,-720.000,0.280,-175.000,-120.000,0.280,-185.000,-720.000,0.280,-175.000,-120.000,0.280,-175.000,-120.000,0.280,-185.000,-425.000,0.280,-45.000,-425.000,0.280,720.000,-415.000,0.280,-45.000,-425.000,0.280,720.000,-415.000,0.280,720.000,-415.000,0.280,-45.000,-645.000,0.280,-45.000,-645.000,0.280,720.000,-635.000,0.280,-45.000,-645.000,0.280,720.000,-635.000,0.280,720.000,-635.000,0.280,-45.000,-800.000,0.280,135.000,-800.000,0.280,145.000,-120.000,0.280,135.000,-800.000,0.280,145.000,-120.000,0.280,145.000,-120.000,0.280,135.000,-800.000,0.280,419.500,-800.000,0.280,430.500,-120.000,0.280,419.500,-800.000,0.280,430.500,-120.000,0.280,430.500,-120.000,0.280,419.500,310.000,0.280,-245.000,310.000,0.280,-235.000,800.000,0.280,-245.000,310.000,0.280,-235.000,800.000,0.280,-235.000,800.000,0.280,-245.000,554.500,0.280,-700.000,554.500,0.280,-350.000,565.500,0.280,-700.000,554.500,0.280,-350.000,565.500,0.280,-350.000,565.500,0.280,-700.000,310.000,0.280,-465.000,310.000,0.280,-455.000,800.000,0.280,-465.000,310.000,0.280,-455.000,800.000,0.280,-455.000,800.000,0.280,-465.000,75.500,0.280,-466.000,75.500,0.280,-345.000,84.500,0.280,-466.000,75.500,0.280,-345.000,84.500,0.280,-345.000,84.500,0.280,-466.000;;484c52T2048
Mesh;8892;;-149.000,0.430,-650.400,-149.000,0.270,-650.400,-149.000,0.430,-720.000,-149.000,0.270,-650.400,-149.000,0.270,-720.000,-149.000,0.430,-720.000,-149.380,0.430,-720.000,-149.380,0.270,-720.000,-149.380,0.430,-650.400,-149.380,0.270,-720.000,-149.380,0.270,-650.400,-149.380,0.430,-650.400,-149.380,0.430,-720.000,-149.380,0.430,-650.400,-149.000,0.430,-720.000,-149.380,0.430,-650.400,-149.000,0.430,-650.400,-149.000,0.430,-720.000,-149.380,0.270,-650.400,-149.380,0.270,-720.000,-149.000,0.270,-650.400,-149.380,0.270,-720.000,-149.000,0.270,-720.000,-149.000,0.270,-650.400,-149.380,0.430,-650.400,-149.380,0.270,-650.400,-149.000,0.430,-650.400,-149.380,0.270,-650.400,-149.000,0.270,-650.400,-149.000,0.430,-650.400,-149.000,0.430,-720.000,-149.000,0.270,-720.000,-149.380,0.430,-720.000,-149.000,0.270,-720.000,-149.380,0.270,-720.000,-149.380,0.430,-720.000,-149.000,0.430,-372.900,-149.000,0.270,-372.900,-149.000,0.430,-629.600,-149.000,0.270,-372.900,-149.000,0.270,-629.600,-149.000,0.430,-629.600,-149.380,0.430,-629.600,-149.380,0.270,-629.600,-149.380,0.430,-372.900,-149.380,0.270,-629.600,-149.380,0.270,-372.900,-149.380,0.430,-372.900,-149.380,0.430,-629.600,-149.380,0.430,-372.900,-149.000,0.430,-629.600,-149.380,0.430,-372.900,-149.000,0.430,-372.900,-149.000,0.430,-629.600,-149.380,0.270,-372.900,-149.380,0.270,-629.600,-149.000,0.270,-372.900,-149.380,0.270,-629.600,-149.000,0.270,-629.600,-149.000,0.270,-372.900,-149.380,0.430,-372.900,-149.380,0.270,-372.900,-149.000,0.430,-372.900,-149.380,0.270,-372.900,-149.000,0.270,-372.900,-149.000,0.430,-372.900,-149.000,0.430,-629.600,-149.000,0.270,-629.600,-149.380,0.430,-629.600,-149.000,0.270,-629.600,-149.380,0.270,-629.600,-149.380,0.430,-629.600,-149.000,0.430,-189.900,-149.000,0.270,-189.900,-149.000,0.430,-347.100,-149.000,0.270,-189.900,-149.000,0.270,-347.100,-149.000,0.430,-347.100,-149.380,0.430,-347.100,-149.380,0.270,-347.100,-149.380,0.430,-189.900,-149.380,0.270,-347.100,-149.380,0.270,-189.900,-149.380,0.430,-189.900,-149.380,0.430,-347.100,-149.380,0.430,-189.900,-149.000,0.430,-347.100,-149.380,0.430,-189.900,-149.000,0.430,-189.900,-149.000,0.430,-347.100,-149.380,0.270,-189.900,-149.380,0.270,-347.100,-149.000,0.270,-189.900,-149.380,0.270,-347.100,-149.000,0.270,-347.100,-149.000,0.270,-189.900;;b6b2a8T2048
Mesh;1482;;-152.430,0.428,-720.000,-152.430,0.428,-650.400,-149.380,0.428,-720.000,-152.430,0.428,-650.400,-149.380,0.428,-650.400,-149.380,0.428,-720.000,-152.430,0.428,-629.600,-152.430,0.428,-372.900,-149.380,0.428,-629.600,-152.430,0.428,-372.900,-149.380,0.428,-372.900,-149.380,0.428,-629.600,-152.430,0.428,-347.100,-152.430,0.428,-189.900,-149.380,0.428,-347.100,-152.430,0.428,-189.900,-149.380,0.428,-189.900,-149.380,0.428,-347.100,-152.430,0.428,-170.100,-152.430,0.428,-52.900,-149.380,0.428,-170.100,-152.430,0.428,-52.900,-149.380,0.428,-52.900,-149.380,0.428,-170.100,-152.430,0.428,-27.100,-152.430,0.428,130.100,-149.380,0.428,-27.100,-152.430,0.428,130.100,-149.380,0.428,130.100,-149.380,0.428,-27.100,-152.430,0.428,159.900,-152.430,0.428,305.100,-149.380,0.428,159.900,-152.430,0.428,305.100,-149.380,0.428,305.100,-149.380,0.428,159.900,-152.430,0.428,334.900,-152.430,0.428,414.600,-149.380,0.428,334.900,-152.430,0.428,414.600,-149.380,0.428,414.600,-149.380,0.428,334.900,-152.430,0.428,435.400,-152.430,0.428,720.000,-149.380,0.428,435.400,-152.430,0.428,720.000,-149.380,0.428,720.000,-149.380,0.428,435.400,-130.620,0.428,-720.000,-130.620,0.428,-650.400,-127.570,0.428,-720.000,-130.620,0.428,-650.400,-127.570,0.428,-650.400,-127.570,0.428,-720.000,-130.620,0.428,-629.600,-130.620,0.428,-372.900,-127.570,0.428,-629.600,-130.620,0.428,-372.900,-127.570,0.428,-372.900,-127.570,0.428,-629.600,-130.620,0.428,-347.100,-130.620,0.428,-189.900,-127.570,0.428,-347.100,-130.620,0.428,-189.900,-127.570,0.428,-189.900,-127.570,0.428,-347.100,-130.620,0.428,-170.100,-130.620,0.428,-52.900,-127.570,0.428,-170.100,-130.620,0.428,-52.900,-127.570,0.428,-52.900,-127.570,0.428,-170.100,-130.620,0.428,-27.100,-130.620,0.428,130.100,-127.570,0.428,-27.100,-130.620,0.428,130.100,-127.570,0.428,130.100,-127.570,0.428,-27.100,-130.620,0.428,159.900,-130.620,0.428,305.100,-127.570,0.428,159.900,-130.620,0.428,305.100,-127.570,0.428,305.100,-127.570,0.428,159.900,-130.620,0.428,334.900,-130.620,0.428,414.600,-127.570,0.428,334.900,-130.620,0.428,414.600,-127.570,0.428,414.600,-127.570,0.428,334.900,-130.620,0.428,435.400,-130.620,0.428,720.000,-127.570,0.428,435.400,-130.620,0.428,720.000,-127.570,0.428,720.000,-127.570,0.428,435.400;;b2ac9fT2048
Mesh;2064;;-149.000,0.284,-720.000,-149.000,0.284,-646.600,-148.380,0.284,-720.000,-149.000,0.284,-646.600,-148.380,0.284,-646.600,-148.380,0.284,-720.000,-149.000,0.284,-633.400,-149.000,0.284,-369.100,-148.380,0.284,-633.400,-149.000,0.284,-369.100,-148.380,0.284,-369.100,-148.380,0.284,-633.400,-149.000,0.284,-350.900,-149.000,0.284,-186.100,-148.380,0.284,-350.900,-149.000,0.284,-186.100,-148.380,0.284,-186.100,-148.380,0.284,-350.900,-149.000,0.284,-173.900,-149.000,0.284,-49.100,-148.380,0.284,-173.900,-149.000,0.284,-49.100,-148.380,0.284,-49.100,-148.380,0.284,-173.900,-149.000,0.284,-30.900,-149.000,0.284,133.900,-148.380,0.284,-30.900,-149.000,0.284,133.900,-148.380,0.284,133.900,-148.380,0.284,-30.900,-149.000,0.284,156.100,-149.000,0.284,308.900,-148.380,0.284,156.100,-149.000,0.284,308.900,-148.380,0.284,308.900,-148.380,0.284,156.100,-149.000,0.284,331.100,-149.000,0.284,418.400,-148.380,0.284,331.100,-149.000,0.284,418.400,-148.380,0.284,418.400,-148.380,0.284,331.100,-149.000,0.284,431.600,-149.000,0.284,720.000,-148.380,0.284,431.600,-149.000,0.284,720.000,-148.380,0.284,720.000,-148.380,0.284,431.600,-131.620,0.284,-720.000,-131.620,0.284,-646.600,-131.000,0.284,-720.000,-131.620,0.284,-646.600,-131.000,0.284,-646.600,-131.000,0.284,-720.000,-131.620,0.284,-633.400,-131.620,0.284,-369.100,-131.000,0.284,-633.400,-131.620,0.284,-369.100,-131.000,0.284,-369.100,-131.000,0.284,-633.400,-131.620,0.284,-350.900,-131.620,0.284,-186.100,-131.000,0.284,-350.900,-131.620,0.284,-186.100,-131.000,0.284,-186.100,-131.000,0.284,-350.900,-131.620,0.284,-173.900,-131.620,0.284,-49.100,-131.000,0.284,-173.900,-131.620,0.284,-49.100,-131.000,0.284,-49.100,-131.000,0.284,-173.900,-131.620,0.284,-30.900,-131.620,0.284,133.900,-131.000,0.284,-30.900,-131.620,0.284,133.900,-131.000,0.284,133.900,-131.000,0.284,-30.900,-131.620,0.284,156.100,-131.620,0.284,308.900,-131.000,0.284,156.100,-131.620,0.284,308.900,-131.000,0.284,308.900,-131.000,0.284,156.100,-131.620,0.284,331.100,-131.620,0.284,418.400,-131.000,0.284,331.100,-131.620,0.284,418.400,-131.000,0.284,418.400,-131.000,0.284,331.100,-131.620,0.284,431.600,-131.620,0.284,720.000,-131.000,0.284,431.600,-131.620,0.284,720.000,-131.000,0.284,720.000,-131.000,0.284,431.600;;373b41T2048
Mesh;9666;;-140.580,0.288,-720.000,-140.580,0.288,720.000,-140.420,0.288,-720.000,-140.580,0.288,720.000,-140.420,0.288,720.000,-140.420,0.288,-720.000,-139.580,0.288,-720.000,-139.580,0.288,720.000,-139.420,0.288,-720.000,-139.580,0.288,720.000,-139.420,0.288,720.000,-139.420,0.288,-720.000,319.420,0.288,-720.000,319.420,0.288,700.000,319.580,0.288,-720.000,319.420,0.288,700.000,319.580,0.288,700.000,319.580,0.288,-720.000,320.420,0.288,-720.000,320.420,0.288,700.000,320.580,0.288,-720.000,320.420,0.288,700.000,320.580,0.288,700.000,320.580,0.288,-720.000,-800.000,0.287,317.775,-800.000,0.287,317.925,800.000,0.287,317.775,-800.000,0.287,317.925,800.000,0.287,317.925,800.000,0.287,317.775,-796.000,0.288,318.225,-796.000,0.288,318.375,-793.600,0.288,318.225,-796.000,0.288,318.375,-793.600,0.288,318.375,-793.600,0.288,318.225,-791.200,0.288,318.225,-791.200,0.288,318.375,-788.800,0.288,318.225,-791.200,0.288,318.375,-788.800,0.288,318.375,-788.800,0.288,318.225,-786.400,0.288,318.225,-786.400,0.288,318.375,-784.000,0.288,318.225,-786.400,0.288,318.375,-784.000,0.288,318.375,-784.000,0.288,318.225,-781.600,0.288,318.225,-781.600,0.288,318.375,-779.200,0.288,318.225,-781.600,0.288,318.375,-779.200,0.288,318.375,-779.200,0.288,318.225,-776.800,0.288,318.225,-776.800,0.288,318.375,-774.400,0.288,318.225,-776.800,0.288,318.375,-774.400,0.288,318.375,-774.400,0.288,318.225,-772.000,0.288,318.225,-772.000,0.288,318.375,-769.600,0.288,318.225,-772.000,0.288,318.375,-769.600,0.288,318.375,-769.600,0.288,318.225,-767.200,0.288,318.225,-767.200,0.288,318.375,-764.800,0.288,318.225,-767.200,0.288,318.375,-764.800,0.288,318.375,-764.800,0.288,318.225,-762.400,0.288,318.225,-762.400,0.288,318.375,-760.000,0.288,318.225,-762.400,0.288,318.375,-760.000,0.288,318.375,-760.000,0.288,318.225,-757.600,0.288,318.225,-757.600,0.288,318.375,-755.200,0.288,318.225,-757.600,0.288,318.375,-755.200,0.288,318.375,-755.200,0.288,318.225,-752.800,0.288,318.225,-752.800,0.288,318.375,-750.400,0.288,318.225,-752.800,0.288,318.375,-750.400,0.288,318.375,-750.400,0.288,318.225,-748.000,0.288,318.225,-748.000,0.288,318.375,-745.600,0.288,318.225,-748.000,0.288,318.375,-745.600,0.288,318.375,-745.600,0.288,318.225;;d9b23a
Mesh;14676;;-144.600,0.289,-717.100,-144.600,0.289,-714.100,-144.400,0.289,-717.100,-144.600,0.289,-714.100,-144.400,0.289,-714.100,-144.400,0.289,-717.100,-144.600,0.289,-708.100,-144.600,0.289,-705.100,-144.400,0.289,-708.100,-144.600,0.289,-705.100,-144.400,0.289,-705.100,-144.400,0.289,-708.100,-144.600,0.289,-699.100,-144.600,0.289,-696.100,-144.400,0.289,-699.100,-144.600,0.289,-696.100,-144.400,0.289,-696.100,-144.400,0.289,-699.100,-144.600,0.289,-690.100,-144.600,0.289,-687.100,-144.400,0.289,-690.100,-144.600,0.289,-687.100,-144.400,0.289,-687.100,-144.400,0.289,-690.100,-144.600,0.289,-681.100,-144.600,0.289,-678.100,-144.400,0.289,-681.100,-144.600,0.289,-678.100,-144.400,0.289,-678.100,-144.400,0.289,-681.100,-144.600,0.289,-672.100,-144.600,0.289,-669.100,-144.400,0.289,-672.100,-144.600,0.289,-669.100,-144.400,0.289,-669.100,-144.400,0.289,-672.100,-144.600,0.289,-663.100,-144.600,0.289,-660.100,-144.400,0.289,-663.100,-144.600,0.289,-660.100,-144.400,0.289,-660.100,-144.400,0.289,-663.100,-144.600,0.289,-654.100,-144.600,0.289,-651.100,-144.400,0.289,-654.100,-144.600,0.289,-651.100,-144.400,0.289,-651.100,-144.400,0.289,-654.100,-144.600,0.289,-627.100,-144.600,0.289,-624.100,-144.400,0.289,-627.100,-144.600,0.289,-624.100,-144.400,0.289,-624.100,-144.400,0.289,-627.100,-144.600,0.289,-618.100,-144.600,0.289,-615.100,-144.400,0.289,-618.100,-144.600,0.289,-615.100,-144.400,0.289,-615.100,-144.400,0.289,-618.100,-144.600,0.289,-609.100,-144.600,0.289,-606.100,-144.400,0.289,-609.100,-144.600,0.289,-606.100,-144.400,0.289,-606.100,-144.400,0.289,-609.100,-144.600,0.289,-600.100,-144.600,0.289,-597.100,-144.400,0.289,-600.100,-144.600,0.289,-597.100,-144.400,0.289,-597.100,-144.400,0.289,-600.100,-144.600,0.289,-591.100,-144.600,0.289,-588.100,-144.400,0.289,-591.100,-144.600,0.289,-588.100,-144.400,0.289,-588.100,-144.400,0.289,-591.100,-144.600,0.289,-582.100,-144.600,0.289,-579.100,-144.400,0.289,-582.100,-144.600,0.289,-579.100,-144.400,0.289,-579.100,-144.400,0.289,-582.100,-144.600,0.289,-573.100,-144.600,0.289,-570.100,-144.400,0.289,-573.100,-144.600,0.289,-570.100,-144.400,0.289,-570.100,-144.400,0.289,-573.100,-144.600,0.289,-564.100,-144.600,0.289,-561.100,-144.400,0.289,-564.100,-144.600,0.289,-561.100,-144.400,0.289,-561.100,-144.400,0.289,-564.100;;e8e6df
Mesh;3318;;-137.544,0.287,-680.525,-137.544,0.287,-679.475,-136.494,0.287,-680.525,-137.544,0.287,-679.475,-136.494,0.287,-679.475,-136.494,0.287,-680.525,-148.970,0.286,-697.575,-148.970,0.286,-696.425,-148.350,0.286,-697.575,-148.970,0.286,-696.425,-148.350,0.286,-696.425,-148.350,0.286,-697.575,-131.650,0.286,-663.575,-131.650,0.286,-662.425,-131.030,0.286,-663.575,-131.650,0.286,-662.425,-131.030,0.286,-662.425,-131.030,0.286,-663.575,-139.689,0.287,-610.525,-139.689,0.287,-609.475,-138.639,0.287,-610.525,-139.689,0.287,-609.475,-138.639,0.287,-609.475,-138.639,0.287,-610.525,-148.970,0.286,-627.575,-148.970,0.286,-626.425,-148.350,0.286,-627.575,-148.970,0.286,-626.425,-148.350,0.286,-626.425,-148.350,0.286,-627.575,-131.650,0.286,-593.575,-131.650,0.286,-592.425,-131.030,0.286,-593.575,-131.650,0.286,-592.425,-131.030,0.286,-592.425,-131.030,0.286,-593.575,-138.717,0.287,-540.525,-138.717,0.287,-539.475,-137.667,0.287,-540.525,-138.717,0.287,-539.475,-137.667,0.287,-539.475,-137.667,0.287,-540.525,-148.970,0.286,-557.575,-148.970,0.286,-556.425,-148.350,0.286,-557.575,-148.970,0.286,-556.425,-148.350,0.286,-556.425,-148.350,0.286,-557.575,-131.650,0.286,-523.575,-131.650,0.286,-522.425,-131.030,0.286,-523.575,-131.650,0.286,-522.425,-131.030,0.286,-522.425,-131.030,0.286,-523.575,-140.833,0.287,-470.525,-140.833,0.287,-469.475,-139.783,0.287,-470.525,-140.833,0.287,-469.475,-139.783,0.287,-469.475,-139.783,0.287,-470.525,-148.970,0.286,-487.575,-148.970,0.286,-486.425,-148.350,0.286,-487.575,-148.970,0.286,-486.425,-148.350,0.286,-486.425,-148.350,0.286,-487.575,-131.650,0.286,-453.575,-131.650,0.286,-452.425,-131.030,0.286,-453.575,-131.650,0.286,-452.425,-131.030,0.286,-452.425,-131.030,0.286,-453.575,-139.308,0.287,-400.525,-139.308,0.287,-399.475,-138.258,0.287,-400.525,-139.308,0.287,-399.475,-138.258,0.287,-399.475,-138.258,0.287,-400.525,-148.970,0.286,-417.575,-148.970,0.286,-416.425,-148.350,0.286,-417.575,-148.970,0.286,-416.425,-148.350,0.286,-416.425,-148.350,0.286,-417.575,-131.650,0.286,-383.575,-131.650,0.286,-382.425,-131.030,0.286,-383.575,-131.650,0.286,-382.425,-131.030,0.286,-382.425,-131.030,0.286,-383.575,-142.872,0.287,-330.525,-142.872,0.287,-329.475,-141.822,0.287,-330.525,-142.872,0.287,-329.475,-141.822,0.287,-329.475,-141.822,0.287,-330.525;;26292c
Mesh;1962;;-775.400,0.310,305.600,-775.400,0.310,310.000,-770.800,0.310,305.600,-775.400,0.310,310.000,-770.800,0.310,310.000,-770.800,0.310,305.600,-743.400,0.310,305.600,-743.400,0.310,310.000,-738.800,0.310,305.600,-743.400,0.310,310.000,-738.800,0.310,310.000,-738.800,0.310,305.600,-711.400,0.310,305.600,-711.400,0.310,310.000,-706.800,0.310,305.600,-711.400,0.310,310.000,-706.800,0.310,310.000,-706.800,0.310,305.600,-679.400,0.310,305.600,-679.400,0.310,310.000,-674.800,0.310,305.600,-679.400,0.310,310.000,-674.800,0.310,310.000,-674.800,0.310,305.600,-595.400,0.310,305.600,-595.400,0.310,310.000,-590.800,0.310,305.600,-595.400,0.310,310.000,-590.800,0.310,310.000,-590.800,0.310,305.600,-568.200,0.310,305.600,-568.200,0.310,310.000,-563.600,0.310,305.600,-568.200,0.310,310.000,-563.600,0.310,310.000,-563.600,0.310,305.600,-541.000,0.310,305.600,-541.000,0.310,310.000,-536.400,0.310,305.600,-541.000,0.310,310.000,-536.400,0.310,310.000,-536.400,0.310,305.600,-513.800,0.310,305.600,-513.800,0.310,310.000,-509.200,0.310,305.600,-513.800,0.310,310.000,-509.200,0.310,310.000,-509.200,0.310,305.600,-486.600,0.310,305.600,-486.600,0.310,310.000,-482.000,0.310,305.600,-486.600,0.310,310.000,-482.000,0.310,310.000,-482.000,0.310,305.600,-459.400,0.310,305.600,-459.400,0.310,310.000,-454.800,0.310,305.600,-459.400,0.310,310.000,-454.800,0.310,310.000,-454.800,0.310,305.600,-375.400,0.310,305.600,-375.400,0.310,310.000,-370.800,0.310,305.600,-375.400,0.310,310.000,-370.800,0.310,310.000,-370.800,0.310,305.600,-342.733,0.310,305.600,-342.733,0.310,310.000,-338.133,0.310,305.600,-342.733,0.310,310.000,-338.133,0.310,310.000,-338.133,0.310,305.600,-310.067,0.310,305.600,-310.067,0.310,310.000,-305.467,0.310,305.600,-310.067,0.310,310.000,-305.467,0.310,310.000,-305.467,0.310,305.600,-277.400,0.310,305.600,-277.400,0.310,310.000,-272.800,0.310,305.600,-277.400,0.310,310.000,-272.800,0.310,310.000,-272.800,0.310,305.600,-244.733,0.310,305.600,-244.733,0.310,310.000,-240.133,0.310,305.600,-244.733,0.310,310.000,-240.133,0.310,310.000,-240.133,0.310,305.600,-212.067,0.310,305.600,-212.067,0.310,310.000,-207.467,0.310,305.600,-212.067,0.310,310.000,-207.467,0.310,310.000,-207.467,0.310,305.600;;9d998eT2048
Mesh;360;;-767.800,0.292,318.800,-772.200,0.292,318.800,-767.800,0.292,321.200,-772.200,0.292,318.800,-772.200,0.292,321.200,-767.800,0.292,321.200,-736.200,0.292,321.200,-731.800,0.292,321.200,-736.200,0.292,318.800,-731.800,0.292,321.200,-731.800,0.292,318.800,-736.200,0.292,318.800,-695.800,0.292,318.800,-700.200,0.292,318.800,-695.800,0.292,321.200,-700.200,0.292,318.800,-700.200,0.292,321.200,-695.800,0.292,321.200,-664.200,0.292,321.200,-659.800,0.292,321.200,-664.200,0.292,318.800,-659.800,0.292,321.200,-659.800,0.292,318.800,-664.200,0.292,318.800,-587.800,0.292,318.800,-592.200,0.292,318.800,-587.800,0.292,321.200,-592.200,0.292,318.800,-592.200,0.292,321.200,-587.800,0.292,321.200,-556.200,0.292,321.200,-551.800,0.292,321.200,-556.200,0.292,318.800,-551.800,0.292,321.200,-551.800,0.292,318.800,-556.200,0.292,318.800,-515.800,0.292,318.800,-520.200,0.292,318.800,-515.800,0.292,321.200,-520.200,0.292,318.800,-520.200,0.292,321.200,-515.800,0.292,321.200,-484.200,0.292,321.200,-479.800,0.292,321.200,-484.200,0.292,318.800,-479.800,0.292,321.200,-479.800,0.292,318.800,-484.200,0.292,318.800,-443.800,0.292,318.800,-448.200,0.292,318.800,-443.800,0.292,321.200,-448.200,0.292,318.800,-448.200,0.292,321.200,-443.800,0.292,321.200,-376.200,0.292,321.200,-371.800,0.292,321.200,-376.200,0.292,318.800,-371.800,0.292,321.200,-371.800,0.292,318.800,-376.200,0.292,318.800,-335.800,0.292,318.800,-340.200,0.292,318.800,-335.800,0.292,321.200,-340.200,0.292,318.800,-340.200,0.292,321.200,-335.800,0.292,321.200,-304.200,0.292,321.200,-299.800,0.292,321.200,-304.200,0.292,318.800,-299.800,0.292,321.200,-299.800,0.292,318.800,-304.200,0.292,318.800,-263.800,0.292,318.800,-268.200,0.292,318.800,-263.800,0.292,321.200,-268.200,0.292,318.800,-268.200,0.292,321.200,-263.800,0.292,321.200,-232.200,0.292,321.200,-227.800,0.292,321.200,-232.200,0.292,318.800,-227.800,0.292,321.200,-227.800,0.292,318.800,-232.200,0.292,318.800,-191.800,0.292,318.800,-196.200,0.292,318.800,-191.800,0.292,321.200,-196.200,0.292,318.800,-196.200,0.292,321.200,-191.800,0.292,321.200,-88.200,0.292,321.200,-83.800,0.292,321.200,-88.200,0.292,318.800,-83.800,0.292,321.200,-83.800,0.292,318.800,-88.200,0.292,318.800;;ffffffT128
Mesh;804;;-800.000,0.292,-647.180,-800.000,0.292,-645.880,-153.900,0.292,-647.180,-800.000,0.292,-645.880,-153.900,0.292,-645.880,-153.900,0.292,-647.180,-126.100,0.292,-647.180,-126.100,0.292,-645.880,307.100,0.292,-647.180,-126.100,0.292,-645.880,307.100,0.292,-645.880,307.100,0.292,-647.180,329.100,0.292,-647.180,329.100,0.292,-645.880,330.000,0.292,-647.180,329.100,0.292,-645.880,330.000,0.292,-645.880,330.000,0.292,-647.180,-800.000,0.292,-634.120,-800.000,0.292,-632.820,-153.900,0.292,-634.120,-800.000,0.292,-632.820,-153.900,0.292,-632.820,-153.900,0.292,-634.120,-126.100,0.292,-634.120,-126.100,0.292,-632.820,307.100,0.292,-634.120,-126.100,0.292,-632.820,307.100,0.292,-632.820,307.100,0.292,-634.120,329.100,0.292,-634.120,329.100,0.292,-632.820,330.000,0.292,-634.120,329.100,0.292,-632.820,330.000,0.292,-632.820,330.000,0.292,-634.120,-446.680,0.292,-370.000,-446.680,0.292,-369.100,-445.380,0.292,-370.000,-446.680,0.292,-369.100,-445.380,0.292,-369.100,-445.380,0.292,-370.000,-446.680,0.292,-347.100,-446.680,0.292,-189.900,-445.380,0.292,-347.100,-446.680,0.292,-189.900,-445.380,0.292,-189.900,-445.380,0.292,-347.100,-446.680,0.292,-170.100,-446.680,0.292,-52.900,-445.380,0.292,-170.100,-446.680,0.292,-52.900,-445.380,0.292,-52.900,-445.380,0.292,-170.100,-446.680,0.292,-30.900,-446.680,0.292,-30.000,-445.380,0.292,-30.900,-446.680,0.292,-30.000,-445.380,0.292,-30.000,-445.380,0.292,-30.900,-434.620,0.292,-370.000,-434.620,0.292,-369.100,-433.320,0.292,-370.000,-434.620,0.292,-369.100,-433.320,0.292,-369.100,-433.320,0.292,-370.000,-434.620,0.292,-347.100,-434.620,0.292,-189.900,-433.320,0.292,-347.100,-434.620,0.292,-189.900,-433.320,0.292,-189.900,-433.320,0.292,-347.100,-434.620,0.292,-170.100,-434.620,0.292,-52.900,-433.320,0.292,-170.100,-434.620,0.292,-52.900,-433.320,0.292,-52.900,-433.320,0.292,-170.100,-434.620,0.292,-30.900,-434.620,0.292,-30.000,-433.320,0.292,-30.900,-434.620,0.292,-30.000,-433.320,0.292,-30.000,-433.320,0.292,-30.900,-720.000,0.292,-186.680,-720.000,0.292,-185.380,-449.900,0.292,-186.680,-720.000,0.292,-185.380,-449.900,0.292,-185.380,-449.900,0.292,-186.680,-430.100,0.292,-186.680,-430.100,0.292,-185.380,-153.900,0.292,-186.680,-430.100,0.292,-185.380,-153.900,0.292,-185.380,-153.900,0.292,-186.680;;8fae74T2048
Mesh;138;;-134.450,0.292,340.800,-134.450,0.292,345.200,-132.050,0.292,340.800,-134.450,0.292,345.200,-132.050,0.292,345.200,-132.050,0.292,340.800,-145.550,0.292,299.200,-145.550,0.292,294.800,-147.950,0.292,299.200,-145.550,0.292,294.800,-147.950,0.292,294.800,-147.950,0.292,299.200,-159.800,0.292,326.300,-164.200,0.292,326.300,-159.800,0.292,328.700,-164.200,0.292,326.300,-164.200,0.292,328.700,-159.800,0.292,328.700,-120.200,0.292,313.700,-115.800,0.292,313.700,-120.200,0.292,311.300,-115.800,0.292,313.700,-115.800,0.292,311.300,-120.200,0.292,311.300,-134.450,0.292,-341.200,-134.450,0.292,-336.800,-132.050,0.292,-341.200,-134.450,0.292,-336.800,-132.050,0.292,-336.800,-132.050,0.292,-341.200,-145.550,0.292,-378.800,-145.550,0.292,-383.200,-147.950,0.292,-378.800,-145.550,0.292,-383.200,-147.950,0.292,-383.200,-147.950,0.292,-378.800,-159.800,0.292,-355.200,-164.200,0.292,-355.200,-159.800,0.292,-352.800,-164.200,0.292,-355.200,-164.200,0.292,-352.800,-159.800,0.292,-352.800,-120.200,0.292,-364.800,-115.800,0.292,-364.800,-120.200,0.292,-367.200,-115.800,0.292,-364.800,-115.800,0.292,-367.200,-120.200,0.292,-367.200,-134.450,0.292,-21.200,-134.450,0.292,-16.800,-132.050,0.292,-21.200,-134.450,0.292,-16.800,-132.050,0.292,-16.800,-132.050,0.292,-21.200,-145.550,0.292,-58.800,-145.550,0.292,-63.200,-147.950,0.292,-58.800,-145.550,0.292,-63.200,-147.950,0.292,-63.200,-147.950,0.292,-58.800,-159.800,0.292,-35.200,-164.200,0.292,-35.200,-159.800,0.292,-32.800,-164.200,0.292,-35.200,-164.200,0.292,-32.800,-159.800,0.292,-32.800,-120.200,0.292,-44.800,-115.800,0.292,-44.800,-120.200,0.292,-47.200,-115.800,0.292,-44.800,-115.800,0.292,-47.200,-120.200,0.292,-47.200,324.800,0.292,340.800,324.800,0.292,345.200,327.200,0.292,340.800,324.800,0.292,345.200,327.200,0.292,345.200,327.200,0.292,340.800,315.200,0.292,299.200,315.200,0.292,294.800,312.800,0.292,299.200,315.200,0.292,294.800,312.800,0.292,294.800,312.800,0.292,299.200,301.200,0.292,326.300,296.800,0.292,326.300,301.200,0.292,328.700,296.800,0.292,326.300,296.800,0.292,328.700,301.200,0.292,328.700,338.800,0.292,313.700,343.200,0.292,313.700,338.800,0.292,311.300,343.200,0.292,313.700,343.200,0.292,311.300,338.800,0.292,311.300;;ffffffT128
Mesh;1380;;-153.100,0.335,306.450,-153.100,0.335,307.950,-149.300,0.335,306.450,-153.100,0.335,307.950,-149.300,0.335,307.950,-149.300,0.335,306.450,-130.700,0.335,306.450,-130.700,0.335,307.950,-126.900,0.335,306.450,-130.700,0.335,307.950,-126.900,0.335,307.950,-126.900,0.335,306.450,-153.100,0.335,332.050,-153.100,0.335,333.550,-149.300,0.335,332.050,-153.100,0.335,333.550,-149.300,0.335,333.550,-149.300,0.335,332.050,-130.700,0.335,332.050,-130.700,0.335,333.550,-126.900,0.335,332.050,-130.700,0.335,333.550,-126.900,0.335,333.550,-126.900,0.335,332.050,-152.550,0.335,305.900,-152.550,0.335,309.700,-151.050,0.335,305.900,-152.550,0.335,309.700,-151.050,0.335,309.700,-151.050,0.335,305.900,-152.550,0.335,330.300,-152.550,0.335,334.100,-151.050,0.335,330.300,-152.550,0.335,334.100,-151.050,0.335,334.100,-151.050,0.335,330.300,-128.950,0.335,305.900,-128.950,0.335,309.700,-127.450,0.335,305.900,-128.950,0.335,309.700,-127.450,0.335,309.700,-127.450,0.335,305.900,-128.950,0.335,330.300,-128.950,0.335,334.100,-127.450,0.335,330.300,-128.950,0.335,334.100,-127.450,0.335,334.100,-127.450,0.335,330.300,-153.100,0.335,-371.550,-153.100,0.335,-370.050,-149.300,0.335,-371.550,-153.100,0.335,-370.050,-149.300,0.335,-370.050,-149.300,0.335,-371.550,-130.700,0.335,-371.550,-130.700,0.335,-370.050,-126.900,0.335,-371.550,-130.700,0.335,-370.050,-126.900,0.335,-370.050,-126.900,0.335,-371.550,-153.100,0.335,-349.950,-153.100,0.335,-348.450,-149.300,0.335,-349.950,-153.100,0.335,-348.450,-149.300,0.335,-348.450,-149.300,0.335,-349.950,-130.700,0.335,-349.950,-130.700,0.335,-348.450,-126.900,0.335,-349.950,-130.700,0.335,-348.450,-126.900,0.335,-348.450,-126.900,0.335,-349.950,-152.550,0.335,-372.100,-152.550,0.335,-368.300,-151.050,0.335,-372.100,-152.550,0.335,-368.300,-151.050,0.335,-368.300,-151.050,0.335,-372.100,-152.550,0.335,-351.700,-152.550,0.335,-347.900,-151.050,0.335,-351.700,-152.550,0.335,-347.900,-151.050,0.335,-347.900,-151.050,0.335,-351.700,-128.950,0.335,-372.100,-128.950,0.335,-368.300,-127.450,0.335,-372.100,-128.950,0.335,-368.300,-127.450,0.335,-368.300,-127.450,0.335,-372.100,-128.950,0.335,-351.700,-128.950,0.335,-347.900,-127.450,0.335,-351.700,-128.950,0.335,-347.900,-127.450,0.335,-347.900,-127.450,0.335,-351.700;;ffffffT64
Mesh;5940;;149.890,0.285,-539.550,149.890,0.285,-534.050,150.110,0.285,-539.550,149.890,0.285,-534.050,150.110,0.285,-534.050,150.110,0.285,-539.550,149.890,0.285,-449.950,149.890,0.285,-444.450,150.110,0.285,-449.950,149.890,0.285,-444.450,150.110,0.285,-444.450,150.110,0.285,-449.950,153.299,0.285,-539.550,153.299,0.285,-534.050,153.519,0.285,-539.550,153.299,0.285,-534.050,153.519,0.285,-534.050,153.519,0.285,-539.550,153.299,0.285,-449.950,153.299,0.285,-444.450,153.519,0.285,-449.950,153.299,0.285,-444.450,153.519,0.285,-444.450,153.519,0.285,-449.950,156.708,0.285,-539.550,156.708,0.285,-534.050,156.928,0.285,-539.550,156.708,0.285,-534.050,156.928,0.285,-534.050,156.928,0.285,-539.550,156.708,0.285,-449.950,156.708,0.285,-444.450,156.928,0.285,-449.950,156.708,0.285,-444.450,156.928,0.285,-444.450,156.928,0.285,-449.950,160.117,0.285,-539.550,160.117,0.285,-534.050,160.337,0.285,-539.550,160.117,0.285,-534.050,160.337,0.285,-534.050,160.337,0.285,-539.550,160.117,0.285,-449.950,160.117,0.285,-444.450,160.337,0.285,-449.950,160.117,0.285,-444.450,160.337,0.285,-444.450,160.337,0.285,-449.950,163.526,0.285,-539.550,163.526,0.285,-534.050,163.746,0.285,-539.550,163.526,0.285,-534.050,163.746,0.285,-534.050,163.746,0.285,-539.550,163.526,0.285,-449.950,163.526,0.285,-444.450,163.746,0.285,-449.950,163.526,0.285,-444.450,163.746,0.285,-444.450,163.746,0.285,-449.950,166.935,0.285,-539.550,166.935,0.285,-534.050,167.155,0.285,-539.550,166.935,0.285,-534.050,167.155,0.285,-534.050,167.155,0.285,-539.550,166.935,0.285,-449.950,166.935,0.285,-444.450,167.155,0.285,-449.950,166.935,0.285,-444.450,167.155,0.285,-444.450,167.155,0.285,-449.950,170.345,0.285,-539.550,170.345,0.285,-534.050,170.565,0.285,-539.550,170.345,0.285,-534.050,170.565,0.285,-534.050,170.565,0.285,-539.550,170.345,0.285,-449.950,170.345,0.285,-444.450,170.565,0.285,-449.950,170.345,0.285,-444.450,170.565,0.285,-444.450,170.565,0.285,-449.950,173.754,0.285,-539.550,173.754,0.285,-534.050,173.974,0.285,-539.550,173.754,0.285,-534.050,173.974,0.285,-534.050,173.974,0.285,-539.550,173.754,0.285,-449.950,173.754,0.285,-444.450,173.974,0.285,-449.950,173.754,0.285,-444.450,173.974,0.285,-444.450,173.974,0.285,-449.950;;dfe3e6
Mesh;5784;;150.905,0.292,-538.990,150.905,0.292,-538.810,152.505,0.292,-538.990,150.905,0.292,-538.810,152.505,0.292,-538.810,152.505,0.292,-538.990,150.905,0.292,-445.190,150.905,0.292,-445.010,152.505,0.292,-445.190,150.905,0.292,-445.010,152.505,0.292,-445.010,152.505,0.292,-445.190,154.314,0.292,-538.990,154.314,0.292,-538.810,155.914,0.292,-538.990,154.314,0.292,-538.810,155.914,0.292,-538.810,155.914,0.292,-538.990,154.314,0.292,-445.190,154.314,0.292,-445.010,155.914,0.292,-445.190,154.314,0.292,-445.010,155.914,0.292,-445.010,155.914,0.292,-445.190,157.723,0.292,-538.990,157.723,0.292,-538.810,159.323,0.292,-538.990,157.723,0.292,-538.810,159.323,0.292,-538.810,159.323,0.292,-538.990,157.723,0.292,-445.190,157.723,0.292,-445.010,159.323,0.292,-445.190,157.723,0.292,-445.010,159.323,0.292,-445.010,159.323,0.292,-445.190,161.132,0.292,-538.990,161.132,0.292,-538.810,162.732,0.292,-538.990,161.132,0.292,-538.810,162.732,0.292,-538.810,162.732,0.292,-538.990,161.132,0.292,-445.190,161.132,0.292,-445.010,162.732,0.292,-445.190,161.132,0.292,-445.010,162.732,0.292,-445.010,162.732,0.292,-445.190,164.541,0.292,-538.990,164.541,0.292,-538.810,166.141,0.292,-538.990,164.541,0.292,-538.810,166.141,0.292,-538.810,166.141,0.292,-538.990,164.541,0.292,-445.190,164.541,0.292,-445.010,166.141,0.292,-445.190,164.541,0.292,-445.010,166.141,0.292,-445.010,166.141,0.292,-445.190,167.950,0.292,-538.990,167.950,0.292,-538.810,169.550,0.292,-538.990,167.950,0.292,-538.810,169.550,0.292,-538.810,169.550,0.292,-538.990,167.950,0.292,-445.190,167.950,0.292,-445.010,169.550,0.292,-445.190,167.950,0.292,-445.010,169.550,0.292,-445.010,169.550,0.292,-445.190,171.359,0.292,-538.990,171.359,0.292,-538.810,172.959,0.292,-538.990,171.359,0.292,-538.810,172.959,0.292,-538.810,172.959,0.292,-538.990,171.359,0.292,-445.190,171.359,0.292,-445.010,172.959,0.292,-445.190,171.359,0.292,-445.010,172.959,0.292,-445.010,172.959,0.292,-445.190,174.768,0.292,-538.990,174.768,0.292,-538.810,176.368,0.292,-538.990,174.768,0.292,-538.810,176.368,0.292,-538.810,176.368,0.292,-538.990,174.768,0.292,-445.190,174.768,0.292,-445.010,176.368,0.292,-445.190,174.768,0.292,-445.010,176.368,0.292,-445.010,176.368,0.292,-445.190;;d4b23a
Mesh;66;;152.300,0.284,-539.550,152.300,0.284,-534.050,155.700,0.284,-539.550,152.300,0.284,-534.050,155.700,0.284,-534.050,155.700,0.284,-539.550,-7.700,0.284,-164.550,-7.700,0.284,-159.050,-4.300,0.284,-164.550,-7.700,0.284,-159.050,-4.300,0.284,-159.050,-4.300,0.284,-164.550,15.300,0.284,348.450,15.300,0.284,353.950,18.700,0.284,348.450,15.300,0.284,353.950,18.700,0.284,353.950,18.700,0.284,348.450,137.300,0.284,356.450,137.300,0.284,361.950,140.700,0.284,356.450,137.300,0.284,361.950,140.700,0.284,361.950,140.700,0.284,356.450,397.300,0.284,345.450,397.300,0.284,350.950,400.700,0.284,345.450,397.300,0.284,350.950,400.700,0.284,350.950,400.700,0.284,345.450,397.300,0.284,562.450,397.300,0.284,567.950,400.700,0.284,562.450,397.300,0.284,567.950,400.700,0.284,567.950,400.700,0.284,562.450,-115.700,0.284,332.450,-115.700,0.284,337.950,-112.300,0.284,332.450,-115.700,0.284,337.950,-112.300,0.284,337.950,-112.300,0.284,332.450,-562.700,0.284,445.450,-562.700,0.284,450.950,-559.300,0.284,445.450,-562.700,0.284,450.950,-559.300,0.284,450.950,-559.300,0.284,445.450,-552.700,0.284,-484.550,-552.700,0.284,-479.050,-549.300,0.284,-484.550,-552.700,0.284,-479.050,-549.300,0.284,-479.050,-549.300,0.284,-484.550,462.300,0.284,-659.550,462.300,0.284,-654.050,465.700,0.284,-659.550,462.300,0.284,-654.050,465.700,0.284,-654.050,465.700,0.284,-659.550,22.300,0.284,535.450,22.300,0.284,540.950,25.700,0.284,535.450,22.300,0.284,540.950,25.700,0.284,540.950,25.700,0.284,535.450;;2e6b9a
Mesh;348;;665.799,0.290,105.859,660.201,0.290,97.976,585.000,0.290,150.000,660.201,0.290,97.976,652.751,0.290,91.374,585.000,0.290,150.000,652.751,0.290,91.374,643.633,0.290,86.216,585.000,0.290,150.000,643.633,0.290,86.216,633.071,0.290,82.628,585.000,0.290,150.000,633.071,0.290,82.628,621.325,0.290,80.699,585.000,0.290,150.000,621.325,0.290,80.699,608.685,0.290,80.476,585.000,0.290,150.000,608.685,0.290,80.476,595.462,0.290,81.966,585.000,0.290,150.000,595.462,0.290,81.966,581.981,0.290,85.130,585.000,0.290,150.000,581.981,0.290,85.130,568.575,0.290,89.892,585.000,0.290,150.000,568.575,0.290,89.892,555.573,0.290,96.134,585.000,0.290,150.000,555.573,0.290,96.134,543.295,0.290,103.702,585.000,0.290,150.000,543.295,0.290,103.702,532.045,0.290,112.411,585.000,0.290,150.000,532.045,0.290,112.411,522.098,0.290,122.044,585.000,0.290,150.000,522.098,0.290,122.044,513.700,0.290,132.367,585.000,0.290,150.000,513.700,0.290,132.367,507.058,0.290,143.123,585.000,0.290,150.000,507.058,0.290,143.123,502.335,0.290,154.049,585.000,0.290,150.000,502.335,0.290,154.049,499.648,0.290,164.875,585.000,0.290,150.000,499.648,0.290,164.875,499.062,0.290,175.335,585.000,0.290,150.000,499.062,0.290,175.335,500.592,0.290,185.171,585.000,0.290,150.000,500.592,0.290,185.171,504.201,0.290,194.141,585.000,0.290,150.000,504.201,0.290,194.141,509.799,0.290,202.024,585.000,0.290,150.000,509.799,0.290,202.024,517.249,0.290,208.626,585.000,0.290,150.000,517.249,0.290,208.626,526.367,0.290,213.784,585.000,0.290,150.000,526.367,0.290,213.784,536.929,0.290,217.372,585.000,0.290,150.000,536.929,0.290,217.372,548.675,0.290,219.301,585.000,0.290,150.000,548.675,0.290,219.301,561.315,0.290,219.524,585.000,0.290,150.000,561.315,0.290,219.524,574.538,0.290,218.034,585.000,0.290,150.000,574.538,0.290,218.034,588.019,0.290,214.870,585.000,0.290,150.000,588.019,0.290,214.870,601.425,0.290,210.108,585.000,0.290,150.000,601.425,0.290,210.108,614.427,0.290,203.866,585.000,0.290,150.000,614.427,0.290,203.866,626.705,0.290,196.298,585.000,0.290,150.000,626.705,0.290,196.298,637.955,0.290,187.589,585.000,0.290,150.000;;c9bd9a
Mesh;366000;;-789.320,2.600,-18.920,-789.320,0.000,-18.920,-789.320,2.600,-19.080,-789.320,0.000,-18.920,-789.320,0.000,-19.080,-789.320,2.600,-19.080,-789.480,2.600,-19.080,-789.480,0.000,-19.080,-789.480,2.600,-18.920,-789.480,0.000,-19.080,-789.480,0.000,-18.920,-789.480,2.600,-18.920,-789.480,2.600,-19.080,-789.480,2.600,-18.920,-789.320,2.600,-19.080,-789.480,2.600,-18.920,-789.320,2.600,-18.920,-789.320,2.600,-19.080,-789.480,0.000,-18.920,-789.480,0.000,-19.080,-789.320,0.000,-18.920,-789.480,0.000,-19.080,-789.320,0.000,-19.080,-789.320,0.000,-18.920,-789.480,2.600,-18.920,-789.480,0.000,-18.920,-789.320,2.600,-18.920,-789.480,0.000,-18.920,-789.320,0.000,-18.920,-789.320,2.600,-18.920,-789.320,2.600,-19.080,-789.320,0.000,-19.080,-789.480,2.600,-19.080,-789.320,0.000,-19.080,-789.480,0.000,-19.080,-789.480,2.600,-19.080,-786.520,2.600,-18.920,-786.520,0.000,-18.920,-786.520,2.600,-19.080,-786.520,0.000,-18.920,-786.520,0.000,-19.080,-786.520,2.600,-19.080,-786.680,2.600,-19.080,-786.680,0.000,-19.080,-786.680,2.600,-18.920,-786.680,0.000,-19.080,-786.680,0.000,-18.920,-786.680,2.600,-18.920,-786.680,2.600,-19.080,-786.680,2.600,-18.920,-786.520,2.600,-19.080,-786.680,2.600,-18.920,-786.520,2.600,-18.920,-786.520,2.600,-19.080,-786.680,0.000,-18.920,-786.680,0.000,-19.080,-786.520,0.000,-18.920,-786.680,0.000,-19.080,-786.520,0.000,-19.080,-786.520,0.000,-18.920,-786.680,2.600,-18.920,-786.680,0.000,-18.920,-786.520,2.600,-18.920,-786.680,0.000,-18.920,-786.520,0.000,-18.920,-786.520,2.600,-18.920,-786.520,2.600,-19.080,-786.520,0.000,-19.080,-786.680,2.600,-19.080,-786.520,0.000,-19.080,-786.680,0.000,-19.080,-786.680,2.600,-19.080,-786.200,2.650,-18.910,-786.200,1.150,-18.910,-786.200,2.650,-19.090,-786.200,1.150,-18.910,-786.200,1.150,-19.090,-786.200,2.650,-19.090,-789.800,2.650,-19.090,-789.800,1.150,-19.090,-789.800,2.650,-18.910,-789.800,1.150,-19.090,-789.800,1.150,-18.910,-789.800,2.650,-18.910,-789.800,2.650,-19.090,-789.800,2.650,-18.910,-786.200,2.650,-19.090,-789.800,2.650,-18.910,-786.200,2.650,-18.910,-786.200,2.650,-19.090,-789.800,1.150,-18.910,-789.800,1.150,-19.090,-786.200,1.150,-18.910,-789.800,1.150,-19.090,-786.200,1.150,-19.090,-786.200,1.150,-18.910;;ffffffvc
Mesh;30;;-795.000,0.275,-24.000,-795.000,0.275,128.000,-750.000,0.275,-24.000,-795.000,0.275,128.000,-750.000,0.275,128.000,-750.000,0.275,-24.000,650.000,0.275,-610.000,650.000,0.275,-552.000,795.000,0.275,-610.000,650.000,0.275,-552.000,795.000,0.275,-552.000,795.000,0.275,-610.000,645.000,0.275,-345.000,645.000,0.275,-292.000,790.000,0.275,-345.000,645.000,0.275,-292.000,790.000,0.275,-292.000,790.000,0.275,-345.000,692.000,0.275,435.000,692.000,0.275,615.000,795.000,0.275,435.000,692.000,0.275,615.000,795.000,0.275,615.000,795.000,0.275,435.000,-640.000,0.275,-715.000,-640.000,0.275,-665.000,-350.000,0.275,-715.000,-640.000,0.275,-665.000,-350.000,0.275,-665.000,-350.000,0.275,-715.000;;8aa868T2048
Mesh;12;;-622.000,0.275,-24.000,-622.000,0.275,55.000,-455.000,0.275,-24.000,-622.000,0.275,55.000,-455.000,0.275,55.000,-455.000,0.275,-24.000,-285.000,0.275,-615.000,-285.000,0.275,-550.000,-170.000,0.275,-615.000,-285.000,0.275,-550.000,-170.000,0.275,-550.000,-170.000,0.275,-615.000;;a9bd83T2048
Mesh;9246;;-613.800,0.286,15.500,-614.444,0.286,13.944,-616.000,0.286,15.500,-614.444,0.286,13.944,-616.000,0.286,13.300,-616.000,0.286,15.500,-616.000,0.286,13.300,-617.556,0.286,13.944,-616.000,0.286,15.500,-617.556,0.286,13.944,-618.200,0.286,15.500,-616.000,0.286,15.500,-618.200,0.286,15.500,-617.556,0.286,17.056,-616.000,0.286,15.500,-617.556,0.286,17.056,-616.000,0.286,17.700,-616.000,0.286,15.500,-616.000,0.286,17.700,-614.444,0.286,17.056,-616.000,0.286,15.500,-614.444,0.286,17.056,-613.800,0.286,15.500,-616.000,0.286,15.500,-610.430,0.286,15.908,-611.075,0.286,14.353,-612.630,0.286,15.908,-611.075,0.286,14.353,-612.630,0.286,13.708,-612.630,0.286,15.908,-612.630,0.286,13.708,-614.186,0.286,14.353,-612.630,0.286,15.908,-614.186,0.286,14.353,-614.830,0.286,15.908,-612.630,0.286,15.908,-614.830,0.286,15.908,-614.186,0.286,17.464,-612.630,0.286,15.908,-614.186,0.286,17.464,-612.630,0.286,18.108,-612.630,0.286,15.908,-612.630,0.286,18.108,-611.075,0.286,17.464,-612.630,0.286,15.908,-611.075,0.286,17.464,-610.430,0.286,15.908,-612.630,0.286,15.908,-607.061,0.286,16.309,-607.705,0.286,14.754,-609.261,0.286,16.309,-607.705,0.286,14.754,-609.261,0.286,14.109,-609.261,0.286,16.309,-609.261,0.286,14.109,-610.817,0.286,14.754,-609.261,0.286,16.309,-610.817,0.286,14.754,-611.461,0.286,16.309,-609.261,0.286,16.309,-611.461,0.286,16.309,-610.817,0.286,17.865,-609.261,0.286,16.309,-610.817,0.286,17.865,-609.261,0.286,18.509,-609.261,0.286,16.309,-609.261,0.286,18.509,-607.705,0.286,17.865,-609.261,0.286,16.309,-607.705,0.286,17.865,-607.061,0.286,16.309,-609.261,0.286,16.309,-603.691,0.286,16.695,-604.336,0.286,15.140,-605.891,0.286,16.695,-604.336,0.286,15.140,-605.891,0.286,14.495,-605.891,0.286,16.695,-605.891,0.286,14.495,-607.447,0.286,15.140,-605.891,0.286,16.695,-607.447,0.286,15.140,-608.091,0.286,16.695,-605.891,0.286,16.695,-608.091,0.286,16.695,-607.447,0.286,18.251,-605.891,0.286,16.695,-607.447,0.286,18.251,-605.891,0.286,18.895,-605.891,0.286,16.695,-605.891,0.286,18.895,-604.336,0.286,18.251,-605.891,0.286,16.695,-604.336,0.286,18.251,-603.691,0.286,16.695,-605.891,0.286,16.695;;b8a888T1024
Mesh;12;;648.000,0.275,-700.000,648.000,0.275,-616.000,795.000,0.275,-700.000,648.000,0.275,-616.000,795.000,0.275,-616.000,795.000,0.275,-700.000,345.000,0.275,625.000,345.000,0.275,735.000,795.000,0.275,625.000,345.000,0.275,735.000,795.000,0.275,735.000,795.000,0.275,625.000;;9db27eT2048
Mesh;6;;756.000,0.282,583.000,756.000,0.282,607.000,790.000,0.282,583.000,756.000,0.282,607.000,790.000,0.282,607.000,790.000,0.282,583.000;;c9bd9aT1024
Mesh;54;;-789.600,2.500,-18.890,-789.600,1.400,-18.890,-786.400,2.500,-18.890,-789.600,1.400,-18.890,-786.400,1.400,-18.890,-786.400,2.500,-18.890,-616.600,2.500,-18.890,-616.600,1.400,-18.890,-613.400,2.500,-18.890,-616.600,1.400,-18.890,-613.400,1.400,-18.890,-613.400,2.500,-18.890,-279.600,2.500,-609.890,-279.600,1.400,-609.890,-276.400,2.500,-609.890,-279.600,1.400,-609.890,-276.400,1.400,-609.890,-276.400,2.500,-609.890,655.400,2.500,-604.890,655.400,1.400,-604.890,658.600,2.500,-604.890,655.400,1.400,-604.890,658.600,1.400,-604.890,658.600,2.500,-604.890,653.400,2.500,-694.890,653.400,1.400,-694.890,656.600,2.500,-694.890,653.400,1.400,-694.890,656.600,1.400,-694.890,656.600,2.500,-694.890,650.400,2.500,-339.890,650.400,1.400,-339.890,653.600,2.500,-339.890,650.400,1.400,-339.890,653.600,1.400,-339.890,653.600,2.500,-339.890,697.400,2.500,440.110,697.400,1.400,440.110,700.600,2.500,440.110,697.400,1.400,440.110,700.600,1.400,440.110,700.600,2.500,440.110,350.400,2.500,630.110,350.400,1.400,630.110,353.600,2.500,630.110,350.400,1.400,630.110,353.600,1.400,630.110,353.600,2.500,630.110,-634.600,2.500,-709.890,-634.600,1.400,-709.890,-631.400,2.500,-709.890,-634.600,1.400,-709.890,-631.400,1.400,-709.890,-631.400,2.500,-709.890;;ffffffT768
Mesh;6012;;375.400,0.288,120.000,374.944,0.288,118.300,372.000,0.288,120.000,374.944,0.288,118.300,373.700,0.288,117.056,372.000,0.288,120.000,373.700,0.288,117.056,372.000,0.288,116.600,372.000,0.288,120.000,372.000,0.288,116.600,370.300,0.288,117.056,372.000,0.288,120.000,370.300,0.288,117.056,369.056,0.288,118.300,372.000,0.288,120.000,369.056,0.288,118.300,368.600,0.288,120.000,372.000,0.288,120.000,368.600,0.288,120.000,369.056,0.288,121.700,372.000,0.288,120.000,369.056,0.288,121.700,370.300,0.288,122.944,372.000,0.288,120.000,370.300,0.288,122.944,372.000,0.288,123.400,372.000,0.288,120.000,372.000,0.288,123.400,373.700,0.288,122.944,372.000,0.288,120.000,373.700,0.288,122.944,374.944,0.288,121.700,372.000,0.288,120.000,374.944,0.288,121.700,375.400,0.288,120.000,372.000,0.288,120.000,377.848,0.288,123.166,377.392,0.288,121.466,374.448,0.288,123.166,377.392,0.288,121.466,376.148,0.288,120.221,374.448,0.288,123.166,376.148,0.288,120.221,374.448,0.288,119.766,374.448,0.288,123.166,374.448,0.288,119.766,372.748,0.288,120.221,374.448,0.288,123.166,372.748,0.288,120.221,371.504,0.288,121.466,374.448,0.288,123.166,371.504,0.288,121.466,371.048,0.288,123.166,374.448,0.288,123.166,371.048,0.288,123.166,371.504,0.288,124.866,374.448,0.288,123.166,371.504,0.288,124.866,372.748,0.288,126.110,374.448,0.288,123.166,372.748,0.288,126.110,374.448,0.288,126.566,374.448,0.288,123.166,374.448,0.288,126.566,376.148,0.288,126.110,374.448,0.288,123.166,376.148,0.288,126.110,377.392,0.288,124.866,374.448,0.288,123.166,377.392,0.288,124.866,377.848,0.288,123.166,374.448,0.288,123.166,380.296,0.288,126.325,379.840,0.288,124.625,376.896,0.288,126.325,379.840,0.288,124.625,378.596,0.288,123.380,376.896,0.288,126.325,378.596,0.288,123.380,376.896,0.288,122.925,376.896,0.288,126.325,376.896,0.288,122.925,375.196,0.288,123.380,376.896,0.288,126.325,375.196,0.288,123.380,373.952,0.288,124.625,376.896,0.288,126.325,373.952,0.288,124.625,373.496,0.288,126.325,376.896,0.288,126.325,373.496,0.288,126.325,373.952,0.288,128.025,376.896,0.288,126.325,373.952,0.288,128.025,375.196,0.288,129.269,376.896,0.288,126.325;;c9b898T1024
Mesh;96;;505.000,0.500,99.600,505.000,0.000,99.600,508.253,0.500,98.253,505.000,0.000,99.600,508.253,0.000,98.253,508.253,0.500,98.253,508.253,0.500,98.253,508.253,0.000,98.253,509.600,0.500,95.000,508.253,0.000,98.253,509.600,0.000,95.000,509.600,0.500,95.000,509.600,0.500,95.000,509.600,0.000,95.000,508.253,0.500,91.747,509.600,0.000,95.000,508.253,0.000,91.747,508.253,0.500,91.747,508.253,0.500,91.747,508.253,0.000,91.747,505.000,0.500,90.400,508.253,0.000,91.747,505.000,0.000,90.400,505.000,0.500,90.400,505.000,0.500,90.400,505.000,0.000,90.400,501.747,0.500,91.747,505.000,0.000,90.400,501.747,0.000,91.747,501.747,0.500,91.747,501.747,0.500,91.747,501.747,0.000,91.747,500.400,0.500,95.000,501.747,0.000,91.747,500.400,0.000,95.000,500.400,0.500,95.000,500.400,0.500,95.000,500.400,0.000,95.000,501.747,0.500,98.253,500.400,0.000,95.000,501.747,0.000,98.253,501.747,0.500,98.253,501.747,0.500,98.253,501.747,0.000,98.253,505.000,0.500,99.600,501.747,0.000,98.253,505.000,0.000,99.600,505.000,0.500,99.600,505.000,0.500,99.600,508.253,0.500,98.253,505.000,0.500,95.000,508.253,0.500,98.253,509.600,0.500,95.000,505.000,0.500,95.000,509.600,0.500,95.000,508.253,0.500,91.747,505.000,0.500,95.000,508.253,0.500,91.747,505.000,0.500,90.400,505.000,0.500,95.000,505.000,0.500,90.400,501.747,0.500,91.747,505.000,0.500,95.000,501.747,0.500,91.747,500.400,0.500,95.000,505.000,0.500,95.000,500.400,0.500,95.000,501.747,0.500,98.253,505.000,0.500,95.000,501.747,0.500,98.253,505.000,0.500,99.600,505.000,0.500,95.000,508.253,0.000,98.253,505.000,0.000,99.600,505.000,0.000,95.000,509.600,0.000,95.000,508.253,0.000,98.253,505.000,0.000,95.000,508.253,0.000,91.747,509.600,0.000,95.000,505.000,0.000,95.000,505.000,0.000,90.400,508.253,0.000,91.747,505.000,0.000,95.000,501.747,0.000,91.747,505.000,0.000,90.400,505.000,0.000,95.000,500.400,0.000,95.000,501.747,0.000,91.747,505.000,0.000,95.000,501.747,0.000,98.253,500.400,0.000,95.000,505.000,0.000,95.000,505.000,0.000,99.600,501.747,0.000,98.253,505.000,0.000,95.000;;b3a58c
Mesh;2844;;508.800,3.900,95.180,508.800,0.500,95.180,508.890,3.900,95.156,508.800,0.500,95.180,508.890,0.500,95.156,508.890,3.900,95.156,508.890,3.900,95.156,508.890,0.500,95.156,508.956,3.900,95.090,508.890,0.500,95.156,508.956,0.500,95.090,508.956,3.900,95.090,508.956,3.900,95.090,508.956,0.500,95.090,508.980,3.900,95.000,508.956,0.500,95.090,508.980,0.500,95.000,508.980,3.900,95.000,508.980,3.900,95.000,508.980,0.500,95.000,508.956,3.900,94.910,508.980,0.500,95.000,508.956,0.500,94.910,508.956,3.900,94.910,508.956,3.900,94.910,508.956,0.500,94.910,508.890,3.900,94.844,508.956,0.500,94.910,508.890,0.500,94.844,508.890,3.900,94.844,508.890,3.900,94.844,508.890,0.500,94.844,508.800,3.900,94.820,508.890,0.500,94.844,508.800,0.500,94.820,508.800,3.900,94.820,508.800,3.900,94.820,508.800,0.500,94.820,508.710,3.900,94.844,508.800,0.500,94.820,508.710,0.500,94.844,508.710,3.900,94.844,508.710,3.900,94.844,508.710,0.500,94.844,508.644,3.900,94.910,508.710,0.500,94.844,508.644,0.500,94.910,508.644,3.900,94.910,508.644,3.900,94.910,508.644,0.500,94.910,508.620,3.900,95.000,508.644,0.500,94.910,508.620,0.500,95.000,508.620,3.900,95.000,508.620,3.900,95.000,508.620,0.500,95.000,508.644,3.900,95.090,508.620,0.500,95.000,508.644,0.500,95.090,508.644,3.900,95.090,508.644,3.900,95.090,508.644,0.500,95.090,508.710,3.900,95.156,508.644,0.500,95.090,508.710,0.500,95.156,508.710,3.900,95.156,508.710,3.900,95.156,508.710,0.500,95.156,508.800,3.900,95.180,508.710,0.500,95.156,508.800,0.500,95.180,508.800,3.900,95.180,508.800,3.900,95.180,508.890,3.900,95.156,508.800,3.900,95.000,508.890,3.900,95.156,508.956,3.900,95.090,508.800,3.900,95.000,508.956,3.900,95.090,508.980,3.900,95.000,508.800,3.900,95.000,508.980,3.900,95.000,508.956,3.900,94.910,508.800,3.900,95.000,508.956,3.900,94.910,508.890,3.900,94.844,508.800,3.900,95.000,508.890,3.900,94.844,508.800,3.900,94.820,508.800,3.900,95.000,508.800,3.900,94.820,508.710,3.900,94.844,508.800,3.900,95.000,508.710,3.900,94.844,508.644,3.900,94.910,508.800,3.900,95.000;;e8e2d4
Mesh;72;;505.000,6.400,95.000,505.000,3.800,100.400,505.000,6.400,95.000,505.000,3.800,100.400,508.818,3.800,98.818,505.000,6.400,95.000,505.000,6.400,95.000,508.818,3.800,98.818,505.000,6.400,95.000,508.818,3.800,98.818,510.400,3.800,95.000,505.000,6.400,95.000,505.000,6.400,95.000,510.400,3.800,95.000,505.000,6.400,95.000,510.400,3.800,95.000,508.818,3.800,91.182,505.000,6.400,95.000,505.000,6.400,95.000,508.818,3.800,91.182,505.000,6.400,95.000,508.818,3.800,91.182,505.000,3.800,89.600,505.000,6.400,95.000,505.000,6.400,95.000,505.000,3.800,89.600,505.000,6.400,95.000,505.000,3.800,89.600,501.182,3.800,91.182,505.000,6.400,95.000,505.000,6.400,95.000,501.182,3.800,91.182,505.000,6.400,95.000,501.182,3.800,91.182,499.600,3.800,95.000,505.000,6.400,95.000,505.000,6.400,95.000,499.600,3.800,95.000,505.000,6.400,95.000,499.600,3.800,95.000,501.182,3.800,98.818,505.000,6.400,95.000,505.000,6.400,95.000,501.182,3.800,98.818,505.000,6.400,95.000,501.182,3.800,98.818,505.000,3.800,100.400,505.000,6.400,95.000,508.818,3.800,98.818,505.000,3.800,100.400,505.000,3.800,95.000,510.400,3.800,95.000,508.818,3.800,98.818,505.000,3.800,95.000,508.818,3.800,91.182,510.400,3.800,95.000,505.000,3.800,95.000,505.000,3.800,89.600,508.818,3.800,91.182,505.000,3.800,95.000,501.182,3.800,91.182,505.000,3.800,89.600,505.000,3.800,95.000,499.600,3.800,95.000,501.182,3.800,91.182,505.000,3.800,95.000,501.182,3.800,98.818,499.600,3.800,95.000,505.000,3.800,95.000,505.000,3.800,100.400,501.182,3.800,98.818,505.000,3.800,95.000;;6d4c3d
Mesh;396;;505.000,7.400,95.100,505.000,6.200,95.100,505.087,7.400,95.050,505.000,6.200,95.100,505.087,6.200,95.050,505.087,7.400,95.050,505.087,7.400,95.050,505.087,6.200,95.050,505.087,7.400,94.950,505.087,6.200,95.050,505.087,6.200,94.950,505.087,7.400,94.950,505.087,7.400,94.950,505.087,6.200,94.950,505.000,7.400,94.900,505.087,6.200,94.950,505.000,6.200,94.900,505.000,7.400,94.900,505.000,7.400,94.900,505.000,6.200,94.900,504.913,7.400,94.950,505.000,6.200,94.900,504.913,6.200,94.950,504.913,7.400,94.950,504.913,7.400,94.950,504.913,6.200,94.950,504.913,7.400,95.050,504.913,6.200,94.950,504.913,6.200,95.050,504.913,7.400,95.050,504.913,7.400,95.050,504.913,6.200,95.050,505.000,7.400,95.100,504.913,6.200,95.050,505.000,6.200,95.100,505.000,7.400,95.100,505.000,7.400,95.100,505.087,7.400,95.050,505.000,7.400,95.000,505.087,7.400,95.050,505.087,7.400,94.950,505.000,7.400,95.000,505.087,7.400,94.950,505.000,7.400,94.900,505.000,7.400,95.000,505.000,7.400,94.900,504.913,7.400,94.950,505.000,7.400,95.000,504.913,7.400,94.950,504.913,7.400,95.050,505.000,7.400,95.000,504.913,7.400,95.050,505.000,7.400,95.100,505.000,7.400,95.000,505.087,6.200,95.050,505.000,6.200,95.100,505.000,6.200,95.000,505.087,6.200,94.950,505.087,6.200,95.050,505.000,6.200,95.000,505.000,6.200,94.900,505.087,6.200,94.950,505.000,6.200,95.000,504.913,6.200,94.950,505.000,6.200,94.900,505.000,6.200,95.000,504.913,6.200,95.050,504.913,6.200,94.950,505.000,6.200,95.000,505.000,6.200,95.100,504.913,6.200,95.050,505.000,6.200,95.000,421.600,2.739,64.158,421.600,2.608,64.230,421.600,0.342,59.770,421.600,2.608,64.230,421.600,0.211,59.842,421.600,0.342,59.770,420.400,0.342,59.770,420.400,0.211,59.842,420.400,2.739,64.158,420.400,0.211,59.842,420.400,2.608,64.230,420.400,2.739,64.158,420.400,0.342,59.770,420.400,2.739,64.158,421.600,0.342,59.770,420.400,2.739,64.158,421.600,2.739,64.158,421.600,0.342,59.770,420.400,2.608,64.230,420.400,0.211,59.842,421.600,2.608,64.230,420.400,0.211,59.842,421.600,0.211,59.842,421.600,2.608,64.230;;d4ac0d
Mesh;288;;541.428,0.680,131.729,541.428,0.500,131.729,539.940,0.680,130.548,541.428,0.500,131.729,539.940,0.500,130.548,539.940,0.680,130.548,538.572,0.680,132.271,538.572,0.500,132.271,540.060,0.680,133.452,538.572,0.500,132.271,540.060,0.500,133.452,540.060,0.680,133.452,538.572,0.680,132.271,540.060,0.680,133.452,539.940,0.680,130.548,540.060,0.680,133.452,541.428,0.680,131.729,539.940,0.680,130.548,540.060,0.500,133.452,538.572,0.500,132.271,541.428,0.500,131.729,538.572,0.500,132.271,539.940,0.500,130.548,541.428,0.500,131.729,540.060,0.680,133.452,540.060,0.500,133.452,541.428,0.680,131.729,540.060,0.500,133.452,541.428,0.500,131.729,541.428,0.680,131.729,539.940,0.680,130.548,539.940,0.500,130.548,538.572,0.680,132.271,539.940,0.500,130.548,538.572,0.500,132.271,538.572,0.680,132.271,542.995,0.680,132.972,542.995,0.500,132.972,541.506,0.680,131.791,542.995,0.500,132.972,541.506,0.500,131.791,541.506,0.680,131.791,540.139,0.680,133.514,540.139,0.500,133.514,541.627,0.680,134.695,540.139,0.500,133.514,541.627,0.500,134.695,541.627,0.680,134.695,540.139,0.680,133.514,541.627,0.680,134.695,541.506,0.680,131.791,541.627,0.680,134.695,542.995,0.680,132.972,541.506,0.680,131.791,541.627,0.500,134.695,540.139,0.500,133.514,542.995,0.500,132.972,540.139,0.500,133.514,541.506,0.500,131.791,542.995,0.500,132.972,541.627,0.680,134.695,541.627,0.500,134.695,542.995,0.680,132.972,541.627,0.500,134.695,542.995,0.500,132.972,542.995,0.680,132.972,541.506,0.680,131.791,541.506,0.500,131.791,540.139,0.680,133.514,541.506,0.500,131.791,540.139,0.500,133.514,540.139,0.680,133.514,544.561,0.680,134.215,544.561,0.500,134.215,543.073,0.680,133.034,544.561,0.500,134.215,543.073,0.500,133.034,543.073,0.680,133.034,541.705,0.680,134.758,541.705,0.500,134.758,543.194,0.680,135.939,541.705,0.500,134.758,543.194,0.500,135.939,543.194,0.680,135.939,541.705,0.680,134.758,543.194,0.680,135.939,543.073,0.680,133.034,543.194,0.680,135.939,544.561,0.680,134.215,543.073,0.680,133.034,543.194,0.500,135.939,541.705,0.500,134.758,544.561,0.500,134.215,541.705,0.500,134.758,543.073,0.500,133.034,544.561,0.500,134.215;;8a6a48
Mesh;72;;551.304,1.500,142.208,551.304,0.500,142.208,538.457,1.500,132.014,551.304,0.500,142.208,538.457,0.500,132.014,538.457,1.500,132.014,538.358,1.500,132.139,538.358,0.500,132.139,551.204,1.500,142.334,538.358,0.500,132.139,551.204,0.500,142.334,551.204,1.500,142.334,538.358,1.500,132.139,551.204,1.500,142.334,538.457,1.500,132.014,551.204,1.500,142.334,551.304,1.500,142.208,538.457,1.500,132.014,551.204,0.500,142.334,538.358,0.500,132.139,551.304,0.500,142.208,538.358,0.500,132.139,538.457,0.500,132.014,551.304,0.500,142.208,551.204,1.500,142.334,551.204,0.500,142.334,551.304,1.500,142.208,551.204,0.500,142.334,551.304,0.500,142.208,551.304,1.500,142.208,538.457,1.500,132.014,538.457,0.500,132.014,538.358,1.500,132.139,538.457,0.500,132.014,538.358,0.500,132.139,538.358,1.500,132.139,552.609,1.500,140.563,552.609,0.500,140.563,539.762,1.500,130.369,552.609,0.500,140.563,539.762,0.500,130.369,539.762,1.500,130.369,539.663,1.500,130.494,539.663,0.500,130.494,552.510,1.500,140.689,539.663,0.500,130.494,552.510,0.500,140.689,552.510,1.500,140.689,539.663,1.500,130.494,552.510,1.500,140.689,539.762,1.500,130.369,552.510,1.500,140.689,552.609,1.500,140.563,539.762,1.500,130.369,552.510,0.500,140.689,539.663,0.500,130.494,552.609,0.500,140.563,539.663,0.500,130.494,539.762,0.500,130.369,552.609,0.500,140.563,552.510,1.500,140.689,552.510,0.500,140.689,552.609,1.500,140.563,552.510,0.500,140.689,552.609,0.500,140.563,552.609,1.500,140.563,539.762,1.500,130.369,539.762,0.500,130.369,539.663,1.500,130.494,539.762,0.500,130.369,539.663,0.500,130.494,539.663,1.500,130.494;;6a5238
Mesh;18;;398.000,0.285,48.000,398.000,0.285,72.000,432.000,0.285,48.000,398.000,0.285,72.000,432.000,0.285,72.000,432.000,0.285,48.000,117.000,0.285,495.000,117.000,0.285,515.000,143.000,0.285,495.000,117.000,0.285,515.000,143.000,0.285,515.000,143.000,0.285,495.000,-580.000,0.284,632.000,-580.000,0.284,658.000,-540.000,0.284,632.000,-580.000,0.284,658.000,-540.000,0.284,658.000,-540.000,0.284,632.000;;d4b98a
Mesh;324;;419.000,3.580,54.090,419.000,3.400,54.090,419.000,3.580,53.910,419.000,3.400,54.090,419.000,3.400,53.910,419.000,3.580,53.910,411.000,3.580,53.910,411.000,3.400,53.910,411.000,3.580,54.090,411.000,3.400,53.910,411.000,3.400,54.090,411.000,3.580,54.090,411.000,3.580,53.910,411.000,3.580,54.090,419.000,3.580,53.910,411.000,3.580,54.090,419.000,3.580,54.090,419.000,3.580,53.910,411.000,3.400,54.090,411.000,3.400,53.910,419.000,3.400,54.090,411.000,3.400,53.910,419.000,3.400,53.910,419.000,3.400,54.090,411.000,3.580,54.090,411.000,3.400,54.090,419.000,3.580,54.090,411.000,3.400,54.090,419.000,3.400,54.090,419.000,3.580,54.090,419.000,3.580,53.910,419.000,3.400,53.910,411.000,3.580,53.910,419.000,3.400,53.910,411.000,3.400,53.910,411.000,3.580,53.910,411.090,3.400,54.090,411.090,-0.000,54.090,411.090,3.400,53.910,411.090,-0.000,54.090,411.090,-0.000,53.910,411.090,3.400,53.910,410.910,3.400,53.910,410.910,-0.000,53.910,410.910,3.400,54.090,410.910,-0.000,53.910,410.910,-0.000,54.090,410.910,3.400,54.090,410.910,3.400,53.910,410.910,3.400,54.090,411.090,3.400,53.910,410.910,3.400,54.090,411.090,3.400,54.090,411.090,3.400,53.910,410.910,-0.000,54.090,410.910,-0.000,53.910,411.090,-0.000,54.090,410.910,-0.000,53.910,411.090,-0.000,53.910,411.090,-0.000,54.090,410.910,3.400,54.090,410.910,-0.000,54.090,411.090,3.400,54.090,410.910,-0.000,54.090,411.090,-0.000,54.090,411.090,3.400,54.090,411.090,3.400,53.910,411.090,-0.000,53.910,410.910,3.400,53.910,411.090,-0.000,53.910,410.910,-0.000,53.910,410.910,3.400,53.910,419.090,3.400,54.090,419.090,-0.000,54.090,419.090,3.400,53.910,419.090,-0.000,54.090,419.090,-0.000,53.910,419.090,3.400,53.910,418.910,3.400,53.910,418.910,-0.000,53.910,418.910,3.400,54.090,418.910,-0.000,53.910,418.910,-0.000,54.090,418.910,3.400,54.090,418.910,3.400,53.910,418.910,3.400,54.090,419.090,3.400,53.910,418.910,3.400,54.090,419.090,3.400,54.090,419.090,3.400,53.910,418.910,-0.000,54.090,418.910,-0.000,53.910,419.090,-0.000,54.090,418.910,-0.000,53.910,419.090,-0.000,53.910,419.090,-0.000,54.090;;3d6b8a
Mesh;288;;412.630,3.400,54.030,412.630,1.200,54.030,412.630,3.400,53.970,412.630,1.200,54.030,412.630,1.200,53.970,412.630,3.400,53.970,412.570,3.400,53.970,412.570,1.200,53.970,412.570,3.400,54.030,412.570,1.200,53.970,412.570,1.200,54.030,412.570,3.400,54.030,412.570,3.400,53.970,412.570,3.400,54.030,412.630,3.400,53.970,412.570,3.400,54.030,412.630,3.400,54.030,412.630,3.400,53.970,412.570,1.200,54.030,412.570,1.200,53.970,412.630,1.200,54.030,412.570,1.200,53.970,412.630,1.200,53.970,412.630,1.200,54.030,412.570,3.400,54.030,412.570,1.200,54.030,412.630,3.400,54.030,412.570,1.200,54.030,412.630,1.200,54.030,412.630,3.400,54.030,412.630,3.400,53.970,412.630,1.200,53.970,412.570,3.400,53.970,412.630,1.200,53.970,412.570,1.200,53.970,412.570,3.400,53.970,413.430,3.400,54.030,413.430,1.200,54.030,413.430,3.400,53.970,413.430,1.200,54.030,413.430,1.200,53.970,413.430,3.400,53.970,413.370,3.400,53.970,413.370,1.200,53.970,413.370,3.400,54.030,413.370,1.200,53.970,413.370,1.200,54.030,413.370,3.400,54.030,413.370,3.400,53.970,413.370,3.400,54.030,413.430,3.400,53.970,413.370,3.400,54.030,413.430,3.400,54.030,413.430,3.400,53.970,413.370,1.200,54.030,413.370,1.200,53.970,413.430,1.200,54.030,413.370,1.200,53.970,413.430,1.200,53.970,413.430,1.200,54.030,413.370,3.400,54.030,413.370,1.200,54.030,413.430,3.400,54.030,413.370,1.200,54.030,413.430,1.200,54.030,413.430,3.400,54.030,413.430,3.400,53.970,413.430,1.200,53.970,413.370,3.400,53.970,413.430,1.200,53.970,413.370,1.200,53.970,413.370,3.400,53.970,415.130,3.400,54.030,415.130,1.200,54.030,415.130,3.400,53.970,415.130,1.200,54.030,415.130,1.200,53.970,415.130,3.400,53.970,415.070,3.400,53.970,415.070,1.200,53.970,415.070,3.400,54.030,415.070,1.200,53.970,415.070,1.200,54.030,415.070,3.400,54.030,415.070,3.400,53.970,415.070,3.400,54.030,415.130,3.400,53.970,415.070,3.400,54.030,415.130,3.400,54.030,415.130,3.400,53.970,415.070,1.200,54.030,415.070,1.200,53.970,415.130,1.200,54.030,415.070,1.200,53.970,415.130,1.200,53.970,415.130,1.200,54.030;;999999
Mesh;216;;413.500,1.220,54.200,413.500,1.100,54.200,413.500,1.220,53.800,413.500,1.100,54.200,413.500,1.100,53.800,413.500,1.220,53.800,412.500,1.220,53.800,412.500,1.100,53.800,412.500,1.220,54.200,412.500,1.100,53.800,412.500,1.100,54.200,412.500,1.220,54.200,412.500,1.220,53.800,412.500,1.220,54.200,413.500,1.220,53.800,412.500,1.220,54.200,413.500,1.220,54.200,413.500,1.220,53.800,412.500,1.100,54.200,412.500,1.100,53.800,413.500,1.100,54.200,412.500,1.100,53.800,413.500,1.100,53.800,413.500,1.100,54.200,412.500,1.220,54.200,412.500,1.100,54.200,413.500,1.220,54.200,412.500,1.100,54.200,413.500,1.100,54.200,413.500,1.220,54.200,413.500,1.220,53.800,413.500,1.100,53.800,412.500,1.220,53.800,413.500,1.100,53.800,412.500,1.100,53.800,412.500,1.220,53.800,416.000,1.220,54.200,416.000,1.100,54.200,416.000,1.220,53.800,416.000,1.100,54.200,416.000,1.100,53.800,416.000,1.220,53.800,415.000,1.220,53.800,415.000,1.100,53.800,415.000,1.220,54.200,415.000,1.100,53.800,415.000,1.100,54.200,415.000,1.220,54.200,415.000,1.220,53.800,415.000,1.220,54.200,416.000,1.220,53.800,415.000,1.220,54.200,416.000,1.220,54.200,416.000,1.220,53.800,415.000,1.100,54.200,415.000,1.100,53.800,416.000,1.100,54.200,415.000,1.100,53.800,416.000,1.100,53.800,416.000,1.100,54.200,415.000,1.220,54.200,415.000,1.100,54.200,416.000,1.220,54.200,415.000,1.100,54.200,416.000,1.100,54.200,416.000,1.220,54.200,416.000,1.220,53.800,416.000,1.100,53.800,415.000,1.220,53.800,416.000,1.100,53.800,415.000,1.100,53.800,415.000,1.220,53.800,421.800,2.800,65.200,421.800,0.000,65.200,421.800,2.800,63.600,421.800,0.000,65.200,421.800,0.000,63.600,421.800,2.800,63.600,420.200,2.800,63.600,420.200,0.000,63.600,420.200,2.800,65.200,420.200,0.000,63.600,420.200,0.000,65.200,420.200,2.800,65.200,420.200,2.800,63.600,420.200,2.800,65.200,421.800,2.800,63.600,420.200,2.800,65.200,421.800,2.800,65.200,421.800,2.800,63.600,420.200,0.000,65.200,420.200,0.000,63.600,421.800,0.000,65.200,420.200,0.000,63.600,421.800,0.000,63.600,421.800,0.000,65.200;;c0392b
Mesh;192;;408.000,0.680,66.600,408.000,0.500,66.600,408.612,0.680,66.478,408.000,0.500,66.600,408.612,0.500,66.478,408.612,0.680,66.478,408.612,0.680,66.478,408.612,0.500,66.478,409.131,0.680,66.131,408.612,0.500,66.478,409.131,0.500,66.131,409.131,0.680,66.131,409.131,0.680,66.131,409.131,0.500,66.131,409.478,0.680,65.612,409.131,0.500,66.131,409.478,0.500,65.612,409.478,0.680,65.612,409.478,0.680,65.612,409.478,0.500,65.612,409.600,0.680,65.000,409.478,0.500,65.612,409.600,0.500,65.000,409.600,0.680,65.000,409.600,0.680,65.000,409.600,0.500,65.000,409.478,0.680,64.388,409.600,0.500,65.000,409.478,0.500,64.388,409.478,0.680,64.388,409.478,0.680,64.388,409.478,0.500,64.388,409.131,0.680,63.869,409.478,0.500,64.388,409.131,0.500,63.869,409.131,0.680,63.869,409.131,0.680,63.869,409.131,0.500,63.869,408.612,0.680,63.522,409.131,0.500,63.869,408.612,0.500,63.522,408.612,0.680,63.522,408.612,0.680,63.522,408.612,0.500,63.522,408.000,0.680,63.400,408.612,0.500,63.522,408.000,0.500,63.400,408.000,0.680,63.400,408.000,0.680,63.400,408.000,0.500,63.400,407.388,0.680,63.522,408.000,0.500,63.400,407.388,0.500,63.522,407.388,0.680,63.522,407.388,0.680,63.522,407.388,0.500,63.522,406.869,0.680,63.869,407.388,0.500,63.522,406.869,0.500,63.869,406.869,0.680,63.869,406.869,0.680,63.869,406.869,0.500,63.869,406.522,0.680,64.388,406.869,0.500,63.869,406.522,0.500,64.388,406.522,0.680,64.388,406.522,0.680,64.388,406.522,0.500,64.388,406.400,0.680,65.000,406.522,0.500,64.388,406.400,0.500,65.000,406.400,0.680,65.000,406.400,0.680,65.000,406.400,0.500,65.000,406.522,0.680,65.612,406.400,0.500,65.000,406.522,0.500,65.612,406.522,0.680,65.612,406.522,0.680,65.612,406.522,0.500,65.612,406.869,0.680,66.131,406.522,0.500,65.612,406.869,0.500,66.131,406.869,0.680,66.131,406.869,0.680,66.131,406.869,0.500,66.131,407.388,0.680,66.478,406.869,0.500,66.131,407.388,0.500,66.478,407.388,0.680,66.478,407.388,0.680,66.478,407.388,0.500,66.478,408.000,0.680,66.600,407.388,0.500,66.478,408.000,0.500,66.600,408.000,0.680,66.600;;8e44ad
Mesh;2832;;408.000,1.400,65.120,408.000,0.500,65.120,408.085,1.400,65.085,408.000,0.500,65.120,408.085,0.500,65.085,408.085,1.400,65.085,408.085,1.400,65.085,408.085,0.500,65.085,408.120,1.400,65.000,408.085,0.500,65.085,408.120,0.500,65.000,408.120,1.400,65.000,408.120,1.400,65.000,408.120,0.500,65.000,408.085,1.400,64.915,408.120,0.500,65.000,408.085,0.500,64.915,408.085,1.400,64.915,408.085,1.400,64.915,408.085,0.500,64.915,408.000,1.400,64.880,408.085,0.500,64.915,408.000,0.500,64.880,408.000,1.400,64.880,408.000,1.400,64.880,408.000,0.500,64.880,407.915,1.400,64.915,408.000,0.500,64.880,407.915,0.500,64.915,407.915,1.400,64.915,407.915,1.400,64.915,407.915,0.500,64.915,407.880,1.400,65.000,407.915,0.500,64.915,407.880,0.500,65.000,407.880,1.400,65.000,407.880,1.400,65.000,407.880,0.500,65.000,407.915,1.400,65.085,407.880,0.500,65.000,407.915,0.500,65.085,407.915,1.400,65.085,407.915,1.400,65.085,407.915,0.500,65.085,408.000,1.400,65.120,407.915,0.500,65.085,408.000,0.500,65.120,408.000,1.400,65.120,408.000,1.400,65.120,408.085,1.400,65.085,408.000,1.400,65.000,408.085,1.400,65.085,408.120,1.400,65.000,408.000,1.400,65.000,408.120,1.400,65.000,408.085,1.400,64.915,408.000,1.400,65.000,408.085,1.400,64.915,408.000,1.400,64.880,408.000,1.400,65.000,408.000,1.400,64.880,407.915,1.400,64.915,408.000,1.400,65.000,407.915,1.400,64.915,407.880,1.400,65.000,408.000,1.400,65.000,407.880,1.400,65.000,407.915,1.400,65.085,408.000,1.400,65.000,407.915,1.400,65.085,408.000,1.400,65.120,408.000,1.400,65.000,408.085,0.500,65.085,408.000,0.500,65.120,408.000,0.500,65.000,408.120,0.500,65.000,408.085,0.500,65.085,408.000,0.500,65.000,408.085,0.500,64.915,408.120,0.500,65.000,408.000,0.500,65.000,408.000,0.500,64.880,408.085,0.500,64.915,408.000,0.500,65.000,407.915,0.500,64.915,408.000,0.500,64.880,408.000,0.500,65.000,407.880,0.500,65.000,407.915,0.500,64.915,408.000,0.500,65.000,407.915,0.500,65.085,407.880,0.500,65.000,408.000,0.500,65.000,408.000,0.500,65.120,407.915,0.500,65.085,408.000,0.500,65.000;;666666
Mesh;144;;411.200,0.950,63.250,411.200,0.800,63.250,411.200,0.950,62.750,411.200,0.800,63.250,411.200,0.800,62.750,411.200,0.950,62.750,406.800,0.950,62.750,406.800,0.800,62.750,406.800,0.950,63.250,406.800,0.800,62.750,406.800,0.800,63.250,406.800,0.950,63.250,406.800,0.950,62.750,406.800,0.950,63.250,411.200,0.950,62.750,406.800,0.950,63.250,411.200,0.950,63.250,411.200,0.950,62.750,406.800,0.800,63.250,406.800,0.800,62.750,411.200,0.800,63.250,406.800,0.800,62.750,411.200,0.800,62.750,411.200,0.800,63.250,406.800,0.950,63.250,406.800,0.800,63.250,411.200,0.950,63.250,406.800,0.800,63.250,411.200,0.800,63.250,411.200,0.950,63.250,411.200,0.950,62.750,411.200,0.800,62.750,406.800,0.950,62.750,411.200,0.800,62.750,406.800,0.800,62.750,406.800,0.950,62.750,175.600,5.412,426.449,175.600,5.196,426.488,175.600,5.824,428.712,175.600,5.196,426.488,175.600,5.608,428.751,175.600,5.824,428.712,204.400,5.824,428.712,204.400,5.608,428.751,204.400,5.412,426.449,204.400,5.608,428.751,204.400,5.196,426.488,204.400,5.412,426.449,204.400,5.824,428.712,204.400,5.412,426.449,175.600,5.824,428.712,204.400,5.412,426.449,175.600,5.412,426.449,175.600,5.824,428.712,204.400,5.196,426.488,204.400,5.608,428.751,175.600,5.196,426.488,204.400,5.608,428.751,175.600,5.608,428.751,175.600,5.196,426.488,204.400,5.412,426.449,204.400,5.196,426.488,175.600,5.412,426.449,204.400,5.196,426.488,175.600,5.196,426.488,175.600,5.412,426.449,175.600,5.824,428.712,175.600,5.608,428.751,204.400,5.824,428.712,175.600,5.608,428.751,204.400,5.608,428.751,204.400,5.824,428.712,175.600,5.550,426.500,175.600,5.050,426.500,175.600,5.550,426.600,175.600,5.050,426.500,175.600,5.050,426.600,175.600,5.550,426.600,204.400,5.550,426.600,204.400,5.050,426.600,204.400,5.550,426.500,204.400,5.050,426.600,204.400,5.050,426.500,204.400,5.550,426.500,204.400,5.550,426.600,204.400,5.550,426.500,175.600,5.550,426.600,204.400,5.550,426.500,175.600,5.550,426.500,175.600,5.550,426.600,204.400,5.050,426.500,204.400,5.050,426.600,175.600,5.050,426.500,204.400,5.050,426.600,175.600,5.050,426.600,175.600,5.050,426.500;;2e6b46
Mesh;36;;426.000,0.500,58.000,426.000,0.000,58.000,426.000,0.500,52.000,426.000,0.000,58.000,426.000,0.000,52.000,426.000,0.500,52.000,420.000,0.500,52.000,420.000,0.000,52.000,420.000,0.500,58.000,420.000,0.000,52.000,420.000,0.000,58.000,420.000,0.500,58.000,420.000,0.500,52.000,420.000,0.500,58.000,426.000,0.500,52.000,420.000,0.500,58.000,426.000,0.500,58.000,426.000,0.500,52.000,420.000,0.000,58.000,420.000,0.000,52.000,426.000,0.000,58.000,420.000,0.000,52.000,426.000,0.000,52.000,426.000,0.000,58.000,420.000,0.500,58.000,420.000,0.000,58.000,426.000,0.500,58.000,420.000,0.000,58.000,426.000,0.000,58.000,426.000,0.500,58.000,426.000,0.500,52.000,426.000,0.000,52.000,420.000,0.500,52.000,426.000,0.000,52.000,420.000,0.000,52.000,420.000,0.500,52.000;;cbb57f
Mesh;24;;448.385,0.290,216.615,411.615,0.290,216.615,430.000,0.290,235.000,411.615,0.290,216.615,411.615,0.290,253.385,430.000,0.290,235.000,411.615,0.290,253.385,448.385,0.290,253.385,430.000,0.290,235.000,448.385,0.290,253.385,448.385,0.290,216.615,430.000,0.290,235.000,172.021,0.290,567.979,147.979,0.290,567.979,160.000,0.290,580.000,147.979,0.290,567.979,147.979,0.290,592.021,160.000,0.290,580.000,147.979,0.290,592.021,172.021,0.290,592.021,160.000,0.290,580.000,172.021,0.290,592.021,172.021,0.290,567.979,160.000,0.290,580.000;;b99b6e
Mesh;180;;464.000,0.280,235.000,463.347,0.280,228.367,430.000,0.280,235.000,463.347,0.280,228.367,461.412,0.280,221.989,430.000,0.280,235.000,461.412,0.280,221.989,458.270,0.280,216.111,430.000,0.280,235.000,458.270,0.280,216.111,454.042,0.280,210.958,430.000,0.280,235.000,454.042,0.280,210.958,448.889,0.280,206.730,430.000,0.280,235.000,448.889,0.280,206.730,443.011,0.280,203.588,430.000,0.280,235.000,443.011,0.280,203.588,436.633,0.280,201.653,430.000,0.280,235.000,436.633,0.280,201.653,430.000,0.280,201.000,430.000,0.280,235.000,430.000,0.280,201.000,423.367,0.280,201.653,430.000,0.280,235.000,423.367,0.280,201.653,416.989,0.280,203.588,430.000,0.280,235.000,416.989,0.280,203.588,411.111,0.280,206.730,430.000,0.280,235.000,411.111,0.280,206.730,405.958,0.280,210.958,430.000,0.280,235.000,405.958,0.280,210.958,401.730,0.280,216.111,430.000,0.280,235.000,401.730,0.280,216.111,398.588,0.280,221.989,430.000,0.280,235.000,398.588,0.280,221.989,396.653,0.280,228.367,430.000,0.280,235.000,396.653,0.280,228.367,396.000,0.280,235.000,430.000,0.280,235.000,396.000,0.280,235.000,396.653,0.280,241.633,430.000,0.280,235.000,396.653,0.280,241.633,398.588,0.280,248.011,430.000,0.280,235.000,398.588,0.280,248.011,401.730,0.280,253.889,430.000,0.280,235.000,401.730,0.280,253.889,405.958,0.280,259.042,430.000,0.280,235.000,405.958,0.280,259.042,411.111,0.280,263.270,430.000,0.280,235.000,411.111,0.280,263.270,416.989,0.280,266.412,430.000,0.280,235.000,416.989,0.280,266.412,423.367,0.280,268.347,430.000,0.280,235.000,423.367,0.280,268.347,430.000,0.280,269.000,430.000,0.280,235.000,430.000,0.280,269.000,436.633,0.280,268.347,430.000,0.280,235.000,436.633,0.280,268.347,443.011,0.280,266.412,430.000,0.280,235.000,443.011,0.280,266.412,448.889,0.280,263.270,430.000,0.280,235.000,448.889,0.280,263.270,454.042,0.280,259.042,430.000,0.280,235.000,454.042,0.280,259.042,458.270,0.280,253.889,430.000,0.280,235.000,458.270,0.280,253.889,461.412,0.280,248.011,430.000,0.280,235.000,461.412,0.280,248.011,463.347,0.280,241.633,430.000,0.280,235.000,463.347,0.280,241.633,464.000,0.280,235.000,430.000,0.280,235.000;;5f8c4e
Mesh;6624;;440.400,0.380,235.400,440.400,0.300,235.400,440.400,0.380,234.600,440.400,0.300,235.400,440.400,0.300,234.600,440.400,0.380,234.600,439.600,0.380,234.600,439.600,0.300,234.600,439.600,0.380,235.400,439.600,0.300,234.600,439.600,0.300,235.400,439.600,0.380,235.400,439.600,0.380,234.600,439.600,0.380,235.400,440.400,0.380,234.600,439.600,0.380,235.400,440.400,0.380,235.400,440.400,0.380,234.600,439.600,0.300,235.400,439.600,0.300,234.600,440.400,0.300,235.400,439.600,0.300,234.600,440.400,0.300,234.600,440.400,0.300,235.400,439.600,0.380,235.400,439.600,0.300,235.400,440.400,0.380,235.400,439.600,0.300,235.400,440.400,0.300,235.400,440.400,0.380,235.400,440.400,0.380,234.600,440.400,0.300,234.600,439.600,0.380,234.600,440.400,0.300,234.600,439.600,0.300,234.600,439.600,0.380,234.600,430.400,0.380,245.400,430.400,0.300,245.400,430.400,0.380,244.600,430.400,0.300,245.400,430.400,0.300,244.600,430.400,0.380,244.600,429.600,0.380,244.600,429.600,0.300,244.600,429.600,0.380,245.400,429.600,0.300,244.600,429.600,0.300,245.400,429.600,0.380,245.400,429.600,0.380,244.600,429.600,0.380,245.400,430.400,0.380,244.600,429.600,0.380,245.400,430.400,0.380,245.400,430.400,0.380,244.600,429.600,0.300,245.400,429.600,0.300,244.600,430.400,0.300,245.400,429.600,0.300,244.600,430.400,0.300,244.600,430.400,0.300,245.400,429.600,0.380,245.400,429.600,0.300,245.400,430.400,0.380,245.400,429.600,0.300,245.400,430.400,0.300,245.400,430.400,0.380,245.400,430.400,0.380,244.600,430.400,0.300,244.600,429.600,0.380,244.600,430.400,0.300,244.600,429.600,0.300,244.600,429.600,0.380,244.600,420.400,0.380,235.400,420.400,0.300,235.400,420.400,0.380,234.600,420.400,0.300,235.400,420.400,0.300,234.600,420.400,0.380,234.600,419.600,0.380,234.600,419.600,0.300,234.600,419.600,0.380,235.400,419.600,0.300,234.600,419.600,0.300,235.400,419.600,0.380,235.400,419.600,0.380,234.600,419.600,0.380,235.400,420.400,0.380,234.600,419.600,0.380,235.400,420.400,0.380,235.400,420.400,0.380,234.600,419.600,0.300,235.400,419.600,0.300,234.600,420.400,0.300,235.400,419.600,0.300,234.600,420.400,0.300,234.600,420.400,0.300,235.400;;f0ece0
Mesh;42;;163.000,0.292,580.000,162.703,0.292,578.698,160.000,0.292,580.000,162.703,0.292,578.698,161.870,0.292,577.654,160.000,0.292,580.000,161.870,0.292,577.654,160.668,0.292,577.075,160.000,0.292,580.000,160.668,0.292,577.075,159.332,0.292,577.075,160.000,0.292,580.000,159.332,0.292,577.075,158.130,0.292,577.654,160.000,0.292,580.000,158.130,0.292,577.654,157.297,0.292,578.698,160.000,0.292,580.000,157.297,0.292,578.698,157.000,0.292,580.000,160.000,0.292,580.000,157.000,0.292,580.000,157.297,0.292,581.302,160.000,0.292,580.000,157.297,0.292,581.302,158.130,0.292,582.346,160.000,0.292,580.000,158.130,0.292,582.346,159.332,0.292,582.925,160.000,0.292,580.000,159.332,0.292,582.925,160.668,0.292,582.925,160.000,0.292,580.000,160.668,0.292,582.925,161.870,0.292,582.346,160.000,0.292,580.000,161.870,0.292,582.346,162.703,0.292,581.302,160.000,0.292,580.000,162.703,0.292,581.302,163.000,0.292,580.000,160.000,0.292,580.000;;a88a60
Mesh;396;;140.075,4.000,585.000,140.075,0.000,585.000,140.075,4.000,575.000,140.075,0.000,585.000,140.075,0.000,575.000,140.075,4.000,575.000,139.925,4.000,575.000,139.925,0.000,575.000,139.925,4.000,585.000,139.925,0.000,575.000,139.925,0.000,585.000,139.925,4.000,585.000,139.925,4.000,575.000,139.925,4.000,585.000,140.075,4.000,575.000,139.925,4.000,585.000,140.075,4.000,585.000,140.075,4.000,575.000,139.925,0.000,585.000,139.925,0.000,575.000,140.075,0.000,585.000,139.925,0.000,575.000,140.075,0.000,575.000,140.075,0.000,585.000,139.925,4.000,585.000,139.925,0.000,585.000,140.075,4.000,585.000,139.925,0.000,585.000,140.075,0.000,585.000,140.075,4.000,585.000,140.075,4.000,575.000,140.075,0.000,575.000,139.925,4.000,575.000,140.075,0.000,575.000,139.925,0.000,575.000,139.925,4.000,575.000,150.000,4.000,575.075,150.000,0.000,575.075,150.000,4.000,574.925,150.000,0.000,575.075,150.000,0.000,574.925,150.000,4.000,574.925,140.000,4.000,574.925,140.000,0.000,574.925,140.000,4.000,575.075,140.000,0.000,574.925,140.000,0.000,575.075,140.000,4.000,575.075,140.000,4.000,574.925,140.000,4.000,575.075,150.000,4.000,574.925,140.000,4.000,575.075,150.000,4.000,575.075,150.000,4.000,574.925,140.000,0.000,575.075,140.000,0.000,574.925,150.000,0.000,575.075,140.000,0.000,574.925,150.000,0.000,574.925,150.000,0.000,575.075,140.000,4.000,575.075,140.000,0.000,575.075,150.000,4.000,575.075,140.000,0.000,575.075,150.000,0.000,575.075,150.000,4.000,575.075,150.000,4.000,574.925,150.000,0.000,574.925,140.000,4.000,574.925,150.000,0.000,574.925,140.000,0.000,574.925,140.000,4.000,574.925,150.000,4.000,585.075,150.000,0.000,585.075,150.000,4.000,584.925,150.000,0.000,585.075,150.000,0.000,584.925,150.000,4.000,584.925,140.000,4.000,584.925,140.000,0.000,584.925,140.000,4.000,585.075,140.000,0.000,584.925,140.000,0.000,585.075,140.000,4.000,585.075,140.000,4.000,584.925,140.000,4.000,585.075,150.000,4.000,584.925,140.000,4.000,585.075,150.000,4.000,585.075,150.000,4.000,584.925,140.000,0.000,585.075,140.000,0.000,584.925,150.000,0.000,585.075,140.000,0.000,584.925,150.000,0.000,584.925,150.000,0.000,585.075;;3d4a42
Mesh;30;;-15.000,0.260,-240.000,-15.000,0.260,-170.000,135.000,0.260,-240.000,-15.000,0.260,-170.000,135.000,0.260,-170.000,135.000,0.260,-240.000,-113.000,0.284,-56.000,-113.000,0.284,-48.000,275.000,0.284,-56.000,-113.000,0.284,-48.000,275.000,0.284,-48.000,275.000,0.284,-56.000,-531.830,0.330,-599.437,-433.054,0.330,-461.077,-526.946,0.330,-602.923,-433.054,0.330,-461.077,-428.170,0.330,-464.563,-526.946,0.330,-602.923,-433.054,0.330,-602.923,-531.830,0.330,-464.563,-428.170,0.330,-599.437,-531.830,0.330,-464.563,-526.946,0.330,-461.077,-428.170,0.330,-599.437,-575.000,0.330,-535.000,-575.000,0.330,-529.000,-385.000,0.330,-535.000,-575.000,0.330,-529.000,-385.000,0.330,-529.000,-385.000,0.330,-535.000;;c4b49aT2048
Mesh;16548;;60.000,1.100,-200.000,60.000,-0.000,-199.600,61.294,1.100,-200.170,60.000,-0.000,-199.600,61.398,-0.000,-199.784,61.294,1.100,-200.170,61.294,1.100,-200.170,61.398,-0.000,-199.784,62.500,1.100,-200.670,61.398,-0.000,-199.784,62.700,-0.000,-200.323,62.500,1.100,-200.670,62.500,1.100,-200.670,62.700,-0.000,-200.323,63.536,1.100,-201.464,62.700,-0.000,-200.323,63.818,-0.000,-201.182,63.536,1.100,-201.464,63.536,1.100,-201.464,63.818,-0.000,-201.182,64.330,1.100,-202.500,63.818,-0.000,-201.182,64.677,-0.000,-202.300,64.330,1.100,-202.500,64.330,1.100,-202.500,64.677,-0.000,-202.300,64.830,1.100,-203.706,64.677,-0.000,-202.300,65.216,-0.000,-203.602,64.830,1.100,-203.706,64.830,1.100,-203.706,65.216,-0.000,-203.602,65.000,1.100,-205.000,65.216,-0.000,-203.602,65.400,-0.000,-205.000,65.000,1.100,-205.000,65.000,1.100,-205.000,65.400,-0.000,-205.000,64.830,1.100,-206.294,65.400,-0.000,-205.000,65.216,-0.000,-206.398,64.830,1.100,-206.294,64.830,1.100,-206.294,65.216,-0.000,-206.398,64.330,1.100,-207.500,65.216,-0.000,-206.398,64.677,-0.000,-207.700,64.330,1.100,-207.500,64.330,1.100,-207.500,64.677,-0.000,-207.700,63.536,1.100,-208.536,64.677,-0.000,-207.700,63.818,-0.000,-208.818,63.536,1.100,-208.536,63.536,1.100,-208.536,63.818,-0.000,-208.818,62.500,1.100,-209.330,63.818,-0.000,-208.818,62.700,-0.000,-209.677,62.500,1.100,-209.330,62.500,1.100,-209.330,62.700,-0.000,-209.677,61.294,1.100,-209.830,62.700,-0.000,-209.677,61.398,-0.000,-210.216,61.294,1.100,-209.830,61.294,1.100,-209.830,61.398,-0.000,-210.216,60.000,1.100,-210.000,61.398,-0.000,-210.216,60.000,-0.000,-210.400,60.000,1.100,-210.000,60.000,1.100,-210.000,60.000,-0.000,-210.400,58.706,1.100,-209.830,60.000,-0.000,-210.400,58.602,-0.000,-210.216,58.706,1.100,-209.830,58.706,1.100,-209.830,58.602,-0.000,-210.216,57.500,1.100,-209.330,58.602,-0.000,-210.216,57.300,-0.000,-209.677,57.500,1.100,-209.330,57.500,1.100,-209.330,57.300,-0.000,-209.677,56.464,1.100,-208.536,57.300,-0.000,-209.677,56.182,-0.000,-208.818,56.464,1.100,-208.536,56.464,1.100,-208.536,56.182,-0.000,-208.818,55.670,1.100,-207.500,56.182,-0.000,-208.818,55.323,-0.000,-207.700,55.670,1.100,-207.500;;9aa0a3
Mesh;468;;60.000,1.250,-200.400,60.000,0.950,-200.400,61.191,1.250,-200.557,60.000,0.950,-200.400,61.191,0.950,-200.557,61.191,1.250,-200.557,61.191,1.250,-200.557,61.191,0.950,-200.557,62.300,1.250,-201.016,61.191,0.950,-200.557,62.300,0.950,-201.016,62.300,1.250,-201.016,62.300,1.250,-201.016,62.300,0.950,-201.016,63.253,1.250,-201.747,62.300,0.950,-201.016,63.253,0.950,-201.747,63.253,1.250,-201.747,63.253,1.250,-201.747,63.253,0.950,-201.747,63.984,1.250,-202.700,63.253,0.950,-201.747,63.984,0.950,-202.700,63.984,1.250,-202.700,63.984,1.250,-202.700,63.984,0.950,-202.700,64.443,1.250,-203.809,63.984,0.950,-202.700,64.443,0.950,-203.809,64.443,1.250,-203.809,64.443,1.250,-203.809,64.443,0.950,-203.809,64.600,1.250,-205.000,64.443,0.950,-203.809,64.600,0.950,-205.000,64.600,1.250,-205.000,64.600,1.250,-205.000,64.600,0.950,-205.000,64.443,1.250,-206.191,64.600,0.950,-205.000,64.443,0.950,-206.191,64.443,1.250,-206.191,64.443,1.250,-206.191,64.443,0.950,-206.191,63.984,1.250,-207.300,64.443,0.950,-206.191,63.984,0.950,-207.300,63.984,1.250,-207.300,63.984,1.250,-207.300,63.984,0.950,-207.300,63.253,1.250,-208.253,63.984,0.950,-207.300,63.253,0.950,-208.253,63.253,1.250,-208.253,63.253,1.250,-208.253,63.253,0.950,-208.253,62.300,1.250,-208.984,63.253,0.950,-208.253,62.300,0.950,-208.984,62.300,1.250,-208.984,62.300,1.250,-208.984,62.300,0.950,-208.984,61.191,1.250,-209.443,62.300,0.950,-208.984,61.191,0.950,-209.443,61.191,1.250,-209.443,61.191,1.250,-209.443,61.191,0.950,-209.443,60.000,1.250,-209.600,61.191,0.950,-209.443,60.000,0.950,-209.600,60.000,1.250,-209.600,60.000,1.250,-209.600,60.000,0.950,-209.600,58.809,1.250,-209.443,60.000,0.950,-209.600,58.809,0.950,-209.443,58.809,1.250,-209.443,58.809,1.250,-209.443,58.809,0.950,-209.443,57.700,1.250,-208.984,58.809,0.950,-209.443,57.700,0.950,-208.984,57.700,1.250,-208.984,57.700,1.250,-208.984,57.700,0.950,-208.984,56.747,1.250,-208.253,57.700,0.950,-208.984,56.747,0.950,-208.253,56.747,1.250,-208.253,56.747,1.250,-208.253,56.747,0.950,-208.253,56.016,1.250,-207.300,56.747,0.950,-208.253,56.016,0.950,-207.300,56.016,1.250,-207.300;;7a8288
Mesh;216;;60.000,5.300,-204.700,60.000,3.900,-204.700,60.150,5.300,-204.740,60.000,3.900,-204.700,60.150,3.900,-204.740,60.150,5.300,-204.740,60.150,5.300,-204.740,60.150,3.900,-204.740,60.260,5.300,-204.850,60.150,3.900,-204.740,60.260,3.900,-204.850,60.260,5.300,-204.850,60.260,5.300,-204.850,60.260,3.900,-204.850,60.300,5.300,-205.000,60.260,3.900,-204.850,60.300,3.900,-205.000,60.300,5.300,-205.000,60.300,5.300,-205.000,60.300,3.900,-205.000,60.260,5.300,-205.150,60.300,3.900,-205.000,60.260,3.900,-205.150,60.260,5.300,-205.150,60.260,5.300,-205.150,60.260,3.900,-205.150,60.150,5.300,-205.260,60.260,3.900,-205.150,60.150,3.900,-205.260,60.150,5.300,-205.260,60.150,5.300,-205.260,60.150,3.900,-205.260,60.000,5.300,-205.300,60.150,3.900,-205.260,60.000,3.900,-205.300,60.000,5.300,-205.300,60.000,5.300,-205.300,60.000,3.900,-205.300,59.850,5.300,-205.260,60.000,3.900,-205.300,59.850,3.900,-205.260,59.850,5.300,-205.260,59.850,5.300,-205.260,59.850,3.900,-205.260,59.740,5.300,-205.150,59.850,3.900,-205.260,59.740,3.900,-205.150,59.740,5.300,-205.150,59.740,5.300,-205.150,59.740,3.900,-205.150,59.700,5.300,-205.000,59.740,3.900,-205.150,59.700,3.900,-205.000,59.700,5.300,-205.000,59.700,5.300,-205.000,59.700,3.900,-205.000,59.740,5.300,-204.850,59.700,3.900,-205.000,59.740,3.900,-204.850,59.740,5.300,-204.850,59.740,5.300,-204.850,59.740,3.900,-204.850,59.850,5.300,-204.740,59.740,3.900,-204.850,59.850,3.900,-204.740,59.850,5.300,-204.740,59.850,5.300,-204.740,59.850,3.900,-204.740,60.000,5.300,-204.700,59.850,3.900,-204.740,60.000,3.900,-204.700,60.000,5.300,-204.700,60.000,5.300,-204.700,60.150,5.300,-204.740,60.000,5.300,-205.000,60.150,5.300,-204.740,60.260,5.300,-204.850,60.000,5.300,-205.000,60.260,5.300,-204.850,60.300,5.300,-205.000,60.000,5.300,-205.000,60.300,5.300,-205.000,60.260,5.300,-205.150,60.000,5.300,-205.000,60.260,5.300,-205.150,60.150,5.300,-205.260,60.000,5.300,-205.000,60.150,5.300,-205.260,60.000,5.300,-205.300,60.000,5.300,-205.000,60.000,5.300,-205.300,59.850,5.300,-205.260,60.000,5.300,-205.000,59.850,5.300,-205.260,59.740,5.300,-205.150,60.000,5.300,-205.000;;8a9094
Mesh;240;;-673.000,0.286,590.000,-661.600,0.286,590.000,-673.702,0.286,583.664,-661.600,0.286,590.000,-662.442,0.286,582.397,-673.702,0.286,583.664,-673.702,0.286,583.664,-662.442,0.286,582.397,-675.790,0.286,577.485,-662.442,0.286,582.397,-664.948,0.286,574.982,-675.790,0.286,577.485,-675.790,0.286,577.485,-664.948,0.286,574.982,-679.213,0.286,571.613,-664.948,0.286,574.982,-669.055,0.286,567.936,-679.213,0.286,571.613,-679.213,0.286,571.613,-669.055,0.286,567.936,-683.886,0.286,566.195,-669.055,0.286,567.936,-674.663,0.286,561.434,-683.886,0.286,566.195,-683.886,0.286,566.195,-674.663,0.286,561.434,-689.695,0.286,561.362,-674.663,0.286,561.434,-681.634,0.286,555.635,-689.695,0.286,561.362,-689.695,0.286,561.362,-681.634,0.286,555.635,-696.496,0.286,557.235,-681.634,0.286,555.635,-689.795,0.286,550.682,-696.496,0.286,557.235,-696.496,0.286,557.235,-689.795,0.286,550.682,-704.123,0.286,553.914,-689.795,0.286,550.682,-698.947,0.286,546.697,-704.123,0.286,553.914,-704.123,0.286,553.914,-698.947,0.286,546.697,-712.386,0.286,551.482,-698.947,0.286,546.697,-708.863,0.286,543.779,-712.386,0.286,551.482,-712.386,0.286,551.482,-708.863,0.286,543.779,-721.083,0.286,549.999,-708.863,0.286,543.779,-719.300,0.286,541.998,-721.083,0.286,549.999,-721.083,0.286,549.999,-719.300,0.286,541.998,-730.000,0.286,549.500,-719.300,0.286,541.998,-730.000,0.286,541.400,-730.000,0.286,549.500,-730.000,0.286,549.500,-730.000,0.286,541.400,-738.917,0.286,549.999,-730.000,0.286,541.400,-740.700,0.286,541.998,-738.917,0.286,549.999,-738.917,0.286,549.999,-740.700,0.286,541.998,-747.614,0.286,551.482,-740.700,0.286,541.998,-751.137,0.286,543.779,-747.614,0.286,551.482,-747.614,0.286,551.482,-751.137,0.286,543.779,-755.877,0.286,553.914,-751.137,0.286,543.779,-761.053,0.286,546.697,-755.877,0.286,553.914,-755.877,0.286,553.914,-761.053,0.286,546.697,-763.504,0.286,557.235,-761.053,0.286,546.697,-770.205,0.286,550.682,-763.504,0.286,557.235,-763.504,0.286,557.235,-770.205,0.286,550.682,-770.305,0.286,561.362,-770.205,0.286,550.682,-778.366,0.286,555.635,-770.305,0.286,561.362,-770.305,0.286,561.362,-778.366,0.286,555.635,-776.114,0.286,566.195,-778.366,0.286,555.635,-785.337,0.286,561.434,-776.114,0.286,566.195;;b06a4a
Mesh;6;;54.500,4.150,334.250,54.500,2.450,334.250,65.500,4.150,334.250,54.500,2.450,334.250,65.500,2.450,334.250,65.500,4.150,334.250;;ffffffT512
Mesh;6;;56.000,2.675,334.250,56.000,1.725,334.250,64.000,2.675,334.250,56.000,1.725,334.250,64.000,1.725,334.250,64.000,2.675,334.250;;ffffffT512
Mesh;48;;-432.000,16.000,-580.000,-432.000,0.000,-580.000,-432.000,16.000,-620.000,-432.000,0.000,-580.000,-432.000,0.000,-620.000,-432.000,16.000,-620.000,-528.000,16.000,-620.000,-528.000,0.000,-620.000,-528.000,16.000,-580.000,-528.000,0.000,-620.000,-528.000,0.000,-580.000,-528.000,16.000,-580.000,-528.000,16.000,-580.000,-528.000,0.000,-580.000,-432.000,16.000,-580.000,-528.000,0.000,-580.000,-432.000,0.000,-580.000,-432.000,16.000,-580.000,-432.000,16.000,-620.000,-432.000,0.000,-620.000,-528.000,16.000,-620.000,-432.000,0.000,-620.000,-528.000,0.000,-620.000,-528.000,16.000,-620.000,-474.000,32.000,-594.000,-474.000,0.000,-594.000,-474.000,32.000,-606.000,-474.000,0.000,-594.000,-474.000,0.000,-606.000,-474.000,32.000,-606.000,-486.000,32.000,-606.000,-486.000,0.000,-606.000,-486.000,32.000,-594.000,-486.000,0.000,-606.000,-486.000,0.000,-594.000,-486.000,32.000,-594.000,-486.000,32.000,-594.000,-486.000,0.000,-594.000,-474.000,32.000,-594.000,-486.000,0.000,-594.000,-474.000,0.000,-594.000,-474.000,32.000,-594.000,-474.000,32.000,-606.000,-474.000,0.000,-606.000,-486.000,32.000,-606.000,-474.000,0.000,-606.000,-486.000,0.000,-606.000,-486.000,32.000,-606.000;;ffffffT1024
Mesh;108;;-528.000,16.000,-620.000,-528.000,16.000,-580.000,-432.000,16.000,-620.000,-528.000,16.000,-580.000,-432.000,16.000,-580.000,-432.000,16.000,-620.000,-431.400,16.000,-620.600,-528.600,16.000,-620.600,-480.000,23.000,-620.600,-480.000,23.000,-579.400,-528.600,16.000,-579.400,-431.400,16.000,-579.400,-431.400,16.000,-620.600,-480.000,23.000,-620.600,-431.400,16.000,-579.400,-480.000,23.000,-620.600,-480.000,23.000,-579.400,-431.400,16.000,-579.400,-480.000,23.000,-620.600,-528.600,16.000,-620.600,-480.000,23.000,-579.400,-528.600,16.000,-620.600,-528.600,16.000,-579.400,-480.000,23.000,-579.400,-528.600,16.000,-620.600,-431.400,16.000,-620.600,-528.600,16.000,-579.400,-431.400,16.000,-620.600,-431.400,16.000,-579.400,-528.600,16.000,-579.400,-486.000,32.000,-606.000,-486.000,32.000,-594.000,-474.000,32.000,-606.000,-486.000,32.000,-594.000,-474.000,32.000,-594.000,-474.000,32.000,-606.000,-479.991,35.600,-599.991,-471.175,28.600,-591.175,-479.991,35.600,-600.009,-471.175,28.600,-591.175,-471.175,28.600,-608.825,-479.991,35.600,-600.009,-479.991,35.600,-600.009,-471.175,28.600,-608.825,-480.009,35.600,-600.009,-471.175,28.600,-608.825,-488.825,28.600,-608.825,-480.009,35.600,-600.009,-480.009,35.600,-600.009,-488.825,28.600,-608.825,-480.009,35.600,-599.991,-488.825,28.600,-608.825,-488.825,28.600,-591.175,-480.009,35.600,-599.991,-480.009,35.600,-599.991,-488.825,28.600,-591.175,-479.991,35.600,-599.991,-488.825,28.600,-591.175,-471.175,28.600,-591.175,-479.991,35.600,-599.991,-479.991,35.600,-599.991,-479.991,35.600,-600.009,-480.000,35.600,-600.000,-479.991,35.600,-600.009,-480.009,35.600,-600.009,-480.000,35.600,-600.000,-480.009,35.600,-600.009,-480.009,35.600,-599.991,-480.000,35.600,-600.000,-480.009,35.600,-599.991,-479.991,35.600,-599.991,-480.000,35.600,-600.000,-471.175,28.600,-608.825,-471.175,28.600,-591.175,-480.000,28.600,-600.000,-488.825,28.600,-608.825,-471.175,28.600,-608.825,-480.000,28.600,-600.000,-488.825,28.600,-591.175,-488.825,28.600,-608.825,-480.000,28.600,-600.000,-471.175,28.600,-591.175,-488.825,28.600,-591.175,-480.000,28.600,-600.000,-466.400,8.200,-581.200,-493.600,8.200,-581.200,-480.000,12.200,-581.200,-480.000,12.200,-574.000,-493.600,8.200,-574.000,-466.400,8.200,-574.000,-466.400,8.200,-581.200,-480.000,12.200,-581.200,-466.400,8.200,-574.000,-480.000,12.200,-581.200,-480.000,12.200,-574.000,-466.400,8.200,-574.000;;4a5560T2048
Mesh;2208;;-528.000,0.000,-580.000,-528.000,0.000,-620.000,-432.000,0.000,-580.000,-528.000,0.000,-620.000,-432.000,0.000,-620.000,-432.000,0.000,-580.000,-486.000,0.000,-594.000,-486.000,0.000,-606.000,-474.000,0.000,-594.000,-486.000,0.000,-606.000,-474.000,0.000,-606.000,-474.000,0.000,-594.000,-506.000,0.000,-413.000,-506.000,0.000,-447.000,-454.000,0.000,-413.000,-506.000,0.000,-447.000,-454.000,0.000,-447.000,-454.000,0.000,-413.000,-653.000,0.000,-504.000,-653.000,0.000,-536.000,-587.000,0.000,-504.000,-653.000,0.000,-536.000,-587.000,0.000,-536.000,-587.000,0.000,-504.000,-376.000,0.000,-504.000,-376.000,0.000,-536.000,-314.000,0.000,-504.000,-376.000,0.000,-536.000,-314.000,0.000,-536.000,-314.000,0.000,-504.000,28.000,0.000,-468.000,28.000,0.000,-542.000,132.000,0.000,-468.000,28.000,0.000,-542.000,132.000,0.000,-542.000,132.000,0.000,-468.000,38.920,12.000,-487.980,38.920,12.000,-533.860,96.120,12.000,-487.980,38.920,12.000,-533.860,96.120,12.000,-533.860,96.120,12.000,-487.980,43.496,44.240,-492.568,43.496,44.240,-529.272,84.680,44.240,-492.568,43.496,44.240,-529.272,84.680,44.240,-529.272,84.680,44.240,-492.568,-78.000,0.000,-305.000,-78.000,0.000,-331.000,-42.000,0.000,-305.000,-78.000,0.000,-331.000,-42.000,0.000,-331.000,-42.000,0.000,-305.000,64.000,0.000,-327.000,64.000,0.000,-297.000,12.000,0.000,-327.000,64.000,0.000,-297.000,12.000,0.000,-297.000,12.000,0.000,-327.000,228.000,0.000,-382.000,228.000,0.000,-408.000,272.000,0.000,-382.000,228.000,0.000,-408.000,272.000,0.000,-408.000,272.000,0.000,-382.000,185.000,0.000,-585.000,185.000,0.000,-627.000,259.000,0.000,-585.000,185.000,0.000,-627.000,259.000,0.000,-627.000,259.000,0.000,-585.000,-215.000,0.000,-270.000,-215.000,0.000,-300.000,-169.000,0.000,-270.000,-215.000,0.000,-300.000,-169.000,0.000,-300.000,-169.000,0.000,-270.000,-349.000,0.000,-386.000,-349.000,0.000,-410.000,-311.000,0.000,-386.000,-349.000,0.000,-410.000,-311.000,0.000,-410.000,-311.000,0.000,-386.000,-67.000,0.000,348.000,-67.000,0.000,368.000,-93.000,0.000,348.000,-67.000,0.000,368.000,-93.000,0.000,368.000,-93.000,0.000,348.000,5.000,0.000,348.000,5.000,0.000,368.000,-21.000,0.000,348.000,5.000,0.000,368.000,-21.000,0.000,368.000,-21.000,0.000,348.000;;3c3f42
Mesh;6;;-483.000,29.000,-593.800,-483.000,23.000,-593.800,-477.000,29.000,-593.800,-483.000,23.000,-593.800,-477.000,23.000,-593.800,-477.000,29.000,-593.800;;ffffffT128
Mesh;6;;-477.000,29.000,-606.200,-477.000,23.000,-606.200,-483.000,29.000,-606.200,-477.000,23.000,-606.200,-483.000,23.000,-606.200,-483.000,29.000,-606.200;;ffffffT128
Mesh;6;;-473.800,29.000,-597.000,-473.800,23.000,-597.000,-473.800,29.000,-603.000,-473.800,23.000,-597.000,-473.800,23.000,-603.000,-473.800,29.000,-603.000;;ffffffT128
Mesh;6;;-486.200,29.000,-603.000,-486.200,23.000,-603.000,-486.200,29.000,-597.000,-486.200,23.000,-603.000,-486.200,23.000,-597.000,-486.200,29.000,-597.000;;ffffffT128
Mesh;6;;-504.000,18.500,-579.700,-504.000,9.500,-579.700,-456.000,18.500,-579.700,-504.000,9.500,-579.700,-456.000,9.500,-579.700,-456.000,18.500,-579.700;;ffffffT512
Mesh;144;;-510.000,15.000,-579.600,-510.000,3.000,-579.600,-510.000,15.000,-580.200,-510.000,3.000,-579.600,-510.000,3.000,-580.200,-510.000,15.000,-580.200,-516.000,15.000,-580.200,-516.000,3.000,-580.200,-516.000,15.000,-579.600,-516.000,3.000,-580.200,-516.000,3.000,-579.600,-516.000,15.000,-579.600,-516.000,15.000,-580.200,-516.000,15.000,-579.600,-510.000,15.000,-580.200,-516.000,15.000,-579.600,-510.000,15.000,-579.600,-510.000,15.000,-580.200,-516.000,3.000,-579.600,-516.000,3.000,-580.200,-510.000,3.000,-579.600,-516.000,3.000,-580.200,-510.000,3.000,-580.200,-510.000,3.000,-579.600,-516.000,15.000,-579.600,-516.000,3.000,-579.600,-510.000,15.000,-579.600,-516.000,3.000,-579.600,-510.000,3.000,-579.600,-510.000,15.000,-579.600,-510.000,15.000,-580.200,-510.000,3.000,-580.200,-516.000,15.000,-580.200,-510.000,3.000,-580.200,-516.000,3.000,-580.200,-516.000,15.000,-580.200,-499.000,15.000,-579.600,-499.000,3.000,-579.600,-499.000,15.000,-580.200,-499.000,3.000,-579.600,-499.000,3.000,-580.200,-499.000,15.000,-580.200,-505.000,15.000,-580.200,-505.000,3.000,-580.200,-505.000,15.000,-579.600,-505.000,3.000,-580.200,-505.000,3.000,-579.600,-505.000,15.000,-579.600,-505.000,15.000,-580.200,-505.000,15.000,-579.600,-499.000,15.000,-580.200,-505.000,15.000,-579.600,-499.000,15.000,-579.600,-499.000,15.000,-580.200,-505.000,3.000,-579.600,-505.000,3.000,-580.200,-499.000,3.000,-579.600,-505.000,3.000,-580.200,-499.000,3.000,-580.200,-499.000,3.000,-579.600,-505.000,15.000,-579.600,-505.000,3.000,-579.600,-499.000,15.000,-579.600,-505.000,3.000,-579.600,-499.000,3.000,-579.600,-499.000,15.000,-579.600,-499.000,15.000,-580.200,-499.000,3.000,-580.200,-505.000,15.000,-580.200,-499.000,3.000,-580.200,-505.000,3.000,-580.200,-505.000,15.000,-580.200,-455.000,15.000,-579.600,-455.000,3.000,-579.600,-455.000,15.000,-580.200,-455.000,3.000,-579.600,-455.000,3.000,-580.200,-455.000,15.000,-580.200,-461.000,15.000,-580.200,-461.000,3.000,-580.200,-461.000,15.000,-579.600,-461.000,3.000,-580.200,-461.000,3.000,-579.600,-461.000,15.000,-579.600,-461.000,15.000,-580.200,-461.000,15.000,-579.600,-455.000,15.000,-580.200,-461.000,15.000,-579.600,-455.000,15.000,-579.600,-455.000,15.000,-580.200,-461.000,3.000,-579.600,-461.000,3.000,-580.200,-455.000,3.000,-579.600,-461.000,3.000,-580.200,-455.000,3.000,-580.200,-455.000,3.000,-579.600;;2c3e50
Mesh;1728;;-476.000,6.400,-579.280,-476.000,-0.000,-579.280,-476.000,6.400,-579.680,-476.000,-0.000,-579.280,-476.000,-0.000,-579.680,-476.000,6.400,-579.680,-484.000,6.400,-579.680,-484.000,-0.000,-579.680,-484.000,6.400,-579.280,-484.000,-0.000,-579.680,-484.000,-0.000,-579.280,-484.000,6.400,-579.280,-484.000,6.400,-579.680,-484.000,6.400,-579.280,-476.000,6.400,-579.680,-484.000,6.400,-579.280,-476.000,6.400,-579.280,-476.000,6.400,-579.680,-484.000,-0.000,-579.280,-484.000,-0.000,-579.680,-476.000,-0.000,-579.280,-484.000,-0.000,-579.680,-476.000,-0.000,-579.680,-476.000,-0.000,-579.280,-484.000,6.400,-579.280,-484.000,-0.000,-579.280,-476.000,6.400,-579.280,-484.000,-0.000,-579.280,-476.000,-0.000,-579.280,-476.000,6.400,-579.280,-476.000,6.400,-579.680,-476.000,-0.000,-579.680,-484.000,6.400,-579.680,-476.000,-0.000,-579.680,-484.000,-0.000,-579.680,-484.000,6.400,-579.680,-477.000,4.500,-412.380,-477.000,0.000,-412.380,-477.000,4.500,-412.780,-477.000,0.000,-412.380,-477.000,0.000,-412.780,-477.000,4.500,-412.780,-483.000,4.500,-412.780,-483.000,0.000,-412.780,-483.000,4.500,-412.380,-483.000,0.000,-412.780,-483.000,0.000,-412.380,-483.000,4.500,-412.380,-483.000,4.500,-412.780,-483.000,4.500,-412.380,-477.000,4.500,-412.780,-483.000,4.500,-412.380,-477.000,4.500,-412.380,-477.000,4.500,-412.780,-483.000,0.000,-412.380,-483.000,0.000,-412.780,-477.000,0.000,-412.380,-483.000,0.000,-412.780,-477.000,0.000,-412.780,-477.000,0.000,-412.380,-483.000,4.500,-412.380,-483.000,0.000,-412.380,-477.000,4.500,-412.380,-483.000,0.000,-412.380,-477.000,0.000,-412.380,-477.000,4.500,-412.380,-477.000,4.500,-412.780,-477.000,0.000,-412.780,-483.000,4.500,-412.780,-477.000,0.000,-412.780,-483.000,0.000,-412.780,-483.000,4.500,-412.780,-617.000,4.500,-503.380,-617.000,0.000,-503.380,-617.000,4.500,-503.780,-617.000,0.000,-503.380,-617.000,0.000,-503.780,-617.000,4.500,-503.780,-623.000,4.500,-503.780,-623.000,0.000,-503.780,-623.000,4.500,-503.380,-623.000,0.000,-503.780,-623.000,0.000,-503.380,-623.000,4.500,-503.380,-623.000,4.500,-503.780,-623.000,4.500,-503.380,-617.000,4.500,-503.780,-623.000,4.500,-503.380,-617.000,4.500,-503.380,-617.000,4.500,-503.780,-623.000,0.000,-503.380,-623.000,0.000,-503.780,-617.000,0.000,-503.380,-623.000,0.000,-503.780,-617.000,0.000,-503.780,-617.000,0.000,-503.380;;2c3a42
Mesh;13176;;-475.750,6.700,-579.475,-475.750,0.000,-579.475,-475.750,6.700,-579.725,-475.750,0.000,-579.475,-475.750,0.000,-579.725,-475.750,6.700,-579.725,-484.250,6.700,-579.725,-484.250,0.000,-579.725,-484.250,6.700,-579.475,-484.250,0.000,-579.725,-484.250,0.000,-579.475,-484.250,6.700,-579.475,-484.250,6.700,-579.725,-484.250,6.700,-579.475,-475.750,6.700,-579.725,-484.250,6.700,-579.475,-475.750,6.700,-579.475,-475.750,6.700,-579.725,-484.250,0.000,-579.475,-484.250,0.000,-579.725,-475.750,0.000,-579.475,-484.250,0.000,-579.725,-475.750,0.000,-579.725,-475.750,0.000,-579.475,-484.250,6.700,-579.475,-484.250,0.000,-579.475,-475.750,6.700,-579.475,-484.250,0.000,-579.475,-475.750,0.000,-579.475,-475.750,6.700,-579.475,-475.750,6.700,-579.725,-475.750,0.000,-579.725,-484.250,6.700,-579.725,-475.750,0.000,-579.725,-484.250,0.000,-579.725,-484.250,6.700,-579.725,-476.750,4.800,-412.575,-476.750,-0.000,-412.575,-476.750,4.800,-412.825,-476.750,-0.000,-412.575,-476.750,-0.000,-412.825,-476.750,4.800,-412.825,-483.250,4.800,-412.825,-483.250,-0.000,-412.825,-483.250,4.800,-412.575,-483.250,-0.000,-412.825,-483.250,-0.000,-412.575,-483.250,4.800,-412.575,-483.250,4.800,-412.825,-483.250,4.800,-412.575,-476.750,4.800,-412.825,-483.250,4.800,-412.575,-476.750,4.800,-412.575,-476.750,4.800,-412.825,-483.250,-0.000,-412.575,-483.250,-0.000,-412.825,-476.750,-0.000,-412.575,-483.250,-0.000,-412.825,-476.750,-0.000,-412.825,-476.750,-0.000,-412.575,-483.250,4.800,-412.575,-483.250,-0.000,-412.575,-476.750,4.800,-412.575,-483.250,-0.000,-412.575,-476.750,-0.000,-412.575,-476.750,4.800,-412.575,-476.750,4.800,-412.825,-476.750,-0.000,-412.825,-483.250,4.800,-412.825,-476.750,-0.000,-412.825,-483.250,-0.000,-412.825,-483.250,4.800,-412.825,-616.750,4.800,-503.575,-616.750,-0.000,-503.575,-616.750,4.800,-503.825,-616.750,-0.000,-503.575,-616.750,-0.000,-503.825,-616.750,4.800,-503.825,-623.250,4.800,-503.825,-623.250,-0.000,-503.825,-623.250,4.800,-503.575,-623.250,-0.000,-503.825,-623.250,-0.000,-503.575,-623.250,4.800,-503.575,-623.250,4.800,-503.825,-623.250,4.800,-503.575,-616.750,4.800,-503.825,-623.250,4.800,-503.575,-616.750,4.800,-503.575,-616.750,4.800,-503.825,-623.250,-0.000,-503.575,-623.250,-0.000,-503.825,-616.750,-0.000,-503.575,-623.250,-0.000,-503.825,-616.750,-0.000,-503.825,-616.750,-0.000,-503.575;;d9d5cc
Mesh;180;;-474.000,0.400,-573.800,-474.000,-0.000,-573.800,-474.000,0.400,-576.200,-474.000,-0.000,-573.800,-474.000,-0.000,-576.200,-474.000,0.400,-576.200,-486.000,0.400,-576.200,-486.000,-0.000,-576.200,-486.000,0.400,-573.800,-486.000,-0.000,-576.200,-486.000,-0.000,-573.800,-486.000,0.400,-573.800,-486.000,0.400,-576.200,-486.000,0.400,-573.800,-474.000,0.400,-576.200,-486.000,0.400,-573.800,-474.000,0.400,-573.800,-474.000,0.400,-576.200,-486.000,-0.000,-573.800,-486.000,-0.000,-576.200,-474.000,-0.000,-573.800,-486.000,-0.000,-576.200,-474.000,-0.000,-576.200,-474.000,-0.000,-573.800,-486.000,0.400,-573.800,-486.000,-0.000,-573.800,-474.000,0.400,-573.800,-486.000,-0.000,-573.800,-474.000,-0.000,-573.800,-474.000,0.400,-573.800,-474.000,0.400,-576.200,-474.000,-0.000,-576.200,-486.000,0.400,-576.200,-474.000,-0.000,-576.200,-486.000,-0.000,-576.200,-486.000,0.400,-576.200,-475.500,0.350,-410.600,-475.500,0.000,-410.600,-475.500,0.350,-412.600,-475.500,0.000,-410.600,-475.500,0.000,-412.600,-475.500,0.350,-412.600,-484.500,0.350,-412.600,-484.500,0.000,-412.600,-484.500,0.350,-410.600,-484.500,0.000,-412.600,-484.500,0.000,-410.600,-484.500,0.350,-410.600,-484.500,0.350,-412.600,-484.500,0.350,-410.600,-475.500,0.350,-412.600,-484.500,0.350,-410.600,-475.500,0.350,-410.600,-475.500,0.350,-412.600,-484.500,0.000,-410.600,-484.500,0.000,-412.600,-475.500,0.000,-410.600,-484.500,0.000,-412.600,-475.500,0.000,-412.600,-475.500,0.000,-410.600,-484.500,0.350,-410.600,-484.500,0.000,-410.600,-475.500,0.350,-410.600,-484.500,0.000,-410.600,-475.500,0.000,-410.600,-475.500,0.350,-410.600,-475.500,0.350,-412.600,-475.500,0.000,-412.600,-484.500,0.350,-412.600,-475.500,0.000,-412.600,-484.500,0.000,-412.600,-484.500,0.350,-412.600,-615.500,0.350,-501.600,-615.500,0.000,-501.600,-615.500,0.350,-503.600,-615.500,0.000,-501.600,-615.500,0.000,-503.600,-615.500,0.350,-503.600,-624.500,0.350,-503.600,-624.500,0.000,-503.600,-624.500,0.350,-501.600,-624.500,0.000,-503.600,-624.500,0.000,-501.600,-624.500,0.350,-501.600,-624.500,0.350,-503.600,-624.500,0.350,-501.600,-615.500,0.350,-503.600,-624.500,0.350,-501.600,-615.500,0.350,-501.600,-615.500,0.350,-503.600,-624.500,0.000,-501.600,-624.500,0.000,-503.600,-615.500,0.000,-501.600,-624.500,0.000,-503.600,-615.500,0.000,-503.600,-615.500,0.000,-501.600;;b9b2a2
Mesh;36;;-474.500,0.800,-574.600,-474.500,0.400,-574.600,-474.500,0.800,-576.200,-474.500,0.400,-574.600,-474.500,0.400,-576.200,-474.500,0.800,-576.200,-485.500,0.800,-576.200,-485.500,0.400,-576.200,-485.500,0.800,-574.600,-485.500,0.400,-576.200,-485.500,0.400,-574.600,-485.500,0.800,-574.600,-485.500,0.800,-576.200,-485.500,0.800,-574.600,-474.500,0.800,-576.200,-485.500,0.800,-574.600,-474.500,0.800,-574.600,-474.500,0.800,-576.200,-485.500,0.400,-574.600,-485.500,0.400,-576.200,-474.500,0.400,-574.600,-485.500,0.400,-576.200,-474.500,0.400,-576.200,-474.500,0.400,-574.600,-485.500,0.800,-574.600,-485.500,0.400,-574.600,-474.500,0.800,-574.600,-485.500,0.400,-574.600,-474.500,0.400,-574.600,-474.500,0.800,-574.600,-474.500,0.800,-576.200,-474.500,0.400,-576.200,-485.500,0.800,-576.200,-474.500,0.400,-576.200,-485.500,0.400,-576.200,-485.500,0.800,-576.200;;c4bcac
Mesh;24;;-454.000,12.000,-413.000,-454.000,0.000,-413.000,-454.000,12.000,-447.000,-454.000,0.000,-413.000,-454.000,0.000,-447.000,-454.000,12.000,-447.000,-506.000,12.000,-447.000,-506.000,0.000,-447.000,-506.000,12.000,-413.000,-506.000,0.000,-447.000,-506.000,0.000,-413.000,-506.000,12.000,-413.000,-506.000,12.000,-413.000,-506.000,0.000,-413.000,-454.000,12.000,-413.000,-506.000,0.000,-413.000,-454.000,0.000,-413.000,-454.000,12.000,-413.000,-454.000,12.000,-447.000,-454.000,0.000,-447.000,-506.000,12.000,-447.000,-454.000,0.000,-447.000,-506.000,0.000,-447.000,-506.000,12.000,-447.000;;ffffffT1024
Mesh;30;;-506.000,12.000,-447.000,-506.000,12.000,-413.000,-454.000,12.000,-447.000,-506.000,12.000,-413.000,-454.000,12.000,-413.000,-454.000,12.000,-447.000,-453.400,12.000,-447.600,-506.600,12.000,-447.600,-480.000,16.500,-447.600,-480.000,16.500,-412.400,-506.600,12.000,-412.400,-453.400,12.000,-412.400,-453.400,12.000,-447.600,-480.000,16.500,-447.600,-453.400,12.000,-412.400,-480.000,16.500,-447.600,-480.000,16.500,-412.400,-453.400,12.000,-412.400,-480.000,16.500,-447.600,-506.600,12.000,-447.600,-480.000,16.500,-412.400,-506.600,12.000,-447.600,-506.600,12.000,-412.400,-480.000,16.500,-412.400,-506.600,12.000,-447.600,-453.400,12.000,-447.600,-506.600,12.000,-412.400,-453.400,12.000,-447.600,-453.400,12.000,-412.400,-506.600,12.000,-412.400;;4d5760T2048
Mesh;48;;-587.000,13.000,-504.000,-587.000,0.000,-504.000,-587.000,13.000,-536.000,-587.000,0.000,-504.000,-587.000,0.000,-536.000,-587.000,13.000,-536.000,-653.000,13.000,-536.000,-653.000,0.000,-536.000,-653.000,13.000,-504.000,-653.000,0.000,-536.000,-653.000,0.000,-504.000,-653.000,13.000,-504.000,-653.000,13.000,-504.000,-653.000,0.000,-504.000,-587.000,13.000,-504.000,-653.000,0.000,-504.000,-587.000,0.000,-504.000,-587.000,13.000,-504.000,-587.000,13.000,-536.000,-587.000,0.000,-536.000,-653.000,13.000,-536.000,-587.000,0.000,-536.000,-653.000,0.000,-536.000,-653.000,13.000,-536.000,-314.000,13.000,-504.000,-314.000,0.000,-504.000,-314.000,13.000,-536.000,-314.000,0.000,-504.000,-314.000,0.000,-536.000,-314.000,13.000,-536.000,-376.000,13.000,-536.000,-376.000,0.000,-536.000,-376.000,13.000,-504.000,-376.000,0.000,-536.000,-376.000,0.000,-504.000,-376.000,13.000,-504.000,-376.000,13.000,-504.000,-376.000,0.000,-504.000,-314.000,13.000,-504.000,-376.000,0.000,-504.000,-314.000,0.000,-504.000,-314.000,13.000,-504.000,-314.000,13.000,-536.000,-314.000,0.000,-536.000,-376.000,13.000,-536.000,-314.000,0.000,-536.000,-376.000,0.000,-536.000,-376.000,13.000,-536.000;;ffffffT1024
Mesh;30;;-653.000,13.000,-536.000,-653.000,13.000,-504.000,-587.000,13.000,-536.000,-653.000,13.000,-504.000,-587.000,13.000,-504.000,-587.000,13.000,-536.000,-586.400,13.000,-536.600,-653.600,13.000,-536.600,-620.000,17.500,-536.600,-620.000,17.500,-503.400,-653.600,13.000,-503.400,-586.400,13.000,-503.400,-586.400,13.000,-536.600,-620.000,17.500,-536.600,-586.400,13.000,-503.400,-620.000,17.500,-536.600,-620.000,17.500,-503.400,-586.400,13.000,-503.400,-620.000,17.500,-536.600,-653.600,13.000,-536.600,-620.000,17.500,-503.400,-653.600,13.000,-536.600,-653.600,13.000,-503.400,-620.000,17.500,-503.400,-653.600,13.000,-536.600,-586.400,13.000,-536.600,-653.600,13.000,-503.400,-586.400,13.000,-536.600,-586.400,13.000,-503.400,-653.600,13.000,-503.400;;4d5760T2048
Mesh;30;;-376.000,13.000,-536.000,-376.000,13.000,-504.000,-314.000,13.000,-536.000,-376.000,13.000,-504.000,-314.000,13.000,-504.000,-314.000,13.000,-536.000,-313.400,13.000,-536.600,-376.600,13.000,-536.600,-345.000,17.500,-536.600,-345.000,17.500,-503.400,-376.600,13.000,-503.400,-313.400,13.000,-503.400,-313.400,13.000,-536.600,-345.000,17.500,-536.600,-313.400,13.000,-503.400,-345.000,17.500,-536.600,-345.000,17.500,-503.400,-313.400,13.000,-503.400,-345.000,17.500,-536.600,-376.600,13.000,-536.600,-345.000,17.500,-503.400,-376.600,13.000,-536.600,-376.600,13.000,-503.400,-345.000,17.500,-503.400,-376.600,13.000,-536.600,-313.400,13.000,-536.600,-376.600,13.000,-503.400,-313.400,13.000,-536.600,-313.400,13.000,-503.400,-376.600,13.000,-503.400;;4d5760T2048
Mesh;24;;132.000,12.000,-468.000,132.000,0.000,-468.000,132.000,12.000,-542.000,132.000,0.000,-468.000,132.000,0.000,-542.000,132.000,12.000,-542.000,28.000,12.000,-542.000,28.000,0.000,-542.000,28.000,12.000,-468.000,28.000,0.000,-542.000,28.000,0.000,-468.000,28.000,12.000,-468.000,28.000,12.000,-468.000,28.000,0.000,-468.000,132.000,12.000,-468.000,28.000,0.000,-468.000,132.000,0.000,-468.000,132.000,12.000,-468.000,132.000,12.000,-542.000,132.000,0.000,-542.000,28.000,12.000,-542.000,132.000,0.000,-542.000,28.000,0.000,-542.000,28.000,12.000,-542.000;;ffffffT1024
Mesh;594;;28.000,12.000,-542.000,28.000,12.000,-468.000,132.000,12.000,-542.000,28.000,12.000,-468.000,132.000,12.000,-468.000,132.000,12.000,-542.000,38.920,44.240,-533.860,38.920,44.240,-487.980,96.120,44.240,-533.860,38.920,44.240,-487.980,96.120,44.240,-487.980,96.120,44.240,-533.860,43.496,64.000,-529.272,43.496,64.000,-492.568,84.680,64.000,-529.272,43.496,64.000,-492.568,84.680,64.000,-492.568,84.680,64.000,-529.272,-78.000,9.000,-331.000,-78.000,9.000,-305.000,-42.000,9.000,-331.000,-78.000,9.000,-305.000,-42.000,9.000,-305.000,-42.000,9.000,-331.000,64.000,12.000,-297.000,64.000,12.000,-327.000,12.000,12.000,-297.000,64.000,12.000,-327.000,12.000,12.000,-327.000,12.000,12.000,-297.000,228.000,10.000,-408.000,228.000,10.000,-382.000,272.000,10.000,-408.000,228.000,10.000,-382.000,272.000,10.000,-382.000,272.000,10.000,-408.000,185.000,14.000,-627.000,185.000,14.000,-585.000,259.000,14.000,-627.000,185.000,14.000,-585.000,259.000,14.000,-585.000,259.000,14.000,-627.000,-215.000,11.000,-300.000,-215.000,11.000,-270.000,-169.000,11.000,-300.000,-215.000,11.000,-270.000,-169.000,11.000,-270.000,-169.000,11.000,-300.000,-349.000,8.000,-410.000,-349.000,8.000,-386.000,-311.000,8.000,-410.000,-349.000,8.000,-386.000,-311.000,8.000,-386.000,-311.000,8.000,-410.000,-67.000,7.000,368.000,-67.000,7.000,348.000,-93.000,7.000,368.000,-67.000,7.000,348.000,-93.000,7.000,348.000,-93.000,7.000,368.000,5.000,7.000,368.000,5.000,7.000,348.000,-21.000,7.000,368.000,5.000,7.000,348.000,-21.000,7.000,348.000,-21.000,7.000,368.000,-215.000,10.000,378.000,-215.000,10.000,406.000,-169.000,10.000,378.000,-215.000,10.000,406.000,-169.000,10.000,406.000,-169.000,10.000,378.000,412.000,8.000,-402.000,412.000,8.000,-378.000,448.000,8.000,-402.000,412.000,8.000,-378.000,448.000,8.000,-378.000,448.000,8.000,-402.000,96.000,14.000,526.000,96.000,14.000,434.000,-36.000,14.000,526.000,96.000,14.000,434.000,-36.000,14.000,434.000,-36.000,14.000,526.000,424.000,16.000,439.000,424.000,16.000,557.000,656.000,16.000,439.000,424.000,16.000,557.000,656.000,16.000,557.000,656.000,16.000,439.000,523.000,22.000,424.000,523.000,22.000,442.000,557.000,22.000,424.000,523.000,22.000,442.000,557.000,22.000,442.000,557.000,22.000,424.000;;ffffffT2048
Mesh;24;;96.120,44.240,-487.980,96.120,12.000,-487.980,96.120,44.240,-533.860,96.120,12.000,-487.980,96.120,12.000,-533.860,96.120,44.240,-533.860,38.920,44.240,-533.860,38.920,12.000,-533.860,38.920,44.240,-487.980,38.920,12.000,-533.860,38.920,12.000,-487.980,38.920,44.240,-487.980,38.920,44.240,-487.980,38.920,12.000,-487.980,96.120,44.240,-487.980,38.920,12.000,-487.980,96.120,12.000,-487.980,96.120,44.240,-487.980,96.120,44.240,-533.860,96.120,12.000,-533.860,38.920,44.240,-533.860,96.120,12.000,-533.860,38.920,12.000,-533.860,38.920,44.240,-533.860;;ffffffT1024
Mesh;24;;84.680,64.000,-492.568,84.680,44.240,-492.568,84.680,64.000,-529.272,84.680,44.240,-492.568,84.680,44.240,-529.272,84.680,64.000,-529.272,43.496,64.000,-529.272,43.496,44.240,-529.272,43.496,64.000,-492.568,43.496,44.240,-529.272,43.496,44.240,-492.568,43.496,64.000,-492.568,43.496,64.000,-492.568,43.496,44.240,-492.568,84.680,64.000,-492.568,43.496,44.240,-492.568,84.680,44.240,-492.568,84.680,64.000,-492.568,84.680,64.000,-529.272,84.680,44.240,-529.272,43.496,64.000,-529.272,84.680,44.240,-529.272,43.496,44.240,-529.272,43.496,64.000,-529.272;;ffffffT1024
Mesh;3600;;108.850,45.638,-527.690,108.850,44.240,-527.690,108.850,45.638,-528.190,108.850,44.240,-527.690,108.850,44.240,-528.190,108.850,45.638,-528.190,51.150,45.638,-528.190,51.150,44.240,-528.190,51.150,45.638,-527.690,51.150,44.240,-528.190,51.150,44.240,-527.690,51.150,45.638,-527.690,51.150,45.638,-528.190,51.150,45.638,-527.690,108.850,45.638,-528.190,51.150,45.638,-527.690,108.850,45.638,-527.690,108.850,45.638,-528.190,51.150,44.240,-527.690,51.150,44.240,-528.190,108.850,44.240,-527.690,51.150,44.240,-528.190,108.850,44.240,-528.190,108.850,44.240,-527.690,51.150,45.638,-527.690,51.150,44.240,-527.690,108.850,45.638,-527.690,51.150,44.240,-527.690,108.850,44.240,-527.690,108.850,45.638,-527.690,108.850,45.638,-528.190,108.850,44.240,-528.190,51.150,45.638,-528.190,108.850,44.240,-528.190,51.150,44.240,-528.190,51.150,45.638,-528.190,108.850,45.638,-481.810,108.850,44.240,-481.810,108.850,45.638,-482.310,108.850,44.240,-481.810,108.850,44.240,-482.310,108.850,45.638,-482.310,51.150,45.638,-482.310,51.150,44.240,-482.310,51.150,45.638,-481.810,51.150,44.240,-482.310,51.150,44.240,-481.810,51.150,45.638,-481.810,51.150,45.638,-482.310,51.150,45.638,-481.810,108.850,45.638,-482.310,51.150,45.638,-481.810,108.850,45.638,-481.810,108.850,45.638,-482.310,51.150,44.240,-481.810,51.150,44.240,-482.310,108.850,44.240,-481.810,51.150,44.240,-482.310,108.850,44.240,-482.310,108.850,44.240,-481.810,51.150,45.638,-481.810,51.150,44.240,-481.810,108.850,45.638,-481.810,51.150,44.240,-481.810,108.850,44.240,-481.810,108.850,45.638,-481.810,108.850,45.638,-482.310,108.850,44.240,-482.310,51.150,45.638,-482.310,108.850,44.240,-482.310,51.150,44.240,-482.310,51.150,45.638,-482.310,51.650,45.638,-482.060,51.650,44.240,-482.060,51.650,45.638,-527.940,51.650,44.240,-482.060,51.650,44.240,-527.940,51.650,45.638,-527.940,51.150,45.638,-527.940,51.150,44.240,-527.940,51.150,45.638,-482.060,51.150,44.240,-527.940,51.150,44.240,-482.060,51.150,45.638,-482.060,51.150,45.638,-527.940,51.150,45.638,-482.060,51.650,45.638,-527.940,51.150,45.638,-482.060,51.650,45.638,-482.060,51.650,45.638,-527.940,51.150,44.240,-482.060,51.150,44.240,-527.940,51.650,44.240,-482.060,51.150,44.240,-527.940,51.650,44.240,-527.940,51.650,44.240,-482.060;;4a4e52
Mesh;2304;;108.925,45.818,-527.615,108.925,45.638,-527.615,108.925,45.818,-528.265,108.925,45.638,-527.615,108.925,45.638,-528.265,108.925,45.818,-528.265,51.075,45.818,-528.265,51.075,45.638,-528.265,51.075,45.818,-527.615,51.075,45.638,-528.265,51.075,45.638,-527.615,51.075,45.818,-527.615,51.075,45.818,-528.265,51.075,45.818,-527.615,108.925,45.818,-528.265,51.075,45.818,-527.615,108.925,45.818,-527.615,108.925,45.818,-528.265,51.075,45.638,-527.615,51.075,45.638,-528.265,108.925,45.638,-527.615,51.075,45.638,-528.265,108.925,45.638,-528.265,108.925,45.638,-527.615,51.075,45.818,-527.615,51.075,45.638,-527.615,108.925,45.818,-527.615,51.075,45.638,-527.615,108.925,45.638,-527.615,108.925,45.818,-527.615,108.925,45.818,-528.265,108.925,45.638,-528.265,51.075,45.818,-528.265,108.925,45.638,-528.265,51.075,45.638,-528.265,51.075,45.818,-528.265,108.925,45.818,-481.735,108.925,45.638,-481.735,108.925,45.818,-482.385,108.925,45.638,-481.735,108.925,45.638,-482.385,108.925,45.818,-482.385,51.075,45.818,-482.385,51.075,45.638,-482.385,51.075,45.818,-481.735,51.075,45.638,-482.385,51.075,45.638,-481.735,51.075,45.818,-481.735,51.075,45.818,-482.385,51.075,45.818,-481.735,108.925,45.818,-482.385,51.075,45.818,-481.735,108.925,45.818,-481.735,108.925,45.818,-482.385,51.075,45.638,-481.735,51.075,45.638,-482.385,108.925,45.638,-481.735,51.075,45.638,-482.385,108.925,45.638,-482.385,108.925,45.638,-481.735,51.075,45.818,-481.735,51.075,45.638,-481.735,108.925,45.818,-481.735,51.075,45.638,-481.735,108.925,45.638,-481.735,108.925,45.818,-481.735,108.925,45.818,-482.385,108.925,45.638,-482.385,51.075,45.818,-482.385,108.925,45.638,-482.385,51.075,45.638,-482.385,51.075,45.818,-482.385,51.725,45.818,-482.060,51.725,45.638,-482.060,51.725,45.818,-527.940,51.725,45.638,-482.060,51.725,45.638,-527.940,51.725,45.818,-527.940,51.075,45.818,-527.940,51.075,45.638,-527.940,51.075,45.818,-482.060,51.075,45.638,-527.940,51.075,45.638,-482.060,51.075,45.818,-482.060,51.075,45.818,-527.940,51.075,45.818,-482.060,51.725,45.818,-527.940,51.075,45.818,-482.060,51.725,45.818,-482.060,51.725,45.818,-527.940,51.075,45.638,-482.060,51.075,45.638,-527.940,51.725,45.638,-482.060,51.075,45.638,-527.940,51.725,45.638,-527.940,51.725,45.638,-482.060;;b0a898
Mesh;2016;;93.934,46.006,-496.866,93.934,44.240,-496.866,93.934,46.006,-498.995,93.934,44.240,-496.866,93.934,44.240,-498.995,93.934,46.006,-498.995,91.676,46.006,-498.995,91.676,44.240,-498.995,91.676,46.006,-496.866,91.676,44.240,-498.995,91.676,44.240,-496.866,91.676,46.006,-496.866,91.676,46.006,-498.995,91.676,46.006,-496.866,93.934,46.006,-498.995,91.676,46.006,-496.866,93.934,46.006,-496.866,93.934,46.006,-498.995,91.676,44.240,-496.866,91.676,44.240,-498.995,93.934,44.240,-496.866,91.676,44.240,-498.995,93.934,44.240,-498.995,93.934,44.240,-496.866,91.676,46.006,-496.866,91.676,44.240,-496.866,93.934,46.006,-496.866,91.676,44.240,-496.866,93.934,44.240,-496.866,93.934,46.006,-496.866,93.934,46.006,-498.995,93.934,44.240,-498.995,91.676,46.006,-498.995,93.934,44.240,-498.995,91.676,44.240,-498.995,91.676,46.006,-498.995,62.878,45.502,-502.288,62.878,44.240,-502.288,62.878,45.502,-505.102,62.878,44.240,-502.288,62.878,44.240,-505.102,62.878,45.502,-505.102,60.872,45.502,-505.102,60.872,44.240,-505.102,60.872,45.502,-502.288,60.872,44.240,-505.102,60.872,44.240,-502.288,60.872,45.502,-502.288,60.872,45.502,-505.102,60.872,45.502,-502.288,62.878,45.502,-505.102,60.872,45.502,-502.288,62.878,45.502,-502.288,62.878,45.502,-505.102,60.872,44.240,-502.288,60.872,44.240,-505.102,62.878,44.240,-502.288,60.872,44.240,-505.102,62.878,44.240,-505.102,62.878,44.240,-502.288,60.872,45.502,-502.288,60.872,44.240,-502.288,62.878,45.502,-502.288,60.872,44.240,-502.288,62.878,44.240,-502.288,62.878,45.502,-502.288,62.878,45.502,-505.102,62.878,44.240,-505.102,60.872,45.502,-505.102,62.878,44.240,-505.102,60.872,44.240,-505.102,60.872,45.502,-505.102,96.033,45.889,-493.090,96.033,44.240,-493.090,96.033,45.889,-495.886,96.033,44.240,-493.090,96.033,44.240,-495.886,96.033,45.889,-495.886,92.928,45.889,-495.886,92.928,44.240,-495.886,92.928,45.889,-493.090,92.928,44.240,-495.886,92.928,44.240,-493.090,92.928,45.889,-493.090,92.928,45.889,-495.886,92.928,45.889,-493.090,96.033,45.889,-495.886,92.928,45.889,-493.090,96.033,45.889,-493.090,96.033,45.889,-495.886,92.928,44.240,-493.090,92.928,44.240,-495.886,96.033,44.240,-493.090,92.928,44.240,-495.886,96.033,44.240,-495.886,96.033,44.240,-493.090;;8b9094
Mesh;7332;;92.805,45.940,-497.630,92.805,45.440,-497.630,92.981,45.940,-497.688,92.805,45.440,-497.630,92.981,45.440,-497.688,92.981,45.940,-497.688,92.981,45.940,-497.688,92.981,45.440,-497.688,93.090,45.940,-497.838,92.981,45.440,-497.688,93.090,45.440,-497.838,93.090,45.940,-497.838,93.090,45.940,-497.838,93.090,45.440,-497.838,93.090,45.940,-498.023,93.090,45.440,-497.838,93.090,45.440,-498.023,93.090,45.940,-498.023,93.090,45.940,-498.023,93.090,45.440,-498.023,92.981,45.940,-498.173,93.090,45.440,-498.023,92.981,45.440,-498.173,92.981,45.940,-498.173,92.981,45.940,-498.173,92.981,45.440,-498.173,92.805,45.940,-498.230,92.981,45.440,-498.173,92.805,45.440,-498.230,92.805,45.940,-498.230,92.805,45.940,-498.230,92.805,45.440,-498.230,92.628,45.940,-498.173,92.805,45.440,-498.230,92.628,45.440,-498.173,92.628,45.940,-498.173,92.628,45.940,-498.173,92.628,45.440,-498.173,92.519,45.940,-498.023,92.628,45.440,-498.173,92.519,45.440,-498.023,92.519,45.940,-498.023,92.519,45.940,-498.023,92.519,45.440,-498.023,92.519,45.940,-497.838,92.519,45.440,-498.023,92.519,45.440,-497.838,92.519,45.940,-497.838,92.519,45.940,-497.838,92.519,45.440,-497.838,92.628,45.940,-497.688,92.519,45.440,-497.838,92.628,45.440,-497.688,92.628,45.940,-497.688,92.628,45.940,-497.688,92.628,45.440,-497.688,92.805,45.940,-497.630,92.628,45.440,-497.688,92.805,45.440,-497.630,92.805,45.940,-497.630,92.805,45.940,-497.630,92.981,45.940,-497.688,92.805,45.940,-497.930,92.981,45.940,-497.688,93.090,45.940,-497.838,92.805,45.940,-497.930,93.090,45.940,-497.838,93.090,45.940,-498.023,92.805,45.940,-497.930,93.090,45.940,-498.023,92.981,45.940,-498.173,92.805,45.940,-497.930,92.981,45.940,-498.173,92.805,45.940,-498.230,92.805,45.940,-497.930,92.805,45.940,-498.230,92.628,45.940,-498.173,92.805,45.940,-497.930,92.628,45.940,-498.173,92.519,45.940,-498.023,92.805,45.940,-497.930,92.519,45.940,-498.023,92.519,45.940,-497.838,92.805,45.940,-497.930,92.519,45.940,-497.838,92.628,45.940,-497.688,92.805,45.940,-497.930,92.628,45.940,-497.688,92.805,45.940,-497.630,92.805,45.940,-497.930,92.981,45.440,-497.688,92.805,45.440,-497.630,92.805,45.440,-497.930,93.090,45.440,-497.838,92.981,45.440,-497.688,92.805,45.440,-497.930;;6d7276
Mesh;1632;;87.768,45.640,-504.615,87.768,44.240,-504.615,87.867,45.640,-504.656,87.768,44.240,-504.615,87.867,44.240,-504.656,87.867,45.640,-504.656,87.867,45.640,-504.656,87.867,44.240,-504.656,87.908,45.640,-504.755,87.867,44.240,-504.656,87.908,44.240,-504.755,87.908,45.640,-504.755,87.908,45.640,-504.755,87.908,44.240,-504.755,87.867,45.640,-504.854,87.908,44.240,-504.755,87.867,44.240,-504.854,87.867,45.640,-504.854,87.867,45.640,-504.854,87.867,44.240,-504.854,87.768,45.640,-504.895,87.867,44.240,-504.854,87.768,44.240,-504.895,87.768,45.640,-504.895,87.768,45.640,-504.895,87.768,44.240,-504.895,87.669,45.640,-504.854,87.768,44.240,-504.895,87.669,44.240,-504.854,87.669,45.640,-504.854,87.669,45.640,-504.854,87.669,44.240,-504.854,87.628,45.640,-504.755,87.669,44.240,-504.854,87.628,44.240,-504.755,87.628,45.640,-504.755,87.628,45.640,-504.755,87.628,44.240,-504.755,87.669,45.640,-504.656,87.628,44.240,-504.755,87.669,44.240,-504.656,87.669,45.640,-504.656,87.669,45.640,-504.656,87.669,44.240,-504.656,87.768,45.640,-504.615,87.669,44.240,-504.656,87.768,44.240,-504.615,87.768,45.640,-504.615,87.768,45.640,-504.615,87.867,45.640,-504.656,87.768,45.640,-504.755,87.867,45.640,-504.656,87.908,45.640,-504.755,87.768,45.640,-504.755,87.908,45.640,-504.755,87.867,45.640,-504.854,87.768,45.640,-504.755,87.867,45.640,-504.854,87.768,45.640,-504.895,87.768,45.640,-504.755,87.768,45.640,-504.895,87.669,45.640,-504.854,87.768,45.640,-504.755,87.669,45.640,-504.854,87.628,45.640,-504.755,87.768,45.640,-504.755,87.628,45.640,-504.755,87.669,45.640,-504.656,87.768,45.640,-504.755,87.669,45.640,-504.656,87.768,45.640,-504.615,87.768,45.640,-504.755,87.867,44.240,-504.656,87.768,44.240,-504.615,87.768,44.240,-504.755,87.908,44.240,-504.755,87.867,44.240,-504.656,87.768,44.240,-504.755,87.867,44.240,-504.854,87.908,44.240,-504.755,87.768,44.240,-504.755,87.768,44.240,-504.895,87.867,44.240,-504.854,87.768,44.240,-504.755,87.669,44.240,-504.854,87.768,44.240,-504.895,87.768,44.240,-504.755,87.628,44.240,-504.755,87.669,44.240,-504.854,87.768,44.240,-504.755,87.669,44.240,-504.656,87.628,44.240,-504.755,87.768,44.240,-504.755,87.768,44.240,-504.615,87.669,44.240,-504.656,87.768,44.240,-504.755;;a8adb0
Mesh;612;;82.626,44.540,-503.159,82.626,44.240,-503.159,82.626,44.540,-504.866,82.626,44.240,-503.159,82.626,44.240,-504.866,82.626,44.540,-504.866,79.277,44.540,-504.866,79.277,44.240,-504.866,79.277,44.540,-503.159,79.277,44.240,-504.866,79.277,44.240,-503.159,79.277,44.540,-503.159,79.277,44.540,-504.866,79.277,44.540,-503.159,82.626,44.540,-504.866,79.277,44.540,-503.159,82.626,44.540,-503.159,82.626,44.540,-504.866,79.277,44.240,-503.159,79.277,44.240,-504.866,82.626,44.240,-503.159,79.277,44.240,-504.866,82.626,44.240,-504.866,82.626,44.240,-503.159,79.277,44.540,-503.159,79.277,44.240,-503.159,82.626,44.540,-503.159,79.277,44.240,-503.159,82.626,44.240,-503.159,82.626,44.540,-503.159,82.626,44.540,-504.866,82.626,44.240,-504.866,79.277,44.540,-504.866,82.626,44.240,-504.866,79.277,44.240,-504.866,79.277,44.540,-504.866,242.896,10.300,-390.687,242.896,10.000,-390.687,242.896,10.300,-392.609,242.896,10.000,-390.687,242.896,10.000,-392.609,242.896,10.300,-392.609,240.471,10.300,-392.609,240.471,10.000,-392.609,240.471,10.300,-390.687,240.471,10.000,-392.609,240.471,10.000,-390.687,240.471,10.300,-390.687,240.471,10.300,-392.609,240.471,10.300,-390.687,242.896,10.300,-392.609,240.471,10.300,-390.687,242.896,10.300,-390.687,242.896,10.300,-392.609,240.471,10.000,-390.687,240.471,10.000,-392.609,242.896,10.000,-390.687,240.471,10.000,-392.609,242.896,10.000,-392.609,242.896,10.000,-390.687,240.471,10.300,-390.687,240.471,10.000,-390.687,242.896,10.300,-390.687,240.471,10.000,-390.687,242.896,10.000,-390.687,242.896,10.300,-390.687,242.896,10.300,-392.609,242.896,10.000,-392.609,240.471,10.300,-392.609,242.896,10.000,-392.609,240.471,10.000,-392.609,240.471,10.300,-392.609,240.187,14.300,-607.719,240.187,14.000,-607.719,240.187,14.300,-609.243,240.187,14.000,-607.719,240.187,14.000,-609.243,240.187,14.300,-609.243,237.851,14.300,-609.243,237.851,14.000,-609.243,237.851,14.300,-607.719,237.851,14.000,-609.243,237.851,14.000,-607.719,237.851,14.300,-607.719,237.851,14.300,-609.243,237.851,14.300,-607.719,240.187,14.300,-609.243,237.851,14.300,-607.719,240.187,14.300,-607.719,240.187,14.300,-609.243,237.851,14.000,-607.719,237.851,14.000,-609.243,240.187,14.000,-607.719,237.851,14.000,-609.243,240.187,14.000,-609.243,240.187,14.000,-607.719;;c4cdd2
Mesh;3204;;100.842,65.400,-523.102,100.842,64.000,-523.102,100.842,65.400,-523.602,100.842,64.000,-523.102,100.842,64.000,-523.602,100.842,65.400,-523.602,59.158,65.400,-523.602,59.158,64.000,-523.602,59.158,65.400,-523.102,59.158,64.000,-523.602,59.158,64.000,-523.102,59.158,65.400,-523.102,59.158,65.400,-523.602,59.158,65.400,-523.102,100.842,65.400,-523.602,59.158,65.400,-523.102,100.842,65.400,-523.102,100.842,65.400,-523.602,59.158,64.000,-523.102,59.158,64.000,-523.602,100.842,64.000,-523.102,59.158,64.000,-523.602,100.842,64.000,-523.602,100.842,64.000,-523.102,59.158,65.400,-523.102,59.158,64.000,-523.102,100.842,65.400,-523.102,59.158,64.000,-523.102,100.842,64.000,-523.102,100.842,65.400,-523.102,100.842,65.400,-523.602,100.842,64.000,-523.602,59.158,65.400,-523.602,100.842,64.000,-523.602,59.158,64.000,-523.602,59.158,65.400,-523.602,100.842,65.400,-486.398,100.842,64.000,-486.398,100.842,65.400,-486.898,100.842,64.000,-486.398,100.842,64.000,-486.898,100.842,65.400,-486.898,59.158,65.400,-486.898,59.158,64.000,-486.898,59.158,65.400,-486.398,59.158,64.000,-486.898,59.158,64.000,-486.398,59.158,65.400,-486.398,59.158,65.400,-486.898,59.158,65.400,-486.398,100.842,65.400,-486.898,59.158,65.400,-486.398,100.842,65.400,-486.398,100.842,65.400,-486.898,59.158,64.000,-486.398,59.158,64.000,-486.898,100.842,64.000,-486.398,59.158,64.000,-486.898,100.842,64.000,-486.898,100.842,64.000,-486.398,59.158,65.400,-486.398,59.158,64.000,-486.398,100.842,65.400,-486.398,59.158,64.000,-486.398,100.842,64.000,-486.398,100.842,65.400,-486.398,100.842,65.400,-486.898,100.842,64.000,-486.898,59.158,65.400,-486.898,100.842,64.000,-486.898,59.158,64.000,-486.898,59.158,65.400,-486.898,59.658,65.400,-486.648,59.658,64.000,-486.648,59.658,65.400,-523.352,59.658,64.000,-486.648,59.658,64.000,-523.352,59.658,65.400,-523.352,59.158,65.400,-523.352,59.158,64.000,-523.352,59.158,65.400,-486.648,59.158,64.000,-523.352,59.158,64.000,-486.648,59.158,65.400,-486.648,59.158,65.400,-523.352,59.158,65.400,-486.648,59.658,65.400,-523.352,59.158,65.400,-486.648,59.658,65.400,-486.648,59.658,65.400,-523.352,59.158,64.000,-486.648,59.158,64.000,-523.352,59.658,64.000,-486.648,59.158,64.000,-523.352,59.658,64.000,-523.352,59.658,64.000,-486.648;;424a4e
Mesh;1872;;100.917,65.580,-523.027,100.917,65.400,-523.027,100.917,65.580,-523.677,100.917,65.400,-523.027,100.917,65.400,-523.677,100.917,65.580,-523.677,59.083,65.580,-523.677,59.083,65.400,-523.677,59.083,65.580,-523.027,59.083,65.400,-523.677,59.083,65.400,-523.027,59.083,65.580,-523.027,59.083,65.580,-523.677,59.083,65.580,-523.027,100.917,65.580,-523.677,59.083,65.580,-523.027,100.917,65.580,-523.027,100.917,65.580,-523.677,59.083,65.400,-523.027,59.083,65.400,-523.677,100.917,65.400,-523.027,59.083,65.400,-523.677,100.917,65.400,-523.677,100.917,65.400,-523.027,59.083,65.580,-523.027,59.083,65.400,-523.027,100.917,65.580,-523.027,59.083,65.400,-523.027,100.917,65.400,-523.027,100.917,65.580,-523.027,100.917,65.580,-523.677,100.917,65.400,-523.677,59.083,65.580,-523.677,100.917,65.400,-523.677,59.083,65.400,-523.677,59.083,65.580,-523.677,100.917,65.580,-486.323,100.917,65.400,-486.323,100.917,65.580,-486.973,100.917,65.400,-486.323,100.917,65.400,-486.973,100.917,65.580,-486.973,59.083,65.580,-486.973,59.083,65.400,-486.973,59.083,65.580,-486.323,59.083,65.400,-486.973,59.083,65.400,-486.323,59.083,65.580,-486.323,59.083,65.580,-486.973,59.083,65.580,-486.323,100.917,65.580,-486.973,59.083,65.580,-486.323,100.917,65.580,-486.323,100.917,65.580,-486.973,59.083,65.400,-486.323,59.083,65.400,-486.973,100.917,65.400,-486.323,59.083,65.400,-486.973,100.917,65.400,-486.973,100.917,65.400,-486.323,59.083,65.580,-486.323,59.083,65.400,-486.323,100.917,65.580,-486.323,59.083,65.400,-486.323,100.917,65.400,-486.323,100.917,65.580,-486.323,100.917,65.580,-486.973,100.917,65.400,-486.973,59.083,65.580,-486.973,100.917,65.400,-486.973,59.083,65.400,-486.973,59.083,65.580,-486.973,59.733,65.580,-486.648,59.733,65.400,-486.648,59.733,65.580,-523.352,59.733,65.400,-486.648,59.733,65.400,-523.352,59.733,65.580,-523.352,59.083,65.580,-523.352,59.083,65.400,-523.352,59.083,65.580,-486.648,59.083,65.400,-523.352,59.083,65.400,-486.648,59.083,65.580,-486.648,59.083,65.580,-523.352,59.083,65.580,-486.648,59.733,65.580,-523.352,59.083,65.580,-486.648,59.733,65.580,-486.648,59.733,65.580,-523.352,59.083,65.400,-486.648,59.083,65.400,-523.352,59.733,65.400,-486.648,59.083,65.400,-523.352,59.733,65.400,-523.352,59.733,65.400,-486.648;;c9c2b4
Mesh;36;;132.300,12.500,-467.700,132.300,12.000,-467.700,132.300,12.500,-542.300,132.300,12.000,-467.700,132.300,12.000,-542.300,132.300,12.500,-542.300,27.700,12.500,-542.300,27.700,12.000,-542.300,27.700,12.500,-467.700,27.700,12.000,-542.300,27.700,12.000,-467.700,27.700,12.500,-467.700,27.700,12.500,-542.300,27.700,12.500,-467.700,132.300,12.500,-542.300,27.700,12.500,-467.700,132.300,12.500,-467.700,132.300,12.500,-542.300,27.700,12.000,-467.700,27.700,12.000,-542.300,132.300,12.000,-467.700,27.700,12.000,-542.300,132.300,12.000,-542.300,132.300,12.000,-467.700,27.700,12.500,-467.700,27.700,12.000,-467.700,132.300,12.500,-467.700,27.700,12.000,-467.700,132.300,12.000,-467.700,132.300,12.500,-467.700,132.300,12.500,-542.300,132.300,12.000,-542.300,27.700,12.500,-542.300,132.300,12.000,-542.300,27.700,12.000,-542.300,27.700,12.500,-542.300;;8a949a
Mesh;12;;96.420,34.232,-506.420,96.420,25.232,-506.420,96.420,34.232,-515.420,96.420,25.232,-506.420,96.420,25.232,-515.420,96.420,34.232,-515.420,63.020,34.232,-487.680,63.020,25.232,-487.680,72.020,34.232,-487.680,63.020,25.232,-487.680,72.020,25.232,-487.680,72.020,34.232,-487.680;;ffffffT128
Mesh;6;;43.600,17.225,-467.700,43.600,3.575,-467.700,116.400,17.225,-467.700,43.600,3.575,-467.700,116.400,3.575,-467.700,116.400,17.225,-467.700;;ffffffT512
Mesh;144;;64.800,6.500,-452.500,64.800,5.600,-452.500,64.800,6.500,-467.500,64.800,5.600,-452.500,64.800,5.600,-467.500,64.800,6.500,-467.500,32.800,6.500,-467.500,32.800,5.600,-467.500,32.800,6.500,-452.500,32.800,5.600,-467.500,32.800,5.600,-452.500,32.800,6.500,-452.500,32.800,6.500,-467.500,32.800,6.500,-452.500,64.800,6.500,-467.500,32.800,6.500,-452.500,64.800,6.500,-452.500,64.800,6.500,-467.500,32.800,5.600,-452.500,32.800,5.600,-467.500,64.800,5.600,-452.500,32.800,5.600,-467.500,64.800,5.600,-467.500,64.800,5.600,-452.500,32.800,6.500,-452.500,32.800,5.600,-452.500,64.800,6.500,-452.500,32.800,5.600,-452.500,64.800,5.600,-452.500,64.800,6.500,-452.500,64.800,6.500,-467.500,64.800,5.600,-467.500,32.800,6.500,-467.500,64.800,5.600,-467.500,32.800,5.600,-467.500,32.800,6.500,-467.500,-65.500,6.500,-304.500,-65.500,6.000,-304.500,-65.500,6.500,-305.200,-65.500,6.000,-304.500,-65.500,6.000,-305.200,-65.500,6.500,-305.200,-72.500,6.500,-305.200,-72.500,6.000,-305.200,-72.500,6.500,-304.500,-72.500,6.000,-305.200,-72.500,6.000,-304.500,-72.500,6.500,-304.500,-72.500,6.500,-305.200,-72.500,6.500,-304.500,-65.500,6.500,-305.200,-72.500,6.500,-304.500,-65.500,6.500,-304.500,-65.500,6.500,-305.200,-72.500,6.000,-304.500,-72.500,6.000,-305.200,-65.500,6.000,-304.500,-72.500,6.000,-305.200,-65.500,6.000,-305.200,-65.500,6.000,-304.500,-72.500,6.500,-304.500,-72.500,6.000,-304.500,-65.500,6.500,-304.500,-72.500,6.000,-304.500,-65.500,6.000,-304.500,-65.500,6.500,-304.500,-65.500,6.500,-305.200,-65.500,6.000,-305.200,-72.500,6.500,-305.200,-65.500,6.000,-305.200,-72.500,6.000,-305.200,-72.500,6.500,-305.200,-56.500,6.500,-304.500,-56.500,6.000,-304.500,-56.500,6.500,-305.200,-56.500,6.000,-304.500,-56.500,6.000,-305.200,-56.500,6.500,-305.200,-63.500,6.500,-305.200,-63.500,6.000,-305.200,-63.500,6.500,-304.500,-63.500,6.000,-305.200,-63.500,6.000,-304.500,-63.500,6.500,-304.500,-63.500,6.500,-305.200,-63.500,6.500,-304.500,-56.500,6.500,-305.200,-63.500,6.500,-304.500,-56.500,6.500,-304.500,-56.500,6.500,-305.200,-63.500,6.000,-304.500,-63.500,6.000,-305.200,-56.500,6.000,-304.500,-63.500,6.000,-305.200,-56.500,6.000,-305.200,-56.500,6.000,-304.500;;b03a2e
Mesh;6;;71.000,8.587,-452.800,71.000,5.213,-452.800,89.000,8.587,-452.800,71.000,5.213,-452.800,89.000,5.213,-452.800,89.000,8.587,-452.800;;ffffffT512
Mesh;108;;39.020,4.600,-467.550,39.020,0.000,-467.550,39.020,4.600,-468.050,39.020,0.000,-467.550,39.020,0.000,-468.050,39.020,4.600,-468.050,33.620,4.600,-468.050,33.620,0.000,-468.050,33.620,4.600,-467.550,33.620,0.000,-468.050,33.620,0.000,-467.550,33.620,4.600,-467.550,33.620,4.600,-468.050,33.620,4.600,-467.550,39.020,4.600,-468.050,33.620,4.600,-467.550,39.020,4.600,-467.550,39.020,4.600,-468.050,33.620,0.000,-467.550,33.620,0.000,-468.050,39.020,0.000,-467.550,33.620,0.000,-468.050,39.020,0.000,-468.050,39.020,0.000,-467.550,33.620,4.600,-467.550,33.620,0.000,-467.550,39.020,4.600,-467.550,33.620,0.000,-467.550,39.020,0.000,-467.550,39.020,4.600,-467.550,39.020,4.600,-468.050,39.020,0.000,-468.050,33.620,4.600,-468.050,39.020,0.000,-468.050,33.620,0.000,-468.050,33.620,4.600,-468.050,46.020,4.600,-467.550,46.020,0.000,-467.550,46.020,4.600,-468.050,46.020,0.000,-467.550,46.020,0.000,-468.050,46.020,4.600,-468.050,40.620,4.600,-468.050,40.620,0.000,-468.050,40.620,4.600,-467.550,40.620,0.000,-468.050,40.620,0.000,-467.550,40.620,4.600,-467.550,40.620,4.600,-468.050,40.620,4.600,-467.550,46.020,4.600,-468.050,40.620,4.600,-467.550,46.020,4.600,-467.550,46.020,4.600,-468.050,40.620,0.000,-467.550,40.620,0.000,-468.050,46.020,0.000,-467.550,40.620,0.000,-468.050,46.020,0.000,-468.050,46.020,0.000,-467.550,40.620,4.600,-467.550,40.620,0.000,-467.550,46.020,4.600,-467.550,40.620,0.000,-467.550,46.020,0.000,-467.550,46.020,4.600,-467.550,46.020,4.600,-468.050,46.020,0.000,-468.050,40.620,4.600,-468.050,46.020,0.000,-468.050,40.620,0.000,-468.050,40.620,4.600,-468.050,53.020,4.600,-467.550,53.020,0.000,-467.550,53.020,4.600,-468.050,53.020,0.000,-467.550,53.020,0.000,-468.050,53.020,4.600,-468.050,47.620,4.600,-468.050,47.620,0.000,-468.050,47.620,4.600,-467.550,47.620,0.000,-468.050,47.620,0.000,-467.550,47.620,4.600,-467.550,47.620,4.600,-468.050,47.620,4.600,-467.550,53.020,4.600,-468.050,47.620,4.600,-467.550,53.020,4.600,-467.550,53.020,4.600,-468.050,47.620,0.000,-467.550,47.620,0.000,-468.050,53.020,0.000,-467.550,47.620,0.000,-468.050,53.020,0.000,-468.050,53.020,0.000,-467.550;;d7dde0
Mesh;72;;117.780,12.600,-525.720,117.627,12.600,-526.885,113.280,12.600,-525.720,117.627,12.600,-526.885,117.177,12.600,-527.970,113.280,12.600,-525.720,117.177,12.600,-527.970,116.462,12.600,-528.902,113.280,12.600,-525.720,116.462,12.600,-528.902,115.530,12.600,-529.617,113.280,12.600,-525.720,115.530,12.600,-529.617,114.445,12.600,-530.067,113.280,12.600,-525.720,114.445,12.600,-530.067,113.280,12.600,-530.220,113.280,12.600,-525.720,113.280,12.600,-530.220,112.115,12.600,-530.067,113.280,12.600,-525.720,112.115,12.600,-530.067,111.030,12.600,-529.617,113.280,12.600,-525.720,111.030,12.600,-529.617,110.098,12.600,-528.902,113.280,12.600,-525.720,110.098,12.600,-528.902,109.383,12.600,-527.970,113.280,12.600,-525.720,109.383,12.600,-527.970,108.933,12.600,-526.885,113.280,12.600,-525.720,108.933,12.600,-526.885,108.780,12.600,-525.720,113.280,12.600,-525.720,108.780,12.600,-525.720,108.933,12.600,-524.555,113.280,12.600,-525.720,108.933,12.600,-524.555,109.383,12.600,-523.470,113.280,12.600,-525.720,109.383,12.600,-523.470,110.098,12.600,-522.538,113.280,12.600,-525.720,110.098,12.600,-522.538,111.030,12.600,-521.823,113.280,12.600,-525.720,111.030,12.600,-521.823,112.115,12.600,-521.373,113.280,12.600,-525.720,112.115,12.600,-521.373,113.280,12.600,-521.220,113.280,12.600,-525.720,113.280,12.600,-521.220,114.445,12.600,-521.373,113.280,12.600,-525.720,114.445,12.600,-521.373,115.530,12.600,-521.823,113.280,12.600,-525.720,115.530,12.600,-521.823,116.462,12.600,-522.538,113.280,12.600,-525.720,116.462,12.600,-522.538,117.177,12.600,-523.470,113.280,12.600,-525.720,117.177,12.600,-523.470,117.627,12.600,-524.555,113.280,12.600,-525.720,117.627,12.600,-524.555,117.780,12.600,-525.720,113.280,12.600,-525.720;;ffffffT64
Mesh;576;;119.480,12.750,-525.600,119.480,12.500,-525.600,119.584,12.750,-525.660,119.480,12.500,-525.600,119.584,12.500,-525.660,119.584,12.750,-525.660,119.584,12.750,-525.660,119.584,12.500,-525.660,119.584,12.750,-525.780,119.584,12.500,-525.660,119.584,12.500,-525.780,119.584,12.750,-525.780,119.584,12.750,-525.780,119.584,12.500,-525.780,119.480,12.750,-525.840,119.584,12.500,-525.780,119.480,12.500,-525.840,119.480,12.750,-525.840,119.480,12.750,-525.840,119.480,12.500,-525.840,119.376,12.750,-525.780,119.480,12.500,-525.840,119.376,12.500,-525.780,119.376,12.750,-525.780,119.376,12.750,-525.780,119.376,12.500,-525.780,119.376,12.750,-525.660,119.376,12.500,-525.780,119.376,12.500,-525.660,119.376,12.750,-525.660,119.376,12.750,-525.660,119.376,12.500,-525.660,119.480,12.750,-525.600,119.376,12.500,-525.660,119.480,12.500,-525.600,119.480,12.750,-525.600,119.480,12.750,-525.600,119.584,12.750,-525.660,119.480,12.750,-525.720,119.584,12.750,-525.660,119.584,12.750,-525.780,119.480,12.750,-525.720,119.584,12.750,-525.780,119.480,12.750,-525.840,119.480,12.750,-525.720,119.480,12.750,-525.840,119.376,12.750,-525.780,119.480,12.750,-525.720,119.376,12.750,-525.780,119.376,12.750,-525.660,119.480,12.750,-525.720,119.376,12.750,-525.660,119.480,12.750,-525.600,119.480,12.750,-525.720,119.584,12.500,-525.660,119.480,12.500,-525.600,119.480,12.500,-525.720,119.584,12.500,-525.780,119.584,12.500,-525.660,119.480,12.500,-525.720,119.480,12.500,-525.840,119.584,12.500,-525.780,119.480,12.500,-525.720,119.376,12.500,-525.780,119.480,12.500,-525.840,119.480,12.500,-525.720,119.376,12.500,-525.660,119.376,12.500,-525.780,119.480,12.500,-525.720,119.480,12.500,-525.600,119.376,12.500,-525.660,119.480,12.500,-525.720,117.664,12.750,-521.216,117.664,12.500,-521.216,117.768,12.750,-521.276,117.664,12.500,-521.216,117.768,12.500,-521.276,117.768,12.750,-521.276,117.768,12.750,-521.276,117.768,12.500,-521.276,117.768,12.750,-521.396,117.768,12.500,-521.276,117.768,12.500,-521.396,117.768,12.750,-521.396,117.768,12.750,-521.396,117.768,12.500,-521.396,117.664,12.750,-521.456,117.768,12.500,-521.396,117.664,12.500,-521.456,117.664,12.750,-521.456,117.664,12.750,-521.456,117.664,12.500,-521.456,117.560,12.750,-521.396,117.664,12.500,-521.456,117.560,12.500,-521.396,117.560,12.750,-521.396;;ffd23e
Mesh;24;;-42.000,9.000,-305.000,-42.000,0.000,-305.000,-42.000,9.000,-331.000,-42.000,0.000,-305.000,-42.000,0.000,-331.000,-42.000,9.000,-331.000,-78.000,9.000,-331.000,-78.000,0.000,-331.000,-78.000,9.000,-305.000,-78.000,0.000,-331.000,-78.000,0.000,-305.000,-78.000,9.000,-305.000,-78.000,9.000,-305.000,-78.000,0.000,-305.000,-42.000,9.000,-305.000,-78.000,0.000,-305.000,-42.000,0.000,-305.000,-42.000,9.000,-305.000,-42.000,9.000,-331.000,-42.000,0.000,-331.000,-78.000,9.000,-331.000,-42.000,0.000,-331.000,-78.000,0.000,-331.000,-78.000,9.000,-331.000;;ffffffT1024
Mesh;36;;-65.500,6.000,-304.600,-65.500,0.000,-304.600,-65.500,6.000,-305.200,-65.500,0.000,-304.600,-65.500,0.000,-305.200,-65.500,6.000,-305.200,-72.500,6.000,-305.200,-72.500,0.000,-305.200,-72.500,6.000,-304.600,-72.500,0.000,-305.200,-72.500,0.000,-304.600,-72.500,6.000,-304.600,-72.500,6.000,-305.200,-72.500,6.000,-304.600,-65.500,6.000,-305.200,-72.500,6.000,-304.600,-65.500,6.000,-304.600,-65.500,6.000,-305.200,-72.500,0.000,-304.600,-72.500,0.000,-305.200,-65.500,0.000,-304.600,-72.500,0.000,-305.200,-65.500,0.000,-305.200,-65.500,0.000,-304.600,-72.500,6.000,-304.600,-72.500,0.000,-304.600,-65.500,6.000,-304.600,-72.500,0.000,-304.600,-65.500,0.000,-304.600,-65.500,6.000,-304.600,-65.500,6.000,-305.200,-65.500,0.000,-305.200,-72.500,6.000,-305.200,-65.500,0.000,-305.200,-72.500,0.000,-305.200,-72.500,6.000,-305.200;;d7dde0T128
Mesh;36;;-56.500,6.000,-304.600,-56.500,0.000,-304.600,-56.500,6.000,-305.200,-56.500,0.000,-304.600,-56.500,0.000,-305.200,-56.500,6.000,-305.200,-63.500,6.000,-305.200,-63.500,0.000,-305.200,-63.500,6.000,-304.600,-63.500,0.000,-305.200,-63.500,0.000,-304.600,-63.500,6.000,-304.600,-63.500,6.000,-305.200,-63.500,6.000,-304.600,-56.500,6.000,-305.200,-63.500,6.000,-304.600,-56.500,6.000,-304.600,-56.500,6.000,-305.200,-63.500,0.000,-304.600,-63.500,0.000,-305.200,-56.500,0.000,-304.600,-63.500,0.000,-305.200,-56.500,0.000,-305.200,-56.500,0.000,-304.600,-63.500,6.000,-304.600,-63.500,0.000,-304.600,-56.500,6.000,-304.600,-63.500,0.000,-304.600,-56.500,0.000,-304.600,-56.500,6.000,-304.600,-56.500,6.000,-305.200,-56.500,0.000,-305.200,-63.500,6.000,-305.200,-56.500,0.000,-305.200,-63.500,0.000,-305.200,-63.500,6.000,-305.200;;d7dde0T128
Mesh;36;;-47.500,6.000,-304.600,-47.500,0.000,-304.600,-47.500,6.000,-305.200,-47.500,0.000,-304.600,-47.500,0.000,-305.200,-47.500,6.000,-305.200,-54.500,6.000,-305.200,-54.500,0.000,-305.200,-54.500,6.000,-304.600,-54.500,0.000,-305.200,-54.500,0.000,-304.600,-54.500,6.000,-304.600,-54.500,6.000,-305.200,-54.500,6.000,-304.600,-47.500,6.000,-305.200,-54.500,6.000,-304.600,-47.500,6.000,-304.600,-47.500,6.000,-305.200,-54.500,0.000,-304.600,-54.500,0.000,-305.200,-47.500,0.000,-304.600,-54.500,0.000,-305.200,-47.500,0.000,-305.200,-47.500,0.000,-304.600,-54.500,6.000,-304.600,-54.500,0.000,-304.600,-47.500,6.000,-304.600,-54.500,0.000,-304.600,-47.500,0.000,-304.600,-47.500,6.000,-304.600,-47.500,6.000,-305.200,-47.500,0.000,-305.200,-54.500,6.000,-305.200,-47.500,0.000,-305.200,-54.500,0.000,-305.200,-54.500,6.000,-305.200;;d7dde0T128
Mesh;6;;-74.400,10.300,-304.700,-74.400,4.900,-304.700,-45.600,10.300,-304.700,-74.400,4.900,-304.700,-45.600,4.900,-304.700,-45.600,10.300,-304.700;;ffffffT512
Mesh;36;;-72.500,14.000,-325.500,-72.500,0.000,-325.500,-72.500,14.000,-330.500,-72.500,0.000,-325.500,-72.500,0.000,-330.500,-72.500,14.000,-330.500,-77.500,14.000,-330.500,-77.500,0.000,-330.500,-77.500,14.000,-325.500,-77.500,0.000,-330.500,-77.500,0.000,-325.500,-77.500,14.000,-325.500,-77.500,14.000,-330.500,-77.500,14.000,-325.500,-72.500,14.000,-330.500,-77.500,14.000,-325.500,-72.500,14.000,-325.500,-72.500,14.000,-330.500,-77.500,0.000,-325.500,-77.500,0.000,-330.500,-72.500,0.000,-325.500,-77.500,0.000,-330.500,-72.500,0.000,-330.500,-72.500,0.000,-325.500,-77.500,14.000,-325.500,-77.500,0.000,-325.500,-72.500,14.000,-325.500,-77.500,0.000,-325.500,-72.500,0.000,-325.500,-72.500,14.000,-325.500,-72.500,14.000,-330.500,-72.500,0.000,-330.500,-77.500,14.000,-330.500,-72.500,0.000,-330.500,-77.500,0.000,-330.500,-77.500,14.000,-330.500;;8e2f26
Mesh;144;;-75.000,22.000,-327.920,-75.000,14.000,-327.920,-74.960,22.000,-327.931,-75.000,14.000,-327.920,-74.960,14.000,-327.931,-74.960,22.000,-327.931,-74.960,22.000,-327.931,-74.960,14.000,-327.931,-74.931,22.000,-327.960,-74.960,14.000,-327.931,-74.931,14.000,-327.960,-74.931,22.000,-327.960,-74.931,22.000,-327.960,-74.931,14.000,-327.960,-74.920,22.000,-328.000,-74.931,14.000,-327.960,-74.920,14.000,-328.000,-74.920,22.000,-328.000,-74.920,22.000,-328.000,-74.920,14.000,-328.000,-74.931,22.000,-328.040,-74.920,14.000,-328.000,-74.931,14.000,-328.040,-74.931,22.000,-328.040,-74.931,22.000,-328.040,-74.931,14.000,-328.040,-74.960,22.000,-328.069,-74.931,14.000,-328.040,-74.960,14.000,-328.069,-74.960,22.000,-328.069,-74.960,22.000,-328.069,-74.960,14.000,-328.069,-75.000,22.000,-328.080,-74.960,14.000,-328.069,-75.000,14.000,-328.080,-75.000,22.000,-328.080,-75.000,22.000,-328.080,-75.000,14.000,-328.080,-75.040,22.000,-328.069,-75.000,14.000,-328.080,-75.040,14.000,-328.069,-75.040,22.000,-328.069,-75.040,22.000,-328.069,-75.040,14.000,-328.069,-75.069,22.000,-328.040,-75.040,14.000,-328.069,-75.069,14.000,-328.040,-75.069,22.000,-328.040,-75.069,22.000,-328.040,-75.069,14.000,-328.040,-75.080,22.000,-328.000,-75.069,14.000,-328.040,-75.080,14.000,-328.000,-75.080,22.000,-328.000,-75.080,22.000,-328.000,-75.080,14.000,-328.000,-75.069,22.000,-327.960,-75.080,14.000,-328.000,-75.069,14.000,-327.960,-75.069,22.000,-327.960,-75.069,22.000,-327.960,-75.069,14.000,-327.960,-75.040,22.000,-327.931,-75.069,14.000,-327.960,-75.040,14.000,-327.931,-75.040,22.000,-327.931,-75.040,22.000,-327.931,-75.040,14.000,-327.931,-75.000,22.000,-327.920,-75.040,14.000,-327.931,-75.000,14.000,-327.920,-75.000,22.000,-327.920,-75.000,22.000,-327.920,-74.960,22.000,-327.931,-75.000,22.000,-328.000,-74.960,22.000,-327.931,-74.931,22.000,-327.960,-75.000,22.000,-328.000,-74.931,22.000,-327.960,-74.920,22.000,-328.000,-75.000,22.000,-328.000,-74.920,22.000,-328.000,-74.931,22.000,-328.040,-75.000,22.000,-328.000,-74.931,22.000,-328.040,-74.960,22.000,-328.069,-75.000,22.000,-328.000,-74.960,22.000,-328.069,-75.000,22.000,-328.080,-75.000,22.000,-328.000,-75.000,22.000,-328.080,-75.040,22.000,-328.069,-75.000,22.000,-328.000,-75.040,22.000,-328.069,-75.069,22.000,-328.040,-75.000,22.000,-328.000;;333333
Mesh;96;;-75.000,22.400,-327.820,-75.000,22.000,-327.820,-74.873,22.400,-327.873,-75.000,22.000,-327.820,-74.873,22.000,-327.873,-74.873,22.400,-327.873,-74.873,22.400,-327.873,-74.873,22.000,-327.873,-74.820,22.400,-328.000,-74.873,22.000,-327.873,-74.820,22.000,-328.000,-74.820,22.400,-328.000,-74.820,22.400,-328.000,-74.820,22.000,-328.000,-74.873,22.400,-328.127,-74.820,22.000,-328.000,-74.873,22.000,-328.127,-74.873,22.400,-328.127,-74.873,22.400,-328.127,-74.873,22.000,-328.127,-75.000,22.400,-328.180,-74.873,22.000,-328.127,-75.000,22.000,-328.180,-75.000,22.400,-328.180,-75.000,22.400,-328.180,-75.000,22.000,-328.180,-75.127,22.400,-328.127,-75.000,22.000,-328.180,-75.127,22.000,-328.127,-75.127,22.400,-328.127,-75.127,22.400,-328.127,-75.127,22.000,-328.127,-75.180,22.400,-328.000,-75.127,22.000,-328.127,-75.180,22.000,-328.000,-75.180,22.400,-328.000,-75.180,22.400,-328.000,-75.180,22.000,-328.000,-75.127,22.400,-327.873,-75.180,22.000,-328.000,-75.127,22.000,-327.873,-75.127,22.400,-327.873,-75.127,22.400,-327.873,-75.127,22.000,-327.873,-75.000,22.400,-327.820,-75.127,22.000,-327.873,-75.000,22.000,-327.820,-75.000,22.400,-327.820,-75.000,22.400,-327.820,-74.873,22.400,-327.873,-75.000,22.400,-328.000,-74.873,22.400,-327.873,-74.820,22.400,-328.000,-75.000,22.400,-328.000,-74.820,22.400,-328.000,-74.873,22.400,-328.127,-75.000,22.400,-328.000,-74.873,22.400,-328.127,-75.000,22.400,-328.180,-75.000,22.400,-328.000,-75.000,22.400,-328.180,-75.127,22.400,-328.127,-75.000,22.400,-328.000,-75.127,22.400,-328.127,-75.180,22.400,-328.000,-75.000,22.400,-328.000,-75.180,22.400,-328.000,-75.127,22.400,-327.873,-75.000,22.400,-328.000,-75.127,22.400,-327.873,-75.000,22.400,-327.820,-75.000,22.400,-328.000,-74.873,22.000,-327.873,-75.000,22.000,-327.820,-75.000,22.000,-328.000,-74.820,22.000,-328.000,-74.873,22.000,-327.873,-75.000,22.000,-328.000,-74.873,22.000,-328.127,-74.820,22.000,-328.000,-75.000,22.000,-328.000,-75.000,22.000,-328.180,-74.873,22.000,-328.127,-75.000,22.000,-328.000,-75.127,22.000,-328.127,-75.000,22.000,-328.180,-75.000,22.000,-328.000,-75.180,22.000,-328.000,-75.127,22.000,-328.127,-75.000,22.000,-328.000,-75.127,22.000,-327.873,-75.180,22.000,-328.000,-75.000,22.000,-328.000,-75.000,22.000,-327.820,-75.127,22.000,-327.873,-75.000,22.000,-328.000;;c0392b
Mesh;24;;12.000,12.000,-327.000,12.000,0.000,-327.000,12.000,12.000,-297.000,12.000,0.000,-327.000,12.000,0.000,-297.000,12.000,12.000,-297.000,64.000,12.000,-297.000,64.000,0.000,-297.000,64.000,12.000,-327.000,64.000,0.000,-297.000,64.000,0.000,-327.000,64.000,12.000,-327.000,64.000,12.000,-327.000,64.000,0.000,-327.000,12.000,12.000,-327.000,64.000,0.000,-327.000,12.000,0.000,-327.000,12.000,12.000,-327.000,12.000,12.000,-297.000,12.000,0.000,-297.000,64.000,12.000,-297.000,12.000,0.000,-297.000,64.000,0.000,-297.000,64.000,12.000,-297.000;;ffffffT1024
Mesh;2880;;11.750,13.260,-297.250,11.750,12.000,-297.250,11.750,13.260,-296.750,11.750,12.000,-297.250,11.750,12.000,-296.750,11.750,13.260,-296.750,64.250,13.260,-296.750,64.250,12.000,-296.750,64.250,13.260,-297.250,64.250,12.000,-296.750,64.250,12.000,-297.250,64.250,13.260,-297.250,64.250,13.260,-296.750,64.250,13.260,-297.250,11.750,13.260,-296.750,64.250,13.260,-297.250,11.750,13.260,-297.250,11.750,13.260,-296.750,64.250,12.000,-297.250,64.250,12.000,-296.750,11.750,12.000,-297.250,64.250,12.000,-296.750,11.750,12.000,-296.750,11.750,12.000,-297.250,64.250,13.260,-297.250,64.250,12.000,-297.250,11.750,13.260,-297.250,64.250,12.000,-297.250,11.750,12.000,-297.250,11.750,13.260,-297.250,11.750,13.260,-296.750,11.750,12.000,-296.750,64.250,13.260,-296.750,11.750,12.000,-296.750,64.250,12.000,-296.750,64.250,13.260,-296.750,11.750,13.260,-327.250,11.750,12.000,-327.250,11.750,13.260,-326.750,11.750,12.000,-327.250,11.750,12.000,-326.750,11.750,13.260,-326.750,64.250,13.260,-326.750,64.250,12.000,-326.750,64.250,13.260,-327.250,64.250,12.000,-326.750,64.250,12.000,-327.250,64.250,13.260,-327.250,64.250,13.260,-326.750,64.250,13.260,-327.250,11.750,13.260,-326.750,64.250,13.260,-327.250,11.750,13.260,-327.250,11.750,13.260,-326.750,64.250,12.000,-327.250,64.250,12.000,-326.750,11.750,12.000,-327.250,64.250,12.000,-326.750,11.750,12.000,-326.750,11.750,12.000,-327.250,64.250,13.260,-327.250,64.250,12.000,-327.250,11.750,13.260,-327.250,64.250,12.000,-327.250,11.750,12.000,-327.250,11.750,13.260,-327.250,11.750,13.260,-326.750,11.750,12.000,-326.750,64.250,13.260,-326.750,11.750,12.000,-326.750,64.250,12.000,-326.750,64.250,13.260,-326.750,63.750,13.260,-327.000,63.750,12.000,-327.000,63.750,13.260,-297.000,63.750,12.000,-327.000,63.750,12.000,-297.000,63.750,13.260,-297.000,64.250,13.260,-297.000,64.250,12.000,-297.000,64.250,13.260,-327.000,64.250,12.000,-297.000,64.250,12.000,-327.000,64.250,13.260,-327.000,64.250,13.260,-297.000,64.250,13.260,-327.000,63.750,13.260,-297.000,64.250,13.260,-327.000,63.750,13.260,-327.000,63.750,13.260,-297.000,64.250,12.000,-327.000,64.250,12.000,-297.000,63.750,12.000,-327.000,64.250,12.000,-297.000,63.750,12.000,-297.000,63.750,12.000,-327.000;;57504a
Mesh;1728;;42.000,5.000,-329.300,42.000,0.000,-329.350,41.750,5.000,-329.233,42.000,0.000,-329.350,41.725,0.000,-329.276,41.750,5.000,-329.233,41.750,5.000,-329.233,41.725,0.000,-329.276,41.567,5.000,-329.050,41.725,0.000,-329.276,41.524,0.000,-329.075,41.567,5.000,-329.050,41.567,5.000,-329.050,41.524,0.000,-329.075,41.500,5.000,-328.800,41.524,0.000,-329.075,41.450,0.000,-328.800,41.500,5.000,-328.800,41.500,5.000,-328.800,41.450,0.000,-328.800,41.567,5.000,-328.550,41.450,0.000,-328.800,41.524,0.000,-328.525,41.567,5.000,-328.550,41.567,5.000,-328.550,41.524,0.000,-328.525,41.750,5.000,-328.367,41.524,0.000,-328.525,41.725,0.000,-328.324,41.750,5.000,-328.367,41.750,5.000,-328.367,41.725,0.000,-328.324,42.000,5.000,-328.300,41.725,0.000,-328.324,42.000,0.000,-328.250,42.000,5.000,-328.300,42.000,5.000,-328.300,42.000,0.000,-328.250,42.250,5.000,-328.367,42.000,0.000,-328.250,42.275,0.000,-328.324,42.250,5.000,-328.367,42.250,5.000,-328.367,42.275,0.000,-328.324,42.433,5.000,-328.550,42.275,0.000,-328.324,42.476,0.000,-328.525,42.433,5.000,-328.550,42.433,5.000,-328.550,42.476,0.000,-328.525,42.500,5.000,-328.800,42.476,0.000,-328.525,42.550,0.000,-328.800,42.500,5.000,-328.800,42.500,5.000,-328.800,42.550,0.000,-328.800,42.433,5.000,-329.050,42.550,0.000,-328.800,42.476,0.000,-329.075,42.433,5.000,-329.050,42.433,5.000,-329.050,42.476,0.000,-329.075,42.250,5.000,-329.233,42.476,0.000,-329.075,42.275,0.000,-329.276,42.250,5.000,-329.233,42.250,5.000,-329.233,42.275,0.000,-329.276,42.000,5.000,-329.300,42.275,0.000,-329.276,42.000,0.000,-329.350,42.000,5.000,-329.300,42.000,5.000,-329.300,41.750,5.000,-329.233,42.000,5.000,-328.800,41.750,5.000,-329.233,41.567,5.000,-329.050,42.000,5.000,-328.800,41.567,5.000,-329.050,41.500,5.000,-328.800,42.000,5.000,-328.800,41.500,5.000,-328.800,41.567,5.000,-328.550,42.000,5.000,-328.800,41.567,5.000,-328.550,41.750,5.000,-328.367,42.000,5.000,-328.800,41.750,5.000,-328.367,42.000,5.000,-328.300,42.000,5.000,-328.800,42.000,5.000,-328.300,42.250,5.000,-328.367,42.000,5.000,-328.800,42.250,5.000,-328.367,42.433,5.000,-328.550,42.000,5.000,-328.800;;d9d2c0
Mesh;72;;33.000,0.600,-331.000,33.000,-0.000,-331.000,33.000,0.600,-328.000,33.000,-0.000,-331.000,33.000,-0.000,-328.000,33.000,0.600,-328.000,43.000,0.600,-328.000,43.000,-0.000,-328.000,43.000,0.600,-331.000,43.000,-0.000,-328.000,43.000,-0.000,-331.000,43.000,0.600,-331.000,43.000,0.600,-328.000,43.000,0.600,-331.000,33.000,0.600,-328.000,43.000,0.600,-331.000,33.000,0.600,-331.000,33.000,0.600,-328.000,43.000,-0.000,-331.000,43.000,-0.000,-328.000,33.000,-0.000,-331.000,43.000,-0.000,-328.000,33.000,-0.000,-328.000,33.000,-0.000,-331.000,43.000,0.600,-331.000,43.000,-0.000,-331.000,33.000,0.600,-331.000,43.000,-0.000,-331.000,33.000,-0.000,-331.000,33.000,0.600,-331.000,33.000,0.600,-328.000,33.000,-0.000,-328.000,43.000,0.600,-328.000,33.000,-0.000,-328.000,43.000,-0.000,-328.000,43.000,0.600,-328.000,135.000,0.600,-326.000,135.000,-0.000,-326.000,135.000,0.600,-323.000,135.000,-0.000,-326.000,135.000,-0.000,-323.000,135.000,0.600,-323.000,145.000,0.600,-323.000,145.000,-0.000,-323.000,145.000,0.600,-326.000,145.000,-0.000,-323.000,145.000,-0.000,-326.000,145.000,0.600,-326.000,145.000,0.600,-323.000,145.000,0.600,-326.000,135.000,0.600,-323.000,145.000,0.600,-326.000,135.000,0.600,-326.000,135.000,0.600,-323.000,145.000,-0.000,-326.000,145.000,-0.000,-323.000,135.000,-0.000,-326.000,145.000,-0.000,-323.000,135.000,-0.000,-323.000,135.000,-0.000,-326.000,145.000,0.600,-326.000,145.000,-0.000,-326.000,135.000,0.600,-326.000,145.000,-0.000,-326.000,135.000,-0.000,-326.000,135.000,0.600,-326.000,135.000,0.600,-323.000,135.000,-0.000,-323.000,145.000,0.600,-323.000,135.000,-0.000,-323.000,145.000,-0.000,-323.000,145.000,0.600,-323.000;;9a927c
Mesh;72;;32.500,0.900,-330.600,32.500,0.600,-330.600,32.500,0.900,-328.600,32.500,0.600,-330.600,32.500,0.600,-328.600,32.500,0.900,-328.600,43.500,0.900,-328.600,43.500,0.600,-328.600,43.500,0.900,-330.600,43.500,0.600,-328.600,43.500,0.600,-330.600,43.500,0.900,-330.600,43.500,0.900,-328.600,43.500,0.900,-330.600,32.500,0.900,-328.600,43.500,0.900,-330.600,32.500,0.900,-330.600,32.500,0.900,-328.600,43.500,0.600,-330.600,43.500,0.600,-328.600,32.500,0.600,-330.600,43.500,0.600,-328.600,32.500,0.600,-328.600,32.500,0.600,-330.600,43.500,0.900,-330.600,43.500,0.600,-330.600,32.500,0.900,-330.600,43.500,0.600,-330.600,32.500,0.600,-330.600,32.500,0.900,-330.600,32.500,0.900,-328.600,32.500,0.600,-328.600,43.500,0.900,-328.600,32.500,0.600,-328.600,43.500,0.600,-328.600,43.500,0.900,-328.600,134.500,0.900,-325.600,134.500,0.600,-325.600,134.500,0.900,-323.600,134.500,0.600,-325.600,134.500,0.600,-323.600,134.500,0.900,-323.600,145.500,0.900,-323.600,145.500,0.600,-323.600,145.500,0.900,-325.600,145.500,0.600,-323.600,145.500,0.600,-325.600,145.500,0.900,-325.600,145.500,0.900,-323.600,145.500,0.900,-325.600,134.500,0.900,-323.600,145.500,0.900,-325.600,134.500,0.900,-325.600,134.500,0.900,-323.600,145.500,0.600,-325.600,145.500,0.600,-323.600,134.500,0.600,-325.600,145.500,0.600,-323.600,134.500,0.600,-323.600,134.500,0.600,-325.600,145.500,0.900,-325.600,145.500,0.600,-325.600,134.500,0.900,-325.600,145.500,0.600,-325.600,134.500,0.600,-325.600,134.500,0.900,-325.600,134.500,0.900,-323.600,134.500,0.600,-323.600,145.500,0.900,-323.600,134.500,0.600,-323.600,145.500,0.600,-323.600,145.500,0.900,-323.600;;aaa18a
Mesh;6;;53.600,12.925,-327.300,53.600,7.075,-327.300,22.400,12.925,-327.300,53.600,7.075,-327.300,22.400,7.075,-327.300,22.400,12.925,-327.300;;ffffffT512
Mesh;288;;8.000,11.000,-331.100,8.000,0.000,-331.120,7.950,11.000,-331.087,8.000,0.000,-331.120,7.940,0.000,-331.104,7.950,11.000,-331.087,7.950,11.000,-331.087,7.940,0.000,-331.104,7.913,11.000,-331.050,7.940,0.000,-331.104,7.896,0.000,-331.060,7.913,11.000,-331.050,7.913,11.000,-331.050,7.896,0.000,-331.060,7.900,11.000,-331.000,7.896,0.000,-331.060,7.880,0.000,-331.000,7.900,11.000,-331.000,7.900,11.000,-331.000,7.880,0.000,-331.000,7.913,11.000,-330.950,7.880,0.000,-331.000,7.896,0.000,-330.940,7.913,11.000,-330.950,7.913,11.000,-330.950,7.896,0.000,-330.940,7.950,11.000,-330.913,7.896,0.000,-330.940,7.940,0.000,-330.896,7.950,11.000,-330.913,7.950,11.000,-330.913,7.940,0.000,-330.896,8.000,11.000,-330.900,7.940,0.000,-330.896,8.000,0.000,-330.880,8.000,11.000,-330.900,8.000,11.000,-330.900,8.000,0.000,-330.880,8.050,11.000,-330.913,8.000,0.000,-330.880,8.060,0.000,-330.896,8.050,11.000,-330.913,8.050,11.000,-330.913,8.060,0.000,-330.896,8.087,11.000,-330.950,8.060,0.000,-330.896,8.104,0.000,-330.940,8.087,11.000,-330.950,8.087,11.000,-330.950,8.104,0.000,-330.940,8.100,11.000,-331.000,8.104,0.000,-330.940,8.120,0.000,-331.000,8.100,11.000,-331.000,8.100,11.000,-331.000,8.120,0.000,-331.000,8.087,11.000,-331.050,8.120,0.000,-331.000,8.104,0.000,-331.060,8.087,11.000,-331.050,8.087,11.000,-331.050,8.104,0.000,-331.060,8.050,11.000,-331.087,8.104,0.000,-331.060,8.060,0.000,-331.104,8.050,11.000,-331.087,8.050,11.000,-331.087,8.060,0.000,-331.104,8.000,11.000,-331.100,8.060,0.000,-331.104,8.000,0.000,-331.120,8.000,11.000,-331.100,8.000,11.000,-331.100,7.950,11.000,-331.087,8.000,11.000,-331.000,7.950,11.000,-331.087,7.913,11.000,-331.050,8.000,11.000,-331.000,7.913,11.000,-331.050,7.900,11.000,-331.000,8.000,11.000,-331.000,7.900,11.000,-331.000,7.913,11.000,-330.950,8.000,11.000,-331.000,7.913,11.000,-330.950,7.950,11.000,-330.913,8.000,11.000,-331.000,7.950,11.000,-330.913,8.000,11.000,-330.900,8.000,11.000,-331.000,8.000,11.000,-330.900,8.050,11.000,-330.913,8.000,11.000,-331.000,8.050,11.000,-330.913,8.087,11.000,-330.950,8.000,11.000,-331.000;;888888
Mesh;24;;272.000,10.000,-382.000,272.000,0.000,-382.000,272.000,10.000,-408.000,272.000,0.000,-382.000,272.000,0.000,-408.000,272.000,10.000,-408.000,228.000,10.000,-408.000,228.000,0.000,-408.000,228.000,10.000,-382.000,228.000,0.000,-408.000,228.000,0.000,-382.000,228.000,10.000,-382.000,228.000,10.000,-382.000,228.000,0.000,-382.000,272.000,10.000,-382.000,228.000,0.000,-382.000,272.000,0.000,-382.000,272.000,10.000,-382.000,272.000,10.000,-408.000,272.000,0.000,-408.000,228.000,10.000,-408.000,272.000,0.000,-408.000,228.000,0.000,-408.000,228.000,10.000,-408.000;;ffffffT1024
Mesh;2088;;272.325,11.107,-407.675,272.325,10.927,-407.675,272.325,11.107,-408.325,272.325,10.927,-407.675,272.325,10.927,-408.325,272.325,11.107,-408.325,227.675,11.107,-408.325,227.675,10.927,-408.325,227.675,11.107,-407.675,227.675,10.927,-408.325,227.675,10.927,-407.675,227.675,11.107,-407.675,227.675,11.107,-408.325,227.675,11.107,-407.675,272.325,11.107,-408.325,227.675,11.107,-407.675,272.325,11.107,-407.675,272.325,11.107,-408.325,227.675,10.927,-407.675,227.675,10.927,-408.325,272.325,10.927,-407.675,227.675,10.927,-408.325,272.325,10.927,-408.325,272.325,10.927,-407.675,227.675,11.107,-407.675,227.675,10.927,-407.675,272.325,11.107,-407.675,227.675,10.927,-407.675,272.325,10.927,-407.675,272.325,11.107,-407.675,272.325,11.107,-408.325,272.325,10.927,-408.325,227.675,11.107,-408.325,272.325,10.927,-408.325,227.675,10.927,-408.325,227.675,11.107,-408.325,272.325,11.107,-381.675,272.325,10.927,-381.675,272.325,11.107,-382.325,272.325,10.927,-381.675,272.325,10.927,-382.325,272.325,11.107,-382.325,227.675,11.107,-382.325,227.675,10.927,-382.325,227.675,11.107,-381.675,227.675,10.927,-382.325,227.675,10.927,-381.675,227.675,11.107,-381.675,227.675,11.107,-382.325,227.675,11.107,-381.675,272.325,11.107,-382.325,227.675,11.107,-381.675,272.325,11.107,-381.675,272.325,11.107,-382.325,227.675,10.927,-381.675,227.675,10.927,-382.325,272.325,10.927,-381.675,227.675,10.927,-382.325,272.325,10.927,-382.325,272.325,10.927,-381.675,227.675,11.107,-381.675,227.675,10.927,-381.675,272.325,11.107,-381.675,227.675,10.927,-381.675,272.325,10.927,-381.675,272.325,11.107,-381.675,272.325,11.107,-382.325,272.325,10.927,-382.325,227.675,11.107,-382.325,272.325,10.927,-382.325,227.675,10.927,-382.325,227.675,11.107,-382.325,228.325,11.107,-382.000,228.325,10.927,-382.000,228.325,11.107,-408.000,228.325,10.927,-382.000,228.325,10.927,-408.000,228.325,11.107,-408.000,227.675,11.107,-408.000,227.675,10.927,-408.000,227.675,11.107,-382.000,227.675,10.927,-408.000,227.675,10.927,-382.000,227.675,11.107,-382.000,227.675,11.107,-408.000,227.675,11.107,-382.000,228.325,11.107,-408.000,227.675,11.107,-382.000,228.325,11.107,-382.000,228.325,11.107,-408.000,227.675,10.927,-382.000,227.675,10.927,-408.000,228.325,10.927,-382.000,227.675,10.927,-408.000,228.325,10.927,-408.000,228.325,10.927,-382.000;;a8765c
Mesh;576;;267.600,4.612,-379.649,267.600,4.396,-379.688,267.600,5.024,-381.912,267.600,4.396,-379.688,267.600,4.808,-381.951,267.600,5.024,-381.912,232.400,5.024,-381.912,232.400,4.808,-381.951,232.400,4.612,-379.649,232.400,4.808,-381.951,232.400,4.396,-379.688,232.400,4.612,-379.649,232.400,5.024,-381.912,232.400,4.612,-379.649,267.600,5.024,-381.912,232.400,4.612,-379.649,267.600,4.612,-379.649,267.600,5.024,-381.912,232.400,4.396,-379.688,232.400,4.808,-381.951,267.600,4.396,-379.688,232.400,4.808,-381.951,267.600,4.808,-381.951,267.600,4.396,-379.688,232.400,4.612,-379.649,232.400,4.396,-379.688,267.600,4.612,-379.649,232.400,4.396,-379.688,267.600,4.396,-379.688,267.600,4.612,-379.649,267.600,5.024,-381.912,267.600,4.808,-381.951,232.400,5.024,-381.912,267.600,4.808,-381.951,232.400,4.808,-381.951,232.400,5.024,-381.912,267.600,4.750,-379.700,267.600,4.250,-379.700,267.600,4.750,-379.800,267.600,4.250,-379.700,267.600,4.250,-379.800,267.600,4.750,-379.800,232.400,4.750,-379.800,232.400,4.250,-379.800,232.400,4.750,-379.700,232.400,4.250,-379.800,232.400,4.250,-379.700,232.400,4.750,-379.700,232.400,4.750,-379.800,232.400,4.750,-379.700,267.600,4.750,-379.800,232.400,4.750,-379.700,267.600,4.750,-379.700,267.600,4.750,-379.800,232.400,4.250,-379.700,232.400,4.250,-379.800,267.600,4.250,-379.700,232.400,4.250,-379.800,267.600,4.250,-379.800,267.600,4.250,-379.700,232.400,4.750,-379.700,232.400,4.250,-379.700,267.600,4.750,-379.700,232.400,4.250,-379.700,267.600,4.250,-379.700,267.600,4.750,-379.700,267.600,4.750,-379.800,267.600,4.250,-379.800,232.400,4.750,-379.800,267.600,4.250,-379.800,232.400,4.250,-379.800,232.400,4.750,-379.800,251.600,4.612,-582.649,251.600,4.396,-582.688,251.600,5.024,-584.912,251.600,4.396,-582.688,251.600,4.808,-584.951,251.600,5.024,-584.912,192.400,5.024,-584.912,192.400,4.808,-584.951,192.400,4.612,-582.649,192.400,4.808,-584.951,192.400,4.396,-582.688,192.400,4.612,-582.649,192.400,5.024,-584.912,192.400,4.612,-582.649,251.600,5.024,-584.912,192.400,4.612,-582.649,251.600,4.612,-582.649,251.600,5.024,-584.912,192.400,4.396,-582.688,192.400,4.808,-584.951,251.600,4.396,-582.688,192.400,4.808,-584.951,251.600,4.808,-584.951,251.600,4.396,-582.688;;ffffffT128
Mesh;24;;259.000,14.000,-585.000,259.000,0.000,-585.000,259.000,14.000,-627.000,259.000,0.000,-585.000,259.000,0.000,-627.000,259.000,14.000,-627.000,185.000,14.000,-627.000,185.000,0.000,-627.000,185.000,14.000,-585.000,185.000,0.000,-627.000,185.000,0.000,-585.000,185.000,14.000,-585.000,185.000,14.000,-585.000,185.000,0.000,-585.000,259.000,14.000,-585.000,185.000,0.000,-585.000,259.000,0.000,-585.000,259.000,14.000,-585.000,259.000,14.000,-627.000,259.000,0.000,-627.000,185.000,14.000,-627.000,259.000,0.000,-627.000,185.000,0.000,-627.000,185.000,14.000,-627.000;;ffffffT1024
Mesh;48;;-169.000,11.000,-270.000,-169.000,0.000,-270.000,-169.000,11.000,-300.000,-169.000,0.000,-270.000,-169.000,0.000,-300.000,-169.000,11.000,-300.000,-215.000,11.000,-300.000,-215.000,0.000,-300.000,-215.000,11.000,-270.000,-215.000,0.000,-300.000,-215.000,0.000,-270.000,-215.000,11.000,-270.000,-215.000,11.000,-270.000,-215.000,0.000,-270.000,-169.000,11.000,-270.000,-215.000,0.000,-270.000,-169.000,0.000,-270.000,-169.000,11.000,-270.000,-169.000,11.000,-300.000,-169.000,0.000,-300.000,-215.000,11.000,-300.000,-169.000,0.000,-300.000,-215.000,0.000,-300.000,-215.000,11.000,-300.000,-169.000,10.000,406.000,-169.000,0.000,406.000,-169.000,10.000,378.000,-169.000,0.000,406.000,-169.000,0.000,378.000,-169.000,10.000,378.000,-215.000,10.000,378.000,-215.000,0.000,378.000,-215.000,10.000,406.000,-215.000,0.000,378.000,-215.000,0.000,406.000,-215.000,10.000,406.000,-215.000,10.000,406.000,-215.000,0.000,406.000,-169.000,10.000,406.000,-215.000,0.000,406.000,-169.000,0.000,406.000,-169.000,10.000,406.000,-169.000,10.000,378.000,-169.000,0.000,378.000,-215.000,10.000,378.000,-169.000,0.000,378.000,-215.000,0.000,378.000,-215.000,10.000,378.000;;ffffffT1024
Mesh;2016;;-168.750,12.599,-299.750,-168.750,11.000,-299.750,-168.750,12.599,-300.250,-168.750,11.000,-299.750,-168.750,11.000,-300.250,-168.750,12.599,-300.250,-215.250,12.599,-300.250,-215.250,11.000,-300.250,-215.250,12.599,-299.750,-215.250,11.000,-300.250,-215.250,11.000,-299.750,-215.250,12.599,-299.750,-215.250,12.599,-300.250,-215.250,12.599,-299.750,-168.750,12.599,-300.250,-215.250,12.599,-299.750,-168.750,12.599,-299.750,-168.750,12.599,-300.250,-215.250,11.000,-299.750,-215.250,11.000,-300.250,-168.750,11.000,-299.750,-215.250,11.000,-300.250,-168.750,11.000,-300.250,-168.750,11.000,-299.750,-215.250,12.599,-299.750,-215.250,11.000,-299.750,-168.750,12.599,-299.750,-215.250,11.000,-299.750,-168.750,11.000,-299.750,-168.750,12.599,-299.750,-168.750,12.599,-300.250,-168.750,11.000,-300.250,-215.250,12.599,-300.250,-168.750,11.000,-300.250,-215.250,11.000,-300.250,-215.250,12.599,-300.250,-168.750,12.599,-269.750,-168.750,11.000,-269.750,-168.750,12.599,-270.250,-168.750,11.000,-269.750,-168.750,11.000,-270.250,-168.750,12.599,-270.250,-215.250,12.599,-270.250,-215.250,11.000,-270.250,-215.250,12.599,-269.750,-215.250,11.000,-270.250,-215.250,11.000,-269.750,-215.250,12.599,-269.750,-215.250,12.599,-270.250,-215.250,12.599,-269.750,-168.750,12.599,-270.250,-215.250,12.599,-269.750,-168.750,12.599,-269.750,-168.750,12.599,-270.250,-215.250,11.000,-269.750,-215.250,11.000,-270.250,-168.750,11.000,-269.750,-215.250,11.000,-270.250,-168.750,11.000,-270.250,-168.750,11.000,-269.750,-215.250,12.599,-269.750,-215.250,11.000,-269.750,-168.750,12.599,-269.750,-215.250,11.000,-269.750,-168.750,11.000,-269.750,-168.750,12.599,-269.750,-168.750,12.599,-270.250,-168.750,11.000,-270.250,-215.250,12.599,-270.250,-168.750,11.000,-270.250,-215.250,11.000,-270.250,-215.250,12.599,-270.250,-214.750,12.599,-270.000,-214.750,11.000,-270.000,-214.750,12.599,-300.000,-214.750,11.000,-270.000,-214.750,11.000,-300.000,-214.750,12.599,-300.000,-215.250,12.599,-300.000,-215.250,11.000,-300.000,-215.250,12.599,-270.000,-215.250,11.000,-300.000,-215.250,11.000,-270.000,-215.250,12.599,-270.000,-215.250,12.599,-300.000,-215.250,12.599,-270.000,-214.750,12.599,-300.000,-215.250,12.599,-270.000,-214.750,12.599,-270.000,-214.750,12.599,-300.000,-215.250,11.000,-270.000,-215.250,11.000,-300.000,-214.750,11.000,-270.000,-215.250,11.000,-300.000,-214.750,11.000,-300.000,-214.750,11.000,-270.000;;53575c
Mesh;48;;-311.000,8.000,-386.000,-311.000,0.000,-386.000,-311.000,8.000,-410.000,-311.000,0.000,-386.000,-311.000,0.000,-410.000,-311.000,8.000,-410.000,-349.000,8.000,-410.000,-349.000,0.000,-410.000,-349.000,8.000,-386.000,-349.000,0.000,-410.000,-349.000,0.000,-386.000,-349.000,8.000,-386.000,-349.000,8.000,-386.000,-349.000,0.000,-386.000,-311.000,8.000,-386.000,-349.000,0.000,-386.000,-311.000,0.000,-386.000,-311.000,8.000,-386.000,-311.000,8.000,-410.000,-311.000,0.000,-410.000,-349.000,8.000,-410.000,-311.000,0.000,-410.000,-349.000,0.000,-410.000,-349.000,8.000,-410.000,448.000,8.000,-378.000,448.000,0.000,-378.000,448.000,8.000,-402.000,448.000,0.000,-378.000,448.000,0.000,-402.000,448.000,8.000,-402.000,412.000,8.000,-402.000,412.000,0.000,-402.000,412.000,8.000,-378.000,412.000,0.000,-402.000,412.000,0.000,-378.000,412.000,8.000,-378.000,412.000,8.000,-378.000,412.000,0.000,-378.000,448.000,8.000,-378.000,412.000,0.000,-378.000,448.000,0.000,-378.000,448.000,8.000,-378.000,448.000,8.000,-402.000,448.000,0.000,-402.000,412.000,8.000,-402.000,448.000,0.000,-402.000,412.000,0.000,-402.000,412.000,8.000,-402.000;;ffffffT1024
Mesh;144;;-314.800,4.612,-383.649,-314.800,4.396,-383.688,-314.800,5.024,-385.912,-314.800,4.396,-383.688,-314.800,4.808,-385.951,-314.800,5.024,-385.912,-345.200,5.024,-385.912,-345.200,4.808,-385.951,-345.200,4.612,-383.649,-345.200,4.808,-385.951,-345.200,4.396,-383.688,-345.200,4.612,-383.649,-345.200,5.024,-385.912,-345.200,4.612,-383.649,-314.800,5.024,-385.912,-345.200,4.612,-383.649,-314.800,4.612,-383.649,-314.800,5.024,-385.912,-345.200,4.396,-383.688,-345.200,4.808,-385.951,-314.800,4.396,-383.688,-345.200,4.808,-385.951,-314.800,4.808,-385.951,-314.800,4.396,-383.688,-345.200,4.612,-383.649,-345.200,4.396,-383.688,-314.800,4.612,-383.649,-345.200,4.396,-383.688,-314.800,4.396,-383.688,-314.800,4.612,-383.649,-314.800,5.024,-385.912,-314.800,4.808,-385.951,-345.200,5.024,-385.912,-314.800,4.808,-385.951,-345.200,4.808,-385.951,-345.200,5.024,-385.912,-314.800,4.750,-383.700,-314.800,4.250,-383.700,-314.800,4.750,-383.800,-314.800,4.250,-383.700,-314.800,4.250,-383.800,-314.800,4.750,-383.800,-345.200,4.750,-383.800,-345.200,4.250,-383.800,-345.200,4.750,-383.700,-345.200,4.250,-383.800,-345.200,4.250,-383.700,-345.200,4.750,-383.700,-345.200,4.750,-383.800,-345.200,4.750,-383.700,-314.800,4.750,-383.800,-345.200,4.750,-383.700,-314.800,4.750,-383.700,-314.800,4.750,-383.800,-345.200,4.250,-383.700,-345.200,4.250,-383.800,-314.800,4.250,-383.700,-345.200,4.250,-383.800,-314.800,4.250,-383.800,-314.800,4.250,-383.700,-345.200,4.750,-383.700,-345.200,4.250,-383.700,-314.800,4.750,-383.700,-345.200,4.250,-383.700,-314.800,4.250,-383.700,-314.800,4.750,-383.700,-314.800,4.750,-383.800,-314.800,4.250,-383.800,-345.200,4.750,-383.800,-314.800,4.250,-383.800,-345.200,4.250,-383.800,-345.200,4.750,-383.800,444.400,4.612,-375.649,444.400,4.396,-375.688,444.400,5.024,-377.912,444.400,4.396,-375.688,444.400,4.808,-377.951,444.400,5.024,-377.912,415.600,5.024,-377.912,415.600,4.808,-377.951,415.600,4.612,-375.649,415.600,4.808,-377.951,415.600,4.396,-375.688,415.600,4.612,-375.649,415.600,5.024,-377.912,415.600,4.612,-375.649,444.400,5.024,-377.912,415.600,4.612,-375.649,444.400,4.612,-375.649,444.400,5.024,-377.912,415.600,4.396,-375.688,415.600,4.808,-377.951,444.400,4.396,-375.688,415.600,4.808,-377.951,444.400,4.808,-377.951,444.400,4.396,-375.688;;ffffffT128
Mesh;24;;-93.000,7.000,348.000,-93.000,0.000,348.000,-93.000,7.000,368.000,-93.000,0.000,348.000,-93.000,0.000,368.000,-93.000,7.000,368.000,-67.000,7.000,368.000,-67.000,0.000,368.000,-67.000,7.000,348.000,-67.000,0.000,368.000,-67.000,0.000,348.000,-67.000,7.000,348.000,-67.000,7.000,348.000,-67.000,0.000,348.000,-93.000,7.000,348.000,-67.000,0.000,348.000,-93.000,0.000,348.000,-93.000,7.000,348.000,-93.000,7.000,368.000,-93.000,0.000,368.000,-67.000,7.000,368.000,-93.000,0.000,368.000,-67.000,0.000,368.000,-67.000,7.000,368.000;;ffffffT1024
Mesh;144;;-91.050,4.412,345.749,-91.050,4.196,345.788,-91.050,4.824,348.012,-91.050,4.196,345.788,-91.050,4.608,348.051,-91.050,4.824,348.012,-68.950,4.824,348.012,-68.950,4.608,348.051,-68.950,4.412,345.749,-68.950,4.608,348.051,-68.950,4.196,345.788,-68.950,4.412,345.749,-68.950,4.824,348.012,-68.950,4.412,345.749,-91.050,4.824,348.012,-68.950,4.412,345.749,-91.050,4.412,345.749,-91.050,4.824,348.012,-68.950,4.196,345.788,-68.950,4.608,348.051,-91.050,4.196,345.788,-68.950,4.608,348.051,-91.050,4.608,348.051,-91.050,4.196,345.788,-68.950,4.412,345.749,-68.950,4.196,345.788,-91.050,4.412,345.749,-68.950,4.196,345.788,-91.050,4.196,345.788,-91.050,4.412,345.749,-91.050,4.824,348.012,-91.050,4.608,348.051,-68.950,4.824,348.012,-91.050,4.608,348.051,-68.950,4.608,348.051,-68.950,4.824,348.012,-91.050,4.550,345.800,-91.050,4.050,345.800,-91.050,4.550,345.900,-91.050,4.050,345.800,-91.050,4.050,345.900,-91.050,4.550,345.900,-68.950,4.550,345.900,-68.950,4.050,345.900,-68.950,4.550,345.800,-68.950,4.050,345.900,-68.950,4.050,345.800,-68.950,4.550,345.800,-68.950,4.550,345.900,-68.950,4.550,345.800,-91.050,4.550,345.900,-68.950,4.550,345.800,-91.050,4.550,345.800,-91.050,4.550,345.900,-68.950,4.050,345.800,-68.950,4.050,345.900,-91.050,4.050,345.800,-68.950,4.050,345.900,-91.050,4.050,345.900,-91.050,4.050,345.800,-68.950,4.550,345.800,-68.950,4.050,345.800,-91.050,4.550,345.800,-68.950,4.050,345.800,-91.050,4.050,345.800,-91.050,4.550,345.800,-91.050,4.550,345.900,-91.050,4.050,345.900,-68.950,4.550,345.900,-91.050,4.050,345.900,-68.950,4.050,345.900,-68.950,4.550,345.900,225.050,4.412,-53.749,225.050,4.196,-53.788,225.050,4.824,-56.012,225.050,4.196,-53.788,225.050,4.608,-56.051,225.050,4.824,-56.012,202.950,4.824,-56.012,202.950,4.608,-56.051,202.950,4.412,-53.749,202.950,4.608,-56.051,202.950,4.196,-53.788,202.950,4.412,-53.749,202.950,4.824,-56.012,202.950,4.412,-53.749,225.050,4.824,-56.012,202.950,4.412,-53.749,225.050,4.412,-53.749,225.050,4.824,-56.012,202.950,4.196,-53.788,202.950,4.608,-56.051,225.050,4.196,-53.788,202.950,4.608,-56.051,225.050,4.608,-56.051,225.050,4.196,-53.788;;ffffffT128
Mesh;1368;;-72.900,0.800,346.300,-72.900,-0.000,346.300,-72.900,0.800,347.700,-72.900,-0.000,346.300,-72.900,-0.000,347.700,-72.900,0.800,347.700,-71.500,0.800,347.700,-71.500,-0.000,347.700,-71.500,0.800,346.300,-71.500,-0.000,347.700,-71.500,-0.000,346.300,-71.500,0.800,346.300,-71.500,0.800,347.700,-71.500,0.800,346.300,-72.900,0.800,347.700,-71.500,0.800,346.300,-72.900,0.800,346.300,-72.900,0.800,347.700,-71.500,-0.000,346.300,-71.500,-0.000,347.700,-72.900,-0.000,346.300,-71.500,-0.000,347.700,-72.900,-0.000,347.700,-72.900,-0.000,346.300,-71.500,0.800,346.300,-71.500,-0.000,346.300,-72.900,0.800,346.300,-71.500,-0.000,346.300,-72.900,-0.000,346.300,-72.900,0.800,346.300,-72.900,0.800,347.700,-72.900,-0.000,347.700,-71.500,0.800,347.700,-72.900,-0.000,347.700,-71.500,-0.000,347.700,-71.500,0.800,347.700,-88.500,0.800,346.300,-88.500,-0.000,346.300,-88.500,0.800,347.700,-88.500,-0.000,346.300,-88.500,-0.000,347.700,-88.500,0.800,347.700,-87.100,0.800,347.700,-87.100,-0.000,347.700,-87.100,0.800,346.300,-87.100,-0.000,347.700,-87.100,-0.000,346.300,-87.100,0.800,346.300,-87.100,0.800,347.700,-87.100,0.800,346.300,-88.500,0.800,347.700,-87.100,0.800,346.300,-88.500,0.800,346.300,-88.500,0.800,347.700,-87.100,-0.000,346.300,-87.100,-0.000,347.700,-88.500,-0.000,346.300,-87.100,-0.000,347.700,-88.500,-0.000,347.700,-88.500,-0.000,346.300,-87.100,0.800,346.300,-87.100,-0.000,346.300,-88.500,0.800,346.300,-87.100,-0.000,346.300,-88.500,-0.000,346.300,-88.500,0.800,346.300,-88.500,0.800,347.700,-88.500,-0.000,347.700,-87.100,0.800,347.700,-88.500,-0.000,347.700,-87.100,-0.000,347.700,-87.100,0.800,347.700,-0.900,0.800,346.300,-0.900,-0.000,346.300,-0.900,0.800,347.700,-0.900,-0.000,346.300,-0.900,-0.000,347.700,-0.900,0.800,347.700,0.500,0.800,347.700,0.500,-0.000,347.700,0.500,0.800,346.300,0.500,-0.000,347.700,0.500,-0.000,346.300,0.500,0.800,346.300,0.500,0.800,347.700,0.500,0.800,346.300,-0.900,0.800,347.700,0.500,0.800,346.300,-0.900,0.800,346.300,-0.900,0.800,347.700,0.500,-0.000,346.300,0.500,-0.000,347.700,-0.900,-0.000,346.300,0.500,-0.000,347.700,-0.900,-0.000,347.700,-0.900,-0.000,346.300;;6e5138
Mesh;24;;-21.000,7.000,348.000,-21.000,0.000,348.000,-21.000,7.000,368.000,-21.000,0.000,348.000,-21.000,0.000,368.000,-21.000,7.000,368.000,5.000,7.000,368.000,5.000,0.000,368.000,5.000,7.000,348.000,5.000,0.000,368.000,5.000,0.000,348.000,5.000,7.000,348.000,5.000,7.000,348.000,5.000,0.000,348.000,-21.000,7.000,348.000,5.000,0.000,348.000,-21.000,0.000,348.000,-21.000,7.000,348.000,-21.000,7.000,368.000,-21.000,0.000,368.000,5.000,7.000,368.000,-21.000,0.000,368.000,5.000,0.000,368.000,5.000,7.000,368.000;;ffffffT1024
Mesh;2376;;-21.325,7.857,367.675,-21.325,7.677,367.675,-21.325,7.857,368.325,-21.325,7.677,367.675,-21.325,7.677,368.325,-21.325,7.857,368.325,5.325,7.857,368.325,5.325,7.677,368.325,5.325,7.857,367.675,5.325,7.677,368.325,5.325,7.677,367.675,5.325,7.857,367.675,5.325,7.857,368.325,5.325,7.857,367.675,-21.325,7.857,368.325,5.325,7.857,367.675,-21.325,7.857,367.675,-21.325,7.857,368.325,5.325,7.677,367.675,5.325,7.677,368.325,-21.325,7.677,367.675,5.325,7.677,368.325,-21.325,7.677,368.325,-21.325,7.677,367.675,5.325,7.857,367.675,5.325,7.677,367.675,-21.325,7.857,367.675,5.325,7.677,367.675,-21.325,7.677,367.675,-21.325,7.857,367.675,-21.325,7.857,368.325,-21.325,7.677,368.325,5.325,7.857,368.325,-21.325,7.677,368.325,5.325,7.677,368.325,5.325,7.857,368.325,-21.325,7.857,347.675,-21.325,7.677,347.675,-21.325,7.857,348.325,-21.325,7.677,347.675,-21.325,7.677,348.325,-21.325,7.857,348.325,5.325,7.857,348.325,5.325,7.677,348.325,5.325,7.857,347.675,5.325,7.677,348.325,5.325,7.677,347.675,5.325,7.857,347.675,5.325,7.857,348.325,5.325,7.857,347.675,-21.325,7.857,348.325,5.325,7.857,347.675,-21.325,7.857,347.675,-21.325,7.857,348.325,5.325,7.677,347.675,5.325,7.677,348.325,-21.325,7.677,347.675,5.325,7.677,348.325,-21.325,7.677,348.325,-21.325,7.677,347.675,5.325,7.857,347.675,5.325,7.677,347.675,-21.325,7.857,347.675,5.325,7.677,347.675,-21.325,7.677,347.675,-21.325,7.857,347.675,-21.325,7.857,348.325,-21.325,7.677,348.325,5.325,7.857,348.325,-21.325,7.677,348.325,5.325,7.677,348.325,5.325,7.857,348.325,4.675,7.857,348.000,4.675,7.677,348.000,4.675,7.857,368.000,4.675,7.677,348.000,4.675,7.677,368.000,4.675,7.857,368.000,5.325,7.857,368.000,5.325,7.677,368.000,5.325,7.857,348.000,5.325,7.677,368.000,5.325,7.677,348.000,5.325,7.857,348.000,5.325,7.857,368.000,5.325,7.857,348.000,4.675,7.857,368.000,5.325,7.857,348.000,4.675,7.857,348.000,4.675,7.857,368.000,5.325,7.677,348.000,5.325,7.677,368.000,4.675,7.677,348.000,5.325,7.677,368.000,4.675,7.677,368.000,4.675,7.677,348.000;;8f8b82
Mesh;144;;-19.050,4.412,345.749,-19.050,4.196,345.788,-19.050,4.824,348.012,-19.050,4.196,345.788,-19.050,4.608,348.051,-19.050,4.824,348.012,3.050,4.824,348.012,3.050,4.608,348.051,3.050,4.412,345.749,3.050,4.608,348.051,3.050,4.196,345.788,3.050,4.412,345.749,3.050,4.824,348.012,3.050,4.412,345.749,-19.050,4.824,348.012,3.050,4.412,345.749,-19.050,4.412,345.749,-19.050,4.824,348.012,3.050,4.196,345.788,3.050,4.608,348.051,-19.050,4.196,345.788,3.050,4.608,348.051,-19.050,4.608,348.051,-19.050,4.196,345.788,3.050,4.412,345.749,3.050,4.196,345.788,-19.050,4.412,345.749,3.050,4.196,345.788,-19.050,4.196,345.788,-19.050,4.412,345.749,-19.050,4.824,348.012,-19.050,4.608,348.051,3.050,4.824,348.012,-19.050,4.608,348.051,3.050,4.608,348.051,3.050,4.824,348.012,-19.050,4.550,345.800,-19.050,4.050,345.800,-19.050,4.550,345.900,-19.050,4.050,345.800,-19.050,4.050,345.900,-19.050,4.550,345.900,3.050,4.550,345.900,3.050,4.050,345.900,3.050,4.550,345.800,3.050,4.050,345.900,3.050,4.050,345.800,3.050,4.550,345.800,3.050,4.550,345.900,3.050,4.550,345.800,-19.050,4.550,345.900,3.050,4.550,345.800,-19.050,4.550,345.800,-19.050,4.550,345.900,3.050,4.050,345.800,3.050,4.050,345.900,-19.050,4.050,345.800,3.050,4.050,345.900,-19.050,4.050,345.900,-19.050,4.050,345.800,3.050,4.550,345.800,3.050,4.050,345.800,-19.050,4.550,345.800,3.050,4.050,345.800,-19.050,4.050,345.800,-19.050,4.550,345.800,-19.050,4.550,345.900,-19.050,4.050,345.900,3.050,4.550,345.900,-19.050,4.050,345.900,3.050,4.050,345.900,3.050,4.550,345.900,268.200,4.412,-53.749,268.200,4.196,-53.788,268.200,4.824,-56.012,268.200,4.196,-53.788,268.200,4.608,-56.051,268.200,4.824,-56.012,247.800,4.824,-56.012,247.800,4.608,-56.051,247.800,4.412,-53.749,247.800,4.608,-56.051,247.800,4.196,-53.788,247.800,4.412,-53.749,247.800,4.824,-56.012,247.800,4.412,-53.749,268.200,4.824,-56.012,247.800,4.412,-53.749,268.200,4.412,-53.749,268.200,4.824,-56.012,247.800,4.196,-53.788,247.800,4.608,-56.051,268.200,4.196,-53.788,247.800,4.608,-56.051,268.200,4.608,-56.051,268.200,4.196,-53.788;;ffffffT128
Mesh;2196;;448.250,8.656,-401.750,448.250,8.000,-401.750,448.250,8.656,-402.250,448.250,8.000,-401.750,448.250,8.000,-402.250,448.250,8.656,-402.250,411.750,8.656,-402.250,411.750,8.000,-402.250,411.750,8.656,-401.750,411.750,8.000,-402.250,411.750,8.000,-401.750,411.750,8.656,-401.750,411.750,8.656,-402.250,411.750,8.656,-401.750,448.250,8.656,-402.250,411.750,8.656,-401.750,448.250,8.656,-401.750,448.250,8.656,-402.250,411.750,8.000,-401.750,411.750,8.000,-402.250,448.250,8.000,-401.750,411.750,8.000,-402.250,448.250,8.000,-402.250,448.250,8.000,-401.750,411.750,8.656,-401.750,411.750,8.000,-401.750,448.250,8.656,-401.750,411.750,8.000,-401.750,448.250,8.000,-401.750,448.250,8.656,-401.750,448.250,8.656,-402.250,448.250,8.000,-402.250,411.750,8.656,-402.250,448.250,8.000,-402.250,411.750,8.000,-402.250,411.750,8.656,-402.250,448.250,8.656,-377.750,448.250,8.000,-377.750,448.250,8.656,-378.250,448.250,8.000,-377.750,448.250,8.000,-378.250,448.250,8.656,-378.250,411.750,8.656,-378.250,411.750,8.000,-378.250,411.750,8.656,-377.750,411.750,8.000,-378.250,411.750,8.000,-377.750,411.750,8.656,-377.750,411.750,8.656,-378.250,411.750,8.656,-377.750,448.250,8.656,-378.250,411.750,8.656,-377.750,448.250,8.656,-377.750,448.250,8.656,-378.250,411.750,8.000,-377.750,411.750,8.000,-378.250,448.250,8.000,-377.750,411.750,8.000,-378.250,448.250,8.000,-378.250,448.250,8.000,-377.750,411.750,8.656,-377.750,411.750,8.000,-377.750,448.250,8.656,-377.750,411.750,8.000,-377.750,448.250,8.000,-377.750,448.250,8.656,-377.750,448.250,8.656,-378.250,448.250,8.000,-378.250,411.750,8.656,-378.250,448.250,8.000,-378.250,411.750,8.000,-378.250,411.750,8.656,-378.250,412.250,8.656,-378.000,412.250,8.000,-378.000,412.250,8.656,-402.000,412.250,8.000,-378.000,412.250,8.000,-402.000,412.250,8.656,-402.000,411.750,8.656,-402.000,411.750,8.000,-402.000,411.750,8.656,-378.000,411.750,8.000,-402.000,411.750,8.000,-378.000,411.750,8.656,-378.000,411.750,8.656,-402.000,411.750,8.656,-378.000,412.250,8.656,-402.000,411.750,8.656,-378.000,412.250,8.656,-378.000,412.250,8.656,-402.000,411.750,8.000,-378.000,411.750,8.000,-402.000,412.250,8.000,-378.000,411.750,8.000,-402.000,412.250,8.000,-402.000,412.250,8.000,-378.000;;5d5750
Mesh;24;;548.000,15.000,-570.880,548.000,0.000,-570.880,548.000,15.000,-594.000,548.000,0.000,-570.880,548.000,0.000,-594.000,548.000,15.000,-594.000,452.000,15.000,-594.000,452.000,0.000,-594.000,452.000,15.000,-570.880,452.000,0.000,-594.000,452.000,0.000,-570.880,452.000,15.000,-570.880,452.000,15.000,-570.880,452.000,0.000,-570.880,548.000,15.000,-570.880,452.000,0.000,-570.880,548.000,0.000,-570.880,548.000,15.000,-570.880,548.000,15.000,-594.000,548.000,0.000,-594.000,452.000,15.000,-594.000,548.000,0.000,-594.000,452.000,0.000,-594.000,452.000,15.000,-594.000;;ffffffT1024
Mesh;198;;452.000,15.000,-594.000,452.000,15.000,-570.880,548.000,15.000,-594.000,452.000,15.000,-570.880,548.000,15.000,-570.880,548.000,15.000,-594.000,500.013,17.500,-582.427,512.752,12.500,-569.688,500.053,17.500,-582.493,512.752,12.500,-569.688,552.948,12.500,-635.388,500.053,17.500,-582.493,500.053,17.500,-582.493,552.948,12.500,-635.388,499.987,17.500,-582.453,552.948,12.500,-635.388,487.248,12.500,-595.192,499.987,17.500,-582.453,499.987,17.500,-582.453,487.248,12.500,-595.192,499.947,17.500,-582.387,487.248,12.500,-595.192,447.052,12.500,-529.492,499.947,17.500,-582.387,499.947,17.500,-582.387,447.052,12.500,-529.492,500.013,17.500,-582.427,447.052,12.500,-529.492,512.752,12.500,-569.688,500.013,17.500,-582.427,500.013,17.500,-582.427,500.053,17.500,-582.493,500.000,17.500,-582.440,500.053,17.500,-582.493,499.987,17.500,-582.453,500.000,17.500,-582.440,499.987,17.500,-582.453,499.947,17.500,-582.387,500.000,17.500,-582.440,499.947,17.500,-582.387,500.013,17.500,-582.427,500.000,17.500,-582.440,552.948,12.500,-635.388,512.752,12.500,-569.688,500.000,12.500,-582.440,487.248,12.500,-595.192,552.948,12.500,-635.388,500.000,12.500,-582.440,447.052,12.500,-529.492,487.248,12.500,-595.192,500.000,12.500,-582.440,512.752,12.500,-569.688,447.052,12.500,-529.492,500.000,12.500,-582.440,452.000,15.000,-577.000,452.000,15.000,-529.400,480.800,15.000,-577.000,452.000,15.000,-529.400,480.800,15.000,-529.400,480.800,15.000,-577.000,466.426,17.500,-553.174,492.653,12.500,-526.947,466.416,17.500,-553.216,492.653,12.500,-526.947,482.284,12.500,-569.084,466.416,17.500,-553.216,466.416,17.500,-553.216,482.284,12.500,-569.084,466.374,17.500,-553.226,482.284,12.500,-569.084,440.147,12.500,-579.453,466.374,17.500,-553.226,466.374,17.500,-553.226,440.147,12.500,-579.453,466.384,17.500,-553.184,440.147,12.500,-579.453,450.516,12.500,-537.316,466.384,17.500,-553.184,466.384,17.500,-553.184,450.516,12.500,-537.316,466.426,17.500,-553.174,450.516,12.500,-537.316,492.653,12.500,-526.947,466.426,17.500,-553.174,466.426,17.500,-553.174,466.416,17.500,-553.216,466.400,17.500,-553.200,466.416,17.500,-553.216,466.374,17.500,-553.226,466.400,17.500,-553.200,466.374,17.500,-553.226,466.384,17.500,-553.184,466.400,17.500,-553.200,466.384,17.500,-553.184,466.426,17.500,-553.174,466.400,17.500,-553.200;;8a6a55T2048
Mesh;48;;480.800,15.000,-529.400,480.800,0.000,-529.400,480.800,15.000,-577.000,480.800,0.000,-529.400,480.800,0.000,-577.000,480.800,15.000,-577.000,452.000,15.000,-577.000,452.000,0.000,-577.000,452.000,15.000,-529.400,452.000,0.000,-577.000,452.000,0.000,-529.400,452.000,15.000,-529.400,452.000,15.000,-529.400,452.000,0.000,-529.400,480.800,15.000,-529.400,452.000,0.000,-529.400,480.800,0.000,-529.400,480.800,15.000,-529.400,480.800,15.000,-577.000,480.800,0.000,-577.000,452.000,15.000,-577.000,480.800,0.000,-577.000,452.000,0.000,-577.000,452.000,15.000,-577.000,548.000,15.000,-529.400,548.000,0.000,-529.400,548.000,15.000,-577.000,548.000,0.000,-529.400,548.000,0.000,-577.000,548.000,15.000,-577.000,519.200,15.000,-577.000,519.200,0.000,-577.000,519.200,15.000,-529.400,519.200,0.000,-577.000,519.200,0.000,-529.400,519.200,15.000,-529.400,519.200,15.000,-529.400,519.200,0.000,-529.400,548.000,15.000,-529.400,519.200,0.000,-529.400,548.000,0.000,-529.400,548.000,15.000,-529.400,548.000,15.000,-577.000,548.000,0.000,-577.000,519.200,15.000,-577.000,548.000,0.000,-577.000,519.200,0.000,-577.000,519.200,15.000,-577.000;;ffffffT1024
Mesh;6;;473.600,17.950,-570.480,473.600,8.050,-570.480,526.400,17.950,-570.480,473.600,8.050,-570.480,526.400,8.050,-570.480,526.400,17.950,-570.480;;ffffffT512
Mesh;108;;494.000,0.500,-543.540,494.000,0.000,-543.540,494.000,0.500,-546.540,494.000,0.000,-543.540,494.000,0.000,-546.540,494.000,0.500,-546.540,488.000,0.500,-546.540,488.000,0.000,-546.540,488.000,0.500,-543.540,488.000,0.000,-546.540,488.000,0.000,-543.540,488.000,0.500,-543.540,488.000,0.500,-546.540,488.000,0.500,-543.540,494.000,0.500,-546.540,488.000,0.500,-543.540,494.000,0.500,-543.540,494.000,0.500,-546.540,488.000,0.000,-543.540,488.000,0.000,-546.540,494.000,0.000,-543.540,488.000,0.000,-546.540,494.000,0.000,-546.540,494.000,0.000,-543.540,488.000,0.500,-543.540,488.000,0.000,-543.540,494.000,0.500,-543.540,488.000,0.000,-543.540,494.000,0.000,-543.540,494.000,0.500,-543.540,494.000,0.500,-546.540,494.000,0.000,-546.540,488.000,0.500,-546.540,494.000,0.000,-546.540,488.000,0.000,-546.540,488.000,0.500,-546.540,503.000,0.500,-543.540,503.000,0.000,-543.540,503.000,0.500,-546.540,503.000,0.000,-543.540,503.000,0.000,-546.540,503.000,0.500,-546.540,497.000,0.500,-546.540,497.000,0.000,-546.540,497.000,0.500,-543.540,497.000,0.000,-546.540,497.000,0.000,-543.540,497.000,0.500,-543.540,497.000,0.500,-546.540,497.000,0.500,-543.540,503.000,0.500,-546.540,497.000,0.500,-543.540,503.000,0.500,-543.540,503.000,0.500,-546.540,497.000,0.000,-543.540,497.000,0.000,-546.540,503.000,0.000,-543.540,497.000,0.000,-546.540,503.000,0.000,-546.540,503.000,0.000,-543.540,497.000,0.500,-543.540,497.000,0.000,-543.540,503.000,0.500,-543.540,497.000,0.000,-543.540,503.000,0.000,-543.540,503.000,0.500,-543.540,503.000,0.500,-546.540,503.000,0.000,-546.540,497.000,0.500,-546.540,503.000,0.000,-546.540,497.000,0.000,-546.540,497.000,0.500,-546.540,512.000,0.500,-543.540,512.000,0.000,-543.540,512.000,0.500,-546.540,512.000,0.000,-543.540,512.000,0.000,-546.540,512.000,0.500,-546.540,506.000,0.500,-546.540,506.000,0.000,-546.540,506.000,0.500,-543.540,506.000,0.000,-546.540,506.000,0.000,-543.540,506.000,0.500,-543.540,506.000,0.500,-546.540,506.000,0.500,-543.540,512.000,0.500,-546.540,506.000,0.500,-543.540,512.000,0.500,-543.540,512.000,0.500,-546.540,506.000,0.000,-543.540,506.000,0.000,-546.540,512.000,0.000,-543.540,506.000,0.000,-546.540,512.000,0.000,-546.540,512.000,0.000,-543.540;;5d7a4a
Mesh;24;;740.000,8.000,-398.000,740.000,0.000,-398.000,740.000,8.000,-438.000,740.000,0.000,-398.000,740.000,0.000,-438.000,740.000,8.000,-438.000,684.000,8.000,-438.000,684.000,0.000,-438.000,684.000,8.000,-398.000,684.000,0.000,-438.000,684.000,0.000,-398.000,684.000,8.000,-398.000,684.000,8.000,-398.000,684.000,0.000,-398.000,740.000,8.000,-398.000,684.000,0.000,-398.000,740.000,0.000,-398.000,740.000,8.000,-398.000,740.000,8.000,-438.000,740.000,0.000,-438.000,684.000,8.000,-438.000,740.000,0.000,-438.000,684.000,0.000,-438.000,684.000,8.000,-438.000;;ffffffT1024
Mesh;66;;684.000,8.000,-438.000,684.000,8.000,-398.000,740.000,8.000,-438.000,684.000,8.000,-398.000,740.000,8.000,-398.000,740.000,8.000,-438.000,740.600,8.000,-438.600,683.400,8.000,-438.600,712.000,13.500,-438.600,712.000,13.500,-397.400,683.400,8.000,-397.400,740.600,8.000,-397.400,740.600,8.000,-438.600,712.000,13.500,-438.600,740.600,8.000,-397.400,712.000,13.500,-438.600,712.000,13.500,-397.400,740.600,8.000,-397.400,712.000,13.500,-438.600,683.400,8.000,-438.600,712.000,13.500,-397.400,683.400,8.000,-438.600,683.400,8.000,-397.400,712.000,13.500,-397.400,683.400,8.000,-438.600,740.600,8.000,-438.600,683.400,8.000,-397.400,740.600,8.000,-438.600,740.600,8.000,-397.400,683.400,8.000,-397.400,731.600,4.800,-392.750,731.600,4.400,-392.750,731.600,4.800,-398.250,731.600,4.400,-392.750,731.600,4.400,-398.250,731.600,4.800,-398.250,692.400,4.800,-398.250,692.400,4.400,-398.250,692.400,4.800,-392.750,692.400,4.400,-398.250,692.400,4.400,-392.750,692.400,4.800,-392.750,692.400,4.800,-398.250,692.400,4.800,-392.750,731.600,4.800,-398.250,692.400,4.800,-392.750,731.600,4.800,-392.750,731.600,4.800,-398.250,692.400,4.400,-392.750,692.400,4.400,-398.250,731.600,4.400,-392.750,692.400,4.400,-398.250,731.600,4.400,-398.250,731.600,4.400,-392.750,692.400,4.800,-392.750,692.400,4.400,-392.750,731.600,4.800,-392.750,692.400,4.400,-392.750,731.600,4.400,-392.750,731.600,4.800,-392.750,731.600,4.800,-398.250,731.600,4.400,-398.250,692.400,4.800,-398.250,731.600,4.400,-398.250,692.400,4.400,-398.250,692.400,4.800,-398.250;;5d6d5eT2048
Mesh;36;;731.600,0.900,-393.000,731.600,0.400,-393.000,731.600,0.900,-398.000,731.600,0.400,-393.000,731.600,0.400,-398.000,731.600,0.900,-398.000,692.400,0.900,-398.000,692.400,0.400,-398.000,692.400,0.900,-393.000,692.400,0.400,-398.000,692.400,0.400,-393.000,692.400,0.900,-393.000,692.400,0.900,-398.000,692.400,0.900,-393.000,731.600,0.900,-398.000,692.400,0.900,-393.000,731.600,0.900,-393.000,731.600,0.900,-398.000,692.400,0.400,-393.000,692.400,0.400,-398.000,731.600,0.400,-393.000,692.400,0.400,-398.000,731.600,0.400,-398.000,731.600,0.400,-393.000,692.400,0.900,-393.000,692.400,0.400,-393.000,731.600,0.900,-393.000,692.400,0.400,-393.000,731.600,0.400,-393.000,731.600,0.900,-393.000,731.600,0.900,-398.000,731.600,0.400,-398.000,692.400,0.900,-398.000,731.600,0.400,-398.000,692.400,0.400,-398.000,692.400,0.900,-398.000;;a58a68
Mesh;1008;;696.880,4.200,-393.720,696.880,0.600,-393.720,697.020,4.200,-393.758,696.880,0.600,-393.720,697.020,0.600,-393.758,697.020,4.200,-393.758,697.020,4.200,-393.758,697.020,0.600,-393.758,697.122,4.200,-393.860,697.020,0.600,-393.758,697.122,0.600,-393.860,697.122,4.200,-393.860,697.122,4.200,-393.860,697.122,0.600,-393.860,697.160,4.200,-394.000,697.122,0.600,-393.860,697.160,0.600,-394.000,697.160,4.200,-394.000,697.160,4.200,-394.000,697.160,0.600,-394.000,697.122,4.200,-394.140,697.160,0.600,-394.000,697.122,0.600,-394.140,697.122,4.200,-394.140,697.122,4.200,-394.140,697.122,0.600,-394.140,697.020,4.200,-394.242,697.122,0.600,-394.140,697.020,0.600,-394.242,697.020,4.200,-394.242,697.020,4.200,-394.242,697.020,0.600,-394.242,696.880,4.200,-394.280,697.020,0.600,-394.242,696.880,0.600,-394.280,696.880,4.200,-394.280,696.880,4.200,-394.280,696.880,0.600,-394.280,696.740,4.200,-394.242,696.880,0.600,-394.280,696.740,0.600,-394.242,696.740,4.200,-394.242,696.740,4.200,-394.242,696.740,0.600,-394.242,696.638,4.200,-394.140,696.740,0.600,-394.242,696.638,0.600,-394.140,696.638,4.200,-394.140,696.638,4.200,-394.140,696.638,0.600,-394.140,696.600,4.200,-394.000,696.638,0.600,-394.140,696.600,0.600,-394.000,696.600,4.200,-394.000,696.600,4.200,-394.000,696.600,0.600,-394.000,696.638,4.200,-393.860,696.600,0.600,-394.000,696.638,0.600,-393.860,696.638,4.200,-393.860,696.638,4.200,-393.860,696.638,0.600,-393.860,696.740,4.200,-393.758,696.638,0.600,-393.860,696.740,0.600,-393.758,696.740,4.200,-393.758,696.740,4.200,-393.758,696.740,0.600,-393.758,696.880,4.200,-393.720,696.740,0.600,-393.758,696.880,0.600,-393.720,696.880,4.200,-393.720,696.880,4.200,-393.720,697.020,4.200,-393.758,696.880,4.200,-394.000,697.020,4.200,-393.758,697.122,4.200,-393.860,696.880,4.200,-394.000,697.122,4.200,-393.860,697.160,4.200,-394.000,696.880,4.200,-394.000,697.160,4.200,-394.000,697.122,4.200,-394.140,696.880,4.200,-394.000,697.122,4.200,-394.140,697.020,4.200,-394.242,696.880,4.200,-394.000,697.020,4.200,-394.242,696.880,4.200,-394.280,696.880,4.200,-394.000,696.880,4.200,-394.280,696.740,4.200,-394.242,696.880,4.200,-394.000,696.740,4.200,-394.242,696.638,4.200,-394.140,696.880,4.200,-394.000;;efe8da
Mesh;6;;695.200,12.350,-397.600,695.200,6.050,-397.600,728.800,12.350,-397.600,695.200,6.050,-397.600,728.800,6.050,-397.600,728.800,12.350,-397.600;;ffffffT512
Mesh;24;;-36.000,14.000,434.000,-36.000,0.000,434.000,-36.000,14.000,526.000,-36.000,0.000,434.000,-36.000,0.000,526.000,-36.000,14.000,526.000,96.000,14.000,526.000,96.000,0.000,526.000,96.000,14.000,434.000,96.000,0.000,526.000,96.000,0.000,434.000,96.000,14.000,434.000,96.000,14.000,434.000,96.000,0.000,434.000,-36.000,14.000,434.000,96.000,0.000,434.000,-36.000,0.000,434.000,-36.000,14.000,434.000,-36.000,14.000,526.000,-36.000,0.000,526.000,96.000,14.000,526.000,-36.000,0.000,526.000,96.000,0.000,526.000,96.000,14.000,526.000;;ffffffT1024
Mesh;252;;-36.000,12.600,433.400,-36.000,10.000,433.400,-36.000,12.600,434.200,-36.000,10.000,433.400,-36.000,10.000,434.200,-36.000,12.600,434.200,96.000,12.600,434.200,96.000,10.000,434.200,96.000,12.600,433.400,96.000,10.000,434.200,96.000,10.000,433.400,96.000,12.600,433.400,96.000,12.600,434.200,96.000,12.600,433.400,-36.000,12.600,434.200,96.000,12.600,433.400,-36.000,12.600,433.400,-36.000,12.600,434.200,96.000,10.000,433.400,96.000,10.000,434.200,-36.000,10.000,433.400,96.000,10.000,434.200,-36.000,10.000,434.200,-36.000,10.000,433.400,96.000,12.600,433.400,96.000,10.000,433.400,-36.000,12.600,433.400,96.000,10.000,433.400,-36.000,10.000,433.400,-36.000,12.600,433.400,-36.000,12.600,434.200,-36.000,10.000,434.200,96.000,12.600,434.200,-36.000,10.000,434.200,96.000,10.000,434.200,96.000,12.600,434.200,45.000,1.500,423.925,45.000,0.400,423.925,45.000,1.500,424.075,45.000,0.400,423.925,45.000,0.400,424.075,45.000,1.500,424.075,51.000,1.500,424.075,51.000,0.400,424.075,51.000,1.500,423.925,51.000,0.400,424.075,51.000,0.400,423.925,51.000,1.500,423.925,51.000,1.500,424.075,51.000,1.500,423.925,45.000,1.500,424.075,51.000,1.500,423.925,45.000,1.500,423.925,45.000,1.500,424.075,51.000,0.400,423.925,51.000,0.400,424.075,45.000,0.400,423.925,51.000,0.400,424.075,45.000,0.400,424.075,45.000,0.400,423.925,51.000,1.500,423.925,51.000,0.400,423.925,45.000,1.500,423.925,51.000,0.400,423.925,45.000,0.400,423.925,45.000,1.500,423.925,45.000,1.500,424.075,45.000,0.400,424.075,51.000,1.500,424.075,45.000,0.400,424.075,51.000,0.400,424.075,51.000,1.500,424.075,50.925,1.500,424.000,50.925,0.400,424.000,50.925,1.500,428.000,50.925,0.400,424.000,50.925,0.400,428.000,50.925,1.500,428.000,51.075,1.500,428.000,51.075,0.400,428.000,51.075,1.500,424.000,51.075,0.400,428.000,51.075,0.400,424.000,51.075,1.500,424.000,51.075,1.500,428.000,51.075,1.500,424.000,50.925,1.500,428.000,51.075,1.500,424.000,50.925,1.500,424.000,50.925,1.500,428.000,51.075,0.400,424.000,51.075,0.400,428.000,50.925,0.400,424.000,51.075,0.400,428.000,50.925,0.400,428.000,50.925,0.400,424.000;;cc0000
Mesh;6;;49.800,9.313,433.600,49.800,1.887,433.600,10.200,9.313,433.600,49.800,1.887,433.600,10.200,1.887,433.600,10.200,9.313,433.600;;ffffffT512
Mesh;5544;;48.000,1.900,430.000,48.285,1.863,430.000,48.247,1.863,429.858,48.000,1.900,430.000,48.247,1.863,429.858,48.142,1.863,429.753,48.000,1.900,430.000,48.142,1.863,429.753,48.000,1.863,429.715,48.000,1.900,430.000,48.000,1.863,429.715,47.858,1.863,429.753,48.000,1.900,430.000,47.858,1.863,429.753,47.753,1.863,429.858,48.000,1.900,430.000,47.753,1.863,429.858,47.715,1.863,430.000,48.000,1.900,430.000,47.715,1.863,430.000,47.753,1.863,430.142,48.000,1.900,430.000,47.753,1.863,430.142,47.858,1.863,430.247,48.000,1.900,430.000,47.858,1.863,430.247,48.000,1.863,430.285,48.000,1.900,430.000,48.000,1.863,430.285,48.142,1.863,430.247,48.000,1.900,430.000,48.142,1.863,430.247,48.247,1.863,430.142,48.000,1.900,430.000,48.247,1.863,430.142,48.285,1.863,430.000,48.247,1.863,429.858,48.285,1.863,430.000,48.476,1.753,429.725,48.285,1.863,430.000,48.550,1.753,430.000,48.476,1.753,429.725,48.142,1.863,429.753,48.247,1.863,429.858,48.275,1.753,429.524,48.247,1.863,429.858,48.476,1.753,429.725,48.275,1.753,429.524,48.000,1.863,429.715,48.142,1.863,429.753,48.000,1.753,429.450,48.142,1.863,429.753,48.275,1.753,429.524,48.000,1.753,429.450,47.858,1.863,429.753,48.000,1.863,429.715,47.725,1.753,429.524,48.000,1.863,429.715,48.000,1.753,429.450,47.725,1.753,429.524,47.753,1.863,429.858,47.858,1.863,429.753,47.524,1.753,429.725,47.858,1.863,429.753,47.725,1.753,429.524,47.524,1.753,429.725,47.715,1.863,430.000,47.753,1.863,429.858,47.450,1.753,430.000,47.753,1.863,429.858,47.524,1.753,429.725,47.450,1.753,430.000,47.753,1.863,430.142,47.715,1.863,430.000,47.524,1.753,430.275,47.715,1.863,430.000,47.450,1.753,430.000,47.524,1.753,430.275,47.858,1.863,430.247,47.753,1.863,430.142,47.725,1.753,430.476,47.753,1.863,430.142,47.524,1.753,430.275,47.725,1.753,430.476,48.000,1.863,430.285,47.858,1.863,430.247,48.000,1.753,430.550,47.858,1.863,430.247,47.725,1.753,430.476,48.000,1.753,430.550,48.142,1.863,430.247,48.000,1.863,430.285,48.275,1.753,430.476,48.000,1.863,430.285,48.000,1.753,430.550,48.275,1.753,430.476;;cc0000
Mesh;24;;656.000,16.000,557.000,656.000,0.000,557.000,656.000,16.000,439.000,656.000,0.000,557.000,656.000,0.000,439.000,656.000,16.000,439.000,424.000,16.000,439.000,424.000,0.000,439.000,424.000,16.000,557.000,424.000,0.000,439.000,424.000,0.000,557.000,424.000,16.000,557.000,424.000,16.000,557.000,424.000,0.000,557.000,656.000,16.000,557.000,424.000,0.000,557.000,656.000,0.000,557.000,656.000,16.000,557.000,656.000,16.000,439.000,656.000,0.000,439.000,424.000,16.000,439.000,656.000,0.000,439.000,424.000,0.000,439.000,424.000,16.000,439.000;;ffffffT1024
Mesh;36;;609.600,19.000,502.000,609.600,16.000,502.000,609.600,19.000,494.000,609.600,16.000,502.000,609.600,16.000,494.000,609.600,19.000,494.000,470.400,19.000,494.000,470.400,16.000,494.000,470.400,19.000,502.000,470.400,16.000,494.000,470.400,16.000,502.000,470.400,19.000,502.000,470.400,19.000,494.000,470.400,19.000,502.000,609.600,19.000,494.000,470.400,19.000,502.000,609.600,19.000,502.000,609.600,19.000,494.000,470.400,16.000,502.000,470.400,16.000,494.000,609.600,16.000,502.000,470.400,16.000,494.000,609.600,16.000,494.000,609.600,16.000,502.000,470.400,19.000,502.000,470.400,16.000,502.000,609.600,19.000,502.000,470.400,16.000,502.000,609.600,16.000,502.000,609.600,19.000,502.000,609.600,19.000,494.000,609.600,16.000,494.000,470.400,19.000,494.000,609.600,16.000,494.000,470.400,16.000,494.000,470.400,19.000,494.000;;8a8070
Mesh;36;;607.280,18.700,501.500,607.280,16.500,501.500,607.280,18.700,494.500,607.280,16.500,501.500,607.280,16.500,494.500,607.280,18.700,494.500,472.720,18.700,494.500,472.720,16.500,494.500,472.720,18.700,501.500,472.720,16.500,494.500,472.720,16.500,501.500,472.720,18.700,501.500,472.720,18.700,494.500,472.720,18.700,501.500,607.280,18.700,494.500,472.720,18.700,501.500,607.280,18.700,501.500,607.280,18.700,494.500,472.720,16.500,501.500,472.720,16.500,494.500,607.280,16.500,501.500,472.720,16.500,494.500,607.280,16.500,494.500,607.280,16.500,501.500,472.720,18.700,501.500,472.720,16.500,501.500,607.280,18.700,501.500,472.720,16.500,501.500,607.280,16.500,501.500,607.280,18.700,501.500,607.280,18.700,494.500,607.280,16.500,494.500,472.720,18.700,494.500,607.280,16.500,494.500,472.720,16.500,494.500,472.720,18.700,494.500;;9fc3d4
Mesh;24;;557.000,22.000,442.000,557.000,0.000,442.000,557.000,22.000,424.000,557.000,0.000,442.000,557.000,0.000,424.000,557.000,22.000,424.000,523.000,22.000,424.000,523.000,0.000,424.000,523.000,22.000,442.000,523.000,0.000,424.000,523.000,0.000,442.000,523.000,22.000,442.000,523.000,22.000,442.000,523.000,0.000,442.000,557.000,22.000,442.000,523.000,0.000,442.000,557.000,0.000,442.000,557.000,22.000,442.000,557.000,22.000,424.000,557.000,0.000,424.000,523.000,22.000,424.000,557.000,0.000,424.000,523.000,0.000,424.000,523.000,22.000,424.000;;ffffffT1024
Mesh;48;;540.011,25.000,433.011,551.031,19.000,444.031,540.020,25.000,432.980,551.031,19.000,444.031,559.856,19.000,413.144,540.020,25.000,432.980,540.020,25.000,432.980,559.856,19.000,413.144,539.989,25.000,432.989,559.856,19.000,413.144,528.969,19.000,421.969,539.989,25.000,432.989,539.989,25.000,432.989,528.969,19.000,421.969,539.980,25.000,433.020,528.969,19.000,421.969,520.144,19.000,452.856,539.980,25.000,433.020,539.980,25.000,433.020,520.144,19.000,452.856,540.011,25.000,433.011,520.144,19.000,452.856,551.031,19.000,444.031,540.011,25.000,433.011,540.011,25.000,433.011,540.020,25.000,432.980,540.000,25.000,433.000,540.020,25.000,432.980,539.989,25.000,432.989,540.000,25.000,433.000,539.989,25.000,432.989,539.980,25.000,433.020,540.000,25.000,433.000,539.980,25.000,433.020,540.011,25.000,433.011,540.000,25.000,433.000,559.856,19.000,413.144,551.031,19.000,444.031,540.000,19.000,433.000,528.969,19.000,421.969,559.856,19.000,413.144,540.000,19.000,433.000,520.144,19.000,452.856,528.969,19.000,421.969,540.000,19.000,433.000,551.031,19.000,444.031,520.144,19.000,452.856,540.000,19.000,433.000;;6d6152
Mesh;6;;493.600,27.100,423.900,493.600,9.700,423.900,586.400,27.100,423.900,493.600,9.700,423.900,586.400,9.700,423.900,586.400,27.100,423.900;;ffffffT512
Mesh;6;;656.300,15.813,513.000,656.300,10.188,513.000,656.300,15.813,483.000,656.300,10.188,513.000,656.300,10.188,483.000,656.300,15.813,483.000;;ffffffT512
Mesh;24;;137.000,8.000,-56.000,137.000,0.000,-56.000,137.000,8.000,-76.000,137.000,0.000,-56.000,137.000,0.000,-76.000,137.000,8.000,-76.000,107.000,8.000,-76.000,107.000,0.000,-76.000,107.000,8.000,-56.000,107.000,0.000,-76.000,107.000,0.000,-56.000,107.000,8.000,-56.000,107.000,8.000,-56.000,107.000,0.000,-56.000,137.000,8.000,-56.000,107.000,0.000,-56.000,137.000,0.000,-56.000,137.000,8.000,-56.000,137.000,8.000,-76.000,137.000,0.000,-76.000,107.000,8.000,-76.000,137.000,0.000,-76.000,107.000,0.000,-76.000,107.000,8.000,-76.000;;ffffffT1024
Mesh;144;;134.750,4.412,-53.749,134.750,4.196,-53.788,134.750,4.824,-56.012,134.750,4.196,-53.788,134.750,4.608,-56.051,134.750,4.824,-56.012,109.250,4.824,-56.012,109.250,4.608,-56.051,109.250,4.412,-53.749,109.250,4.608,-56.051,109.250,4.196,-53.788,109.250,4.412,-53.749,109.250,4.824,-56.012,109.250,4.412,-53.749,134.750,4.824,-56.012,109.250,4.412,-53.749,134.750,4.412,-53.749,134.750,4.824,-56.012,109.250,4.196,-53.788,109.250,4.608,-56.051,134.750,4.196,-53.788,109.250,4.608,-56.051,134.750,4.608,-56.051,134.750,4.196,-53.788,109.250,4.412,-53.749,109.250,4.196,-53.788,134.750,4.412,-53.749,109.250,4.196,-53.788,134.750,4.196,-53.788,134.750,4.412,-53.749,134.750,4.824,-56.012,134.750,4.608,-56.051,109.250,4.824,-56.012,134.750,4.608,-56.051,109.250,4.608,-56.051,109.250,4.824,-56.012,134.750,4.550,-53.800,134.750,4.050,-53.800,134.750,4.550,-53.900,134.750,4.050,-53.800,134.750,4.050,-53.900,134.750,4.550,-53.900,109.250,4.550,-53.900,109.250,4.050,-53.900,109.250,4.550,-53.800,109.250,4.050,-53.900,109.250,4.050,-53.800,109.250,4.550,-53.800,109.250,4.550,-53.900,109.250,4.550,-53.800,134.750,4.550,-53.900,109.250,4.550,-53.800,134.750,4.550,-53.800,134.750,4.550,-53.900,109.250,4.050,-53.800,109.250,4.050,-53.900,134.750,4.050,-53.800,109.250,4.050,-53.900,134.750,4.050,-53.900,134.750,4.050,-53.800,109.250,4.550,-53.800,109.250,4.050,-53.800,134.750,4.550,-53.800,109.250,4.050,-53.800,134.750,4.050,-53.800,134.750,4.550,-53.800,134.750,4.550,-53.900,134.750,4.050,-53.900,109.250,4.550,-53.900,134.750,4.050,-53.900,109.250,4.050,-53.900,109.250,4.550,-53.900,303.251,4.412,-172.750,303.212,4.196,-172.750,300.988,4.824,-172.750,303.212,4.196,-172.750,300.949,4.608,-172.750,300.988,4.824,-172.750,300.988,4.824,-147.250,300.949,4.608,-147.250,303.251,4.412,-147.250,300.949,4.608,-147.250,303.212,4.196,-147.250,303.251,4.412,-147.250,300.988,4.824,-147.250,303.251,4.412,-147.250,300.988,4.824,-172.750,303.251,4.412,-147.250,303.251,4.412,-172.750,300.988,4.824,-172.750,303.212,4.196,-147.250,300.949,4.608,-147.250,303.212,4.196,-172.750,300.949,4.608,-147.250,300.949,4.608,-172.750,303.212,4.196,-172.750;;ffffffT128
Mesh;24;;213.800,13.000,-274.000,213.800,0.000,-274.000,213.800,13.000,-318.000,213.800,0.000,-274.000,213.800,0.000,-318.000,213.800,13.000,-318.000,171.800,13.000,-318.000,171.800,0.000,-318.000,171.800,13.000,-274.000,171.800,0.000,-318.000,171.800,0.000,-274.000,171.800,13.000,-274.000,171.800,13.000,-274.000,171.800,0.000,-274.000,213.800,13.000,-274.000,171.800,0.000,-274.000,213.800,0.000,-274.000,213.800,13.000,-274.000,213.800,13.000,-318.000,213.800,0.000,-318.000,171.800,13.000,-318.000,213.800,0.000,-318.000,171.800,0.000,-318.000,171.800,13.000,-318.000;;ffffffT1024
Mesh;24;;232.999,9.750,-281.846,232.999,0.000,-281.846,222.597,9.750,-315.474,232.999,0.000,-281.846,222.597,0.000,-315.474,222.597,9.750,-315.474,205.401,9.750,-310.154,205.401,0.000,-310.154,215.803,9.750,-276.526,205.401,0.000,-310.154,215.803,0.000,-276.526,215.803,9.750,-276.526,215.803,9.750,-276.526,215.803,0.000,-276.526,232.999,9.750,-281.846,215.803,0.000,-276.526,232.999,0.000,-281.846,232.999,9.750,-281.846,222.597,9.750,-315.474,222.597,0.000,-315.474,205.401,9.750,-310.154,222.597,0.000,-315.474,205.401,0.000,-310.154,205.401,9.750,-310.154;;ffffffT1024
Mesh;240;;182.000,10.400,-279.080,182.000,0.000,-279.080,184.781,10.400,-279.520,182.000,0.000,-279.080,184.781,0.000,-279.520,184.781,10.400,-279.520,184.781,10.400,-279.520,184.781,0.000,-279.520,187.290,10.400,-280.799,184.781,0.000,-279.520,187.290,0.000,-280.799,187.290,10.400,-280.799,187.290,10.400,-280.799,187.290,0.000,-280.799,189.281,10.400,-282.790,187.290,0.000,-280.799,189.281,0.000,-282.790,189.281,10.400,-282.790,189.281,10.400,-282.790,189.281,0.000,-282.790,190.560,10.400,-285.299,189.281,0.000,-282.790,190.560,0.000,-285.299,190.560,10.400,-285.299,190.560,10.400,-285.299,190.560,0.000,-285.299,191.000,10.400,-288.080,190.560,0.000,-285.299,191.000,0.000,-288.080,191.000,10.400,-288.080,191.000,10.400,-288.080,191.000,0.000,-288.080,190.560,10.400,-290.861,191.000,0.000,-288.080,190.560,0.000,-290.861,190.560,10.400,-290.861,190.560,10.400,-290.861,190.560,0.000,-290.861,189.281,10.400,-293.370,190.560,0.000,-290.861,189.281,0.000,-293.370,189.281,10.400,-293.370,189.281,10.400,-293.370,189.281,0.000,-293.370,187.290,10.400,-295.361,189.281,0.000,-293.370,187.290,0.000,-295.361,187.290,10.400,-295.361,187.290,10.400,-295.361,187.290,0.000,-295.361,184.781,10.400,-296.639,187.290,0.000,-295.361,184.781,0.000,-296.639,184.781,10.400,-296.639,184.781,10.400,-296.639,184.781,0.000,-296.639,182.000,10.400,-297.080,184.781,0.000,-296.639,182.000,0.000,-297.080,182.000,10.400,-297.080,182.000,10.400,-297.080,182.000,0.000,-297.080,179.219,10.400,-296.639,182.000,0.000,-297.080,179.219,0.000,-296.639,179.219,10.400,-296.639,179.219,10.400,-296.639,179.219,0.000,-296.639,176.710,10.400,-295.361,179.219,0.000,-296.639,176.710,0.000,-295.361,176.710,10.400,-295.361,176.710,10.400,-295.361,176.710,0.000,-295.361,174.719,10.400,-293.370,176.710,0.000,-295.361,174.719,0.000,-293.370,174.719,10.400,-293.370,174.719,10.400,-293.370,174.719,0.000,-293.370,173.440,10.400,-290.861,174.719,0.000,-293.370,173.440,0.000,-290.861,173.440,10.400,-290.861,173.440,10.400,-290.861,173.440,0.000,-290.861,173.000,10.400,-288.080,173.440,0.000,-290.861,173.000,0.000,-288.080,173.000,10.400,-288.080,173.000,10.400,-288.080,173.000,0.000,-288.080,173.440,10.400,-285.299,173.000,0.000,-288.080,173.440,0.000,-285.299,173.440,10.400,-285.299;;c4cdd2
Mesh;1380;;182.000,19.400,-288.080,180.825,19.323,-288.080,180.883,19.323,-287.717,182.000,19.400,-288.080,180.883,19.323,-287.717,181.050,19.323,-287.389,182.000,19.400,-288.080,181.050,19.323,-287.389,181.310,19.323,-287.130,182.000,19.400,-288.080,181.310,19.323,-287.130,181.637,19.323,-286.963,182.000,19.400,-288.080,181.637,19.323,-286.963,182.000,19.323,-286.905,182.000,19.400,-288.080,182.000,19.323,-286.905,182.363,19.323,-286.963,182.000,19.400,-288.080,182.363,19.323,-286.963,182.690,19.323,-287.130,182.000,19.400,-288.080,182.690,19.323,-287.130,182.950,19.323,-287.389,182.000,19.400,-288.080,182.950,19.323,-287.389,183.117,19.323,-287.717,182.000,19.400,-288.080,183.117,19.323,-287.717,183.175,19.323,-288.080,182.000,19.400,-288.080,183.175,19.323,-288.080,183.117,19.323,-288.443,182.000,19.400,-288.080,183.117,19.323,-288.443,182.950,19.323,-288.770,182.000,19.400,-288.080,182.950,19.323,-288.770,182.690,19.323,-289.030,182.000,19.400,-288.080,182.690,19.323,-289.030,182.363,19.323,-289.197,182.000,19.400,-288.080,182.363,19.323,-289.197,182.000,19.323,-289.255,182.000,19.400,-288.080,182.000,19.323,-289.255,181.637,19.323,-289.197,182.000,19.400,-288.080,181.637,19.323,-289.197,181.310,19.323,-289.030,182.000,19.400,-288.080,181.310,19.323,-289.030,181.050,19.323,-288.770,182.000,19.400,-288.080,181.050,19.323,-288.770,180.883,19.323,-288.443,182.000,19.400,-288.080,180.883,19.323,-288.443,180.825,19.323,-288.080,180.883,19.323,-287.717,180.825,19.323,-288.080,179.785,19.093,-287.360,180.825,19.323,-288.080,179.671,19.093,-288.080,179.785,19.093,-287.360,181.050,19.323,-287.389,180.883,19.323,-287.717,180.115,19.093,-286.711,180.883,19.323,-287.717,179.785,19.093,-287.360,180.115,19.093,-286.711,181.310,19.323,-287.130,181.050,19.323,-287.389,180.631,19.093,-286.195,181.050,19.323,-287.389,180.115,19.093,-286.711,180.631,19.093,-286.195,181.637,19.323,-286.963,181.310,19.323,-287.130,181.280,19.093,-285.865,181.310,19.323,-287.130,180.631,19.093,-286.195,181.280,19.093,-285.865,182.000,19.323,-286.905,181.637,19.323,-286.963,182.000,19.093,-285.751,181.637,19.323,-286.963,181.280,19.093,-285.865,182.000,19.093,-285.751,182.363,19.323,-286.963,182.000,19.323,-286.905,182.720,19.093,-285.865,182.000,19.323,-286.905,182.000,19.093,-285.751,182.720,19.093,-285.865;;5d7686
Mesh;6;;185.000,12.813,-273.700,185.000,7.188,-273.700,215.000,12.813,-273.700,185.000,7.188,-273.700,215.000,7.188,-273.700,215.000,12.813,-273.700;;ffffffT512
Mesh;24;;-498.600,10.000,554.600,-498.600,0.000,554.600,-498.600,10.000,518.600,-498.600,0.000,554.600,-498.600,0.000,518.600,-498.600,10.000,518.600,-564.600,10.000,518.600,-564.600,0.000,518.600,-564.600,10.000,554.600,-564.600,0.000,518.600,-564.600,0.000,554.600,-564.600,10.000,554.600,-564.600,10.000,554.600,-564.600,0.000,554.600,-498.600,10.000,554.600,-564.600,0.000,554.600,-498.600,0.000,554.600,-498.600,10.000,554.600,-498.600,10.000,518.600,-498.600,0.000,518.600,-564.600,10.000,518.600,-498.600,0.000,518.600,-564.600,0.000,518.600,-564.600,10.000,518.600;;ffffffT1024
Mesh;90;;-564.600,10.000,518.600,-564.600,10.000,554.600,-498.600,10.000,518.600,-564.600,10.000,554.600,-498.600,10.000,554.600,-498.600,10.000,518.600,-498.000,10.000,518.000,-565.200,10.000,518.000,-531.600,13.500,518.000,-531.600,13.500,555.200,-565.200,10.000,555.200,-498.000,10.000,555.200,-498.000,10.000,518.000,-531.600,13.500,518.000,-498.000,10.000,555.200,-531.600,13.500,518.000,-531.600,13.500,555.200,-498.000,10.000,555.200,-531.600,13.500,518.000,-565.200,10.000,518.000,-531.600,13.500,555.200,-565.200,10.000,518.000,-565.200,10.000,555.200,-531.600,13.500,555.200,-565.200,10.000,518.000,-498.000,10.000,518.000,-565.200,10.000,555.200,-498.000,10.000,518.000,-498.000,10.000,555.200,-565.200,10.000,555.200,-494.400,13.000,524.900,-494.400,13.000,555.500,-453.600,13.000,524.900,-494.400,13.000,555.500,-453.600,13.000,555.500,-453.600,13.000,524.900,-453.000,13.000,524.300,-495.000,13.000,524.300,-474.000,16.500,524.300,-474.000,16.500,556.100,-495.000,13.000,556.100,-453.000,13.000,556.100,-453.000,13.000,524.300,-474.000,16.500,524.300,-453.000,13.000,556.100,-474.000,16.500,524.300,-474.000,16.500,556.100,-453.000,13.000,556.100,-474.000,16.500,524.300,-495.000,13.000,524.300,-474.000,16.500,556.100,-495.000,13.000,524.300,-495.000,13.000,556.100,-474.000,16.500,556.100,-495.000,13.000,524.300,-453.000,13.000,524.300,-495.000,13.000,556.100,-453.000,13.000,524.300,-453.000,13.000,556.100,-495.000,13.000,556.100,-566.400,8.000,571.700,-566.400,8.000,598.700,-530.400,8.000,571.700,-566.400,8.000,598.700,-530.400,8.000,598.700,-530.400,8.000,571.700,-529.800,8.000,571.100,-567.000,8.000,571.100,-548.400,11.500,571.100,-548.400,11.500,599.300,-567.000,8.000,599.300,-529.800,8.000,599.300,-529.800,8.000,571.100,-548.400,11.500,571.100,-529.800,8.000,599.300,-548.400,11.500,571.100,-548.400,11.500,599.300,-529.800,8.000,599.300,-548.400,11.500,571.100,-567.000,8.000,571.100,-548.400,11.500,599.300,-567.000,8.000,571.100,-567.000,8.000,599.300,-548.400,11.500,599.300,-567.000,8.000,571.100,-529.800,8.000,571.100,-567.000,8.000,599.300,-529.800,8.000,571.100,-529.800,8.000,599.300,-567.000,8.000,599.300;;5a6570T2048
Mesh;48;;-453.600,13.000,555.500,-453.600,0.000,555.500,-453.600,13.000,524.900,-453.600,0.000,555.500,-453.600,0.000,524.900,-453.600,13.000,524.900,-494.400,13.000,524.900,-494.400,0.000,524.900,-494.400,13.000,555.500,-494.400,0.000,524.900,-494.400,0.000,555.500,-494.400,13.000,555.500,-494.400,13.000,555.500,-494.400,0.000,555.500,-453.600,13.000,555.500,-494.400,0.000,555.500,-453.600,0.000,555.500,-453.600,13.000,555.500,-453.600,13.000,524.900,-453.600,0.000,524.900,-494.400,13.000,524.900,-453.600,0.000,524.900,-494.400,0.000,524.900,-494.400,13.000,524.900,-530.400,8.000,598.700,-530.400,0.000,598.700,-530.400,8.000,571.700,-530.400,0.000,598.700,-530.400,0.000,571.700,-530.400,8.000,571.700,-566.400,8.000,571.700,-566.400,0.000,571.700,-566.400,8.000,598.700,-566.400,0.000,571.700,-566.400,0.000,598.700,-566.400,8.000,598.700,-566.400,8.000,598.700,-566.400,0.000,598.700,-530.400,8.000,598.700,-566.400,0.000,598.700,-530.400,0.000,598.700,-530.400,8.000,598.700,-530.400,8.000,571.700,-530.400,0.000,571.700,-566.400,8.000,571.700,-530.400,0.000,571.700,-566.400,0.000,571.700,-566.400,8.000,571.700;;ffffffT1024
Mesh;6;;-534.000,12.900,554.900,-534.000,3.900,554.900,-486.000,12.900,554.900,-534.000,3.900,554.900,-486.000,3.900,554.900,-486.000,12.900,554.900;;ffffffT512
Mesh;36;;-495.000,2.600,611.250,-495.000,0.000,611.250,-495.000,2.600,610.750,-495.000,0.000,611.250,-495.000,0.000,610.750,-495.000,2.600,610.750,-501.000,2.600,610.750,-501.000,0.000,610.750,-501.000,2.600,611.250,-501.000,0.000,610.750,-501.000,0.000,611.250,-501.000,2.600,611.250,-501.000,2.600,610.750,-501.000,2.600,611.250,-495.000,2.600,610.750,-501.000,2.600,611.250,-495.000,2.600,611.250,-495.000,2.600,610.750,-501.000,0.000,611.250,-501.000,0.000,610.750,-495.000,0.000,611.250,-501.000,0.000,610.750,-495.000,0.000,610.750,-495.000,0.000,611.250,-501.000,2.600,611.250,-501.000,0.000,611.250,-495.000,2.600,611.250,-501.000,0.000,611.250,-495.000,0.000,611.250,-495.000,2.600,611.250,-495.000,2.600,610.750,-495.000,0.000,610.750,-501.000,2.600,610.750,-495.000,0.000,610.750,-501.000,0.000,610.750,-501.000,2.600,610.750;;7a4b26
Mesh;6;;-500.700,2.700,611.300,-500.700,0.700,611.300,-495.300,2.700,611.300,-500.700,0.700,611.300,-495.300,0.700,611.300,-495.300,2.700,611.300;;ffffffT256
Mesh;24;;37.000,8.000,-56.000,37.000,0.000,-56.000,37.000,8.000,-76.000,37.000,0.000,-56.000,37.000,0.000,-76.000,37.000,8.000,-76.000,7.000,8.000,-76.000,7.000,0.000,-76.000,7.000,8.000,-56.000,7.000,0.000,-76.000,7.000,0.000,-56.000,7.000,8.000,-56.000,7.000,8.000,-56.000,7.000,0.000,-56.000,37.000,8.000,-56.000,7.000,0.000,-56.000,37.000,0.000,-56.000,37.000,8.000,-56.000,37.000,8.000,-76.000,37.000,0.000,-76.000,7.000,8.000,-76.000,37.000,0.000,-76.000,7.000,0.000,-76.000,7.000,8.000,-76.000;;ffffffT1024
Mesh;144;;34.750,4.412,-53.749,34.750,4.196,-53.788,34.750,4.824,-56.012,34.750,4.196,-53.788,34.750,4.608,-56.051,34.750,4.824,-56.012,9.250,4.824,-56.012,9.250,4.608,-56.051,9.250,4.412,-53.749,9.250,4.608,-56.051,9.250,4.196,-53.788,9.250,4.412,-53.749,9.250,4.824,-56.012,9.250,4.412,-53.749,34.750,4.824,-56.012,9.250,4.412,-53.749,34.750,4.412,-53.749,34.750,4.824,-56.012,9.250,4.196,-53.788,9.250,4.608,-56.051,34.750,4.196,-53.788,9.250,4.608,-56.051,34.750,4.608,-56.051,34.750,4.196,-53.788,9.250,4.412,-53.749,9.250,4.196,-53.788,34.750,4.412,-53.749,9.250,4.196,-53.788,34.750,4.196,-53.788,34.750,4.412,-53.749,34.750,4.824,-56.012,34.750,4.608,-56.051,9.250,4.824,-56.012,34.750,4.608,-56.051,9.250,4.608,-56.051,9.250,4.824,-56.012,34.750,4.550,-53.800,34.750,4.050,-53.800,34.750,4.550,-53.900,34.750,4.050,-53.800,34.750,4.050,-53.900,34.750,4.550,-53.900,9.250,4.550,-53.900,9.250,4.050,-53.900,9.250,4.550,-53.800,9.250,4.050,-53.900,9.250,4.050,-53.800,9.250,4.550,-53.800,9.250,4.550,-53.900,9.250,4.550,-53.800,34.750,4.550,-53.900,9.250,4.550,-53.800,34.750,4.550,-53.800,34.750,4.550,-53.900,9.250,4.050,-53.800,9.250,4.050,-53.900,34.750,4.050,-53.800,9.250,4.050,-53.900,34.750,4.050,-53.900,34.750,4.050,-53.800,9.250,4.550,-53.800,9.250,4.050,-53.800,34.750,4.550,-53.800,9.250,4.050,-53.800,34.750,4.050,-53.800,34.750,4.550,-53.800,34.750,4.550,-53.900,34.750,4.050,-53.900,9.250,4.550,-53.900,34.750,4.050,-53.900,9.250,4.050,-53.900,9.250,4.550,-53.900,303.251,4.412,-242.750,303.212,4.196,-242.750,300.988,4.824,-242.750,303.212,4.196,-242.750,300.949,4.608,-242.750,300.988,4.824,-242.750,300.988,4.824,-217.250,300.949,4.608,-217.250,303.251,4.412,-217.250,300.949,4.608,-217.250,303.212,4.196,-217.250,303.251,4.412,-217.250,300.988,4.824,-217.250,303.251,4.412,-217.250,300.988,4.824,-242.750,303.251,4.412,-217.250,303.251,4.412,-242.750,300.988,4.824,-242.750,303.212,4.196,-217.250,300.949,4.608,-217.250,303.212,4.196,-242.750,300.949,4.608,-217.250,300.949,4.608,-242.750,303.212,4.196,-242.750;;ffffffT128
Mesh;24;;122.000,9.000,-322.000,122.000,0.000,-322.000,122.000,9.000,-298.000,122.000,0.000,-322.000,122.000,0.000,-298.000,122.000,9.000,-298.000,158.000,9.000,-298.000,158.000,0.000,-298.000,158.000,9.000,-322.000,158.000,0.000,-298.000,158.000,0.000,-322.000,158.000,9.000,-322.000,158.000,9.000,-322.000,158.000,0.000,-322.000,122.000,9.000,-322.000,158.000,0.000,-322.000,122.000,0.000,-322.000,122.000,9.000,-322.000,122.000,9.000,-298.000,122.000,0.000,-298.000,158.000,9.000,-298.000,122.000,0.000,-298.000,158.000,0.000,-298.000,158.000,9.000,-298.000;;ffffffT1024
Mesh;6;;150.800,9.025,-322.300,150.800,4.975,-322.300,129.200,9.025,-322.300,150.800,4.975,-322.300,129.200,4.975,-322.300,129.200,9.025,-322.300;;ffffffT512
Mesh;24;;154.000,12.000,429.000,154.000,0.000,429.000,154.000,12.000,481.000,154.000,0.000,429.000,154.000,0.000,481.000,154.000,12.000,481.000,226.000,12.000,481.000,226.000,0.000,481.000,226.000,12.000,429.000,226.000,0.000,481.000,226.000,0.000,429.000,226.000,12.000,429.000,226.000,12.000,429.000,226.000,0.000,429.000,154.000,12.000,429.000,226.000,0.000,429.000,154.000,0.000,429.000,154.000,12.000,429.000,154.000,12.000,481.000,154.000,0.000,481.000,226.000,12.000,481.000,154.000,0.000,481.000,226.000,0.000,481.000,226.000,12.000,481.000;;ffffffT1024
Mesh;6;;208.000,11.375,428.700,208.000,4.625,428.700,172.000,11.375,428.700,208.000,4.625,428.700,172.000,4.625,428.700,172.000,11.375,428.700;;ffffffT512
Mesh;24;;-185.000,7.000,-328.000,-185.000,0.000,-328.000,-185.000,7.000,-308.000,-185.000,0.000,-328.000,-185.000,0.000,-308.000,-185.000,7.000,-308.000,-159.000,7.000,-308.000,-159.000,0.000,-308.000,-159.000,7.000,-328.000,-159.000,0.000,-308.000,-159.000,0.000,-328.000,-159.000,7.000,-328.000,-159.000,7.000,-328.000,-159.000,0.000,-328.000,-185.000,7.000,-328.000,-159.000,0.000,-328.000,-185.000,0.000,-328.000,-185.000,7.000,-328.000,-185.000,7.000,-308.000,-185.000,0.000,-308.000,-159.000,7.000,-308.000,-185.000,0.000,-308.000,-159.000,0.000,-308.000,-159.000,7.000,-308.000;;ffffffT1024
Mesh;24;;285.000,7.000,376.000,285.000,0.000,376.000,285.000,7.000,354.000,285.000,0.000,376.000,285.000,0.000,354.000,285.000,7.000,354.000,259.000,7.000,354.000,259.000,0.000,354.000,259.000,7.000,376.000,259.000,0.000,354.000,259.000,0.000,376.000,259.000,7.000,376.000,259.000,7.000,376.000,259.000,0.000,376.000,285.000,7.000,376.000,259.000,0.000,376.000,285.000,0.000,376.000,285.000,7.000,376.000,285.000,7.000,354.000,285.000,0.000,354.000,259.000,7.000,354.000,285.000,0.000,354.000,259.000,0.000,354.000,259.000,7.000,354.000;;ffffffT1024
Mesh;288;;285.250,7.936,354.250,285.250,7.000,354.250,285.250,7.936,353.750,285.250,7.000,354.250,285.250,7.000,353.750,285.250,7.936,353.750,258.750,7.936,353.750,258.750,7.000,353.750,258.750,7.936,354.250,258.750,7.000,353.750,258.750,7.000,354.250,258.750,7.936,354.250,258.750,7.936,353.750,258.750,7.936,354.250,285.250,7.936,353.750,258.750,7.936,354.250,285.250,7.936,354.250,285.250,7.936,353.750,258.750,7.000,354.250,258.750,7.000,353.750,285.250,7.000,354.250,258.750,7.000,353.750,285.250,7.000,353.750,285.250,7.000,354.250,258.750,7.936,354.250,258.750,7.000,354.250,285.250,7.936,354.250,258.750,7.000,354.250,285.250,7.000,354.250,285.250,7.936,354.250,285.250,7.936,353.750,285.250,7.000,353.750,258.750,7.936,353.750,285.250,7.000,353.750,258.750,7.000,353.750,258.750,7.936,353.750,285.250,7.936,376.250,285.250,7.000,376.250,285.250,7.936,375.750,285.250,7.000,376.250,285.250,7.000,375.750,285.250,7.936,375.750,258.750,7.936,375.750,258.750,7.000,375.750,258.750,7.936,376.250,258.750,7.000,375.750,258.750,7.000,376.250,258.750,7.936,376.250,258.750,7.936,375.750,258.750,7.936,376.250,285.250,7.936,375.750,258.750,7.936,376.250,285.250,7.936,376.250,285.250,7.936,375.750,258.750,7.000,376.250,258.750,7.000,375.750,285.250,7.000,376.250,258.750,7.000,375.750,285.250,7.000,375.750,285.250,7.000,376.250,258.750,7.936,376.250,258.750,7.000,376.250,285.250,7.936,376.250,258.750,7.000,376.250,285.250,7.000,376.250,285.250,7.936,376.250,285.250,7.936,375.750,285.250,7.000,375.750,258.750,7.936,375.750,285.250,7.000,375.750,258.750,7.000,375.750,258.750,7.936,375.750,259.250,7.936,376.000,259.250,7.000,376.000,259.250,7.936,354.000,259.250,7.000,376.000,259.250,7.000,354.000,259.250,7.936,354.000,258.750,7.936,354.000,258.750,7.000,354.000,258.750,7.936,376.000,258.750,7.000,354.000,258.750,7.000,376.000,258.750,7.936,376.000,258.750,7.936,354.000,258.750,7.936,376.000,259.250,7.936,354.000,258.750,7.936,376.000,259.250,7.936,376.000,259.250,7.936,354.000,258.750,7.000,376.000,258.750,7.000,354.000,259.250,7.000,376.000,258.750,7.000,354.000,259.250,7.000,354.000,259.250,7.000,376.000;;8a4b2d
Mesh;72;;283.700,4.212,378.151,283.700,3.996,378.112,283.700,4.624,375.888,283.700,3.996,378.112,283.700,4.408,375.849,283.700,4.624,375.888,260.300,4.624,375.888,260.300,4.408,375.849,260.300,4.212,378.151,260.300,4.408,375.849,260.300,3.996,378.112,260.300,4.212,378.151,260.300,4.624,375.888,260.300,4.212,378.151,283.700,4.624,375.888,260.300,4.212,378.151,283.700,4.212,378.151,283.700,4.624,375.888,260.300,3.996,378.112,260.300,4.408,375.849,283.700,3.996,378.112,260.300,4.408,375.849,283.700,4.408,375.849,283.700,3.996,378.112,260.300,4.212,378.151,260.300,3.996,378.112,283.700,4.212,378.151,260.300,3.996,378.112,283.700,3.996,378.112,283.700,4.212,378.151,283.700,4.624,375.888,283.700,4.408,375.849,260.300,4.624,375.888,283.700,4.408,375.849,260.300,4.408,375.849,260.300,4.624,375.888,283.700,4.350,378.100,283.700,3.850,378.100,283.700,4.350,378.000,283.700,3.850,378.100,283.700,3.850,378.000,283.700,4.350,378.000,260.300,4.350,378.000,260.300,3.850,378.000,260.300,4.350,378.100,260.300,3.850,378.000,260.300,3.850,378.100,260.300,4.350,378.100,260.300,4.350,378.000,260.300,4.350,378.100,283.700,4.350,378.000,260.300,4.350,378.100,283.700,4.350,378.100,283.700,4.350,378.000,260.300,3.850,378.100,260.300,3.850,378.000,283.700,3.850,378.100,260.300,3.850,378.000,283.700,3.850,378.000,283.700,3.850,378.100,260.300,4.350,378.100,260.300,3.850,378.100,283.700,4.350,378.100,260.300,3.850,378.100,283.700,3.850,378.100,283.700,4.350,378.100,283.700,4.350,378.000,283.700,3.850,378.000,260.300,4.350,378.000,283.700,3.850,378.000,260.300,3.850,378.000,260.300,4.350,378.000;;ffffffT128
Mesh;36;;291.200,2.400,361.500,291.200,0.800,361.500,291.200,2.400,361.300,291.200,0.800,361.500,291.200,0.800,361.300,291.200,2.400,361.300,288.800,2.400,361.300,288.800,0.800,361.300,288.800,2.400,361.500,288.800,0.800,361.300,288.800,0.800,361.500,288.800,2.400,361.500,288.800,2.400,361.300,288.800,2.400,361.500,291.200,2.400,361.300,288.800,2.400,361.500,291.200,2.400,361.500,291.200,2.400,361.300,288.800,0.800,361.500,288.800,0.800,361.300,291.200,0.800,361.500,288.800,0.800,361.300,291.200,0.800,361.300,291.200,0.800,361.500,288.800,2.400,361.500,288.800,0.800,361.500,291.200,2.400,361.500,288.800,0.800,361.500,291.200,0.800,361.500,291.200,2.400,361.500,291.200,2.400,361.300,291.200,0.800,361.300,288.800,2.400,361.300,291.200,0.800,361.300,288.800,0.800,361.300,288.800,2.400,361.300;;3a2a18
Mesh;576;;297.000,12.000,382.250,297.000,0.000,382.250,297.125,12.000,382.216,297.000,0.000,382.250,297.125,0.000,382.216,297.125,12.000,382.216,297.125,12.000,382.216,297.125,0.000,382.216,297.216,12.000,382.125,297.125,0.000,382.216,297.216,0.000,382.125,297.216,12.000,382.125,297.216,12.000,382.125,297.216,0.000,382.125,297.250,12.000,382.000,297.216,0.000,382.125,297.250,0.000,382.000,297.250,12.000,382.000,297.250,12.000,382.000,297.250,0.000,382.000,297.216,12.000,381.875,297.250,0.000,382.000,297.216,0.000,381.875,297.216,12.000,381.875,297.216,12.000,381.875,297.216,0.000,381.875,297.125,12.000,381.784,297.216,0.000,381.875,297.125,0.000,381.784,297.125,12.000,381.784,297.125,12.000,381.784,297.125,0.000,381.784,297.000,12.000,381.750,297.125,0.000,381.784,297.000,0.000,381.750,297.000,12.000,381.750,297.000,12.000,381.750,297.000,0.000,381.750,296.875,12.000,381.784,297.000,0.000,381.750,296.875,0.000,381.784,296.875,12.000,381.784,296.875,12.000,381.784,296.875,0.000,381.784,296.784,12.000,381.875,296.875,0.000,381.784,296.784,0.000,381.875,296.784,12.000,381.875,296.784,12.000,381.875,296.784,0.000,381.875,296.750,12.000,382.000,296.784,0.000,381.875,296.750,0.000,382.000,296.750,12.000,382.000,296.750,12.000,382.000,296.750,0.000,382.000,296.784,12.000,382.125,296.750,0.000,382.000,296.784,0.000,382.125,296.784,12.000,382.125,296.784,12.000,382.125,296.784,0.000,382.125,296.875,12.000,382.216,296.784,0.000,382.125,296.875,0.000,382.216,296.875,12.000,382.216,296.875,12.000,382.216,296.875,0.000,382.216,297.000,12.000,382.250,296.875,0.000,382.216,297.000,0.000,382.250,297.000,12.000,382.250,297.000,12.000,382.250,297.125,12.000,382.216,297.000,12.000,382.000,297.125,12.000,382.216,297.216,12.000,382.125,297.000,12.000,382.000,297.216,12.000,382.125,297.250,12.000,382.000,297.000,12.000,382.000,297.250,12.000,382.000,297.216,12.000,381.875,297.000,12.000,382.000,297.216,12.000,381.875,297.125,12.000,381.784,297.000,12.000,382.000,297.125,12.000,381.784,297.000,12.000,381.750,297.000,12.000,382.000,297.000,12.000,381.750,296.875,12.000,381.784,297.000,12.000,382.000,296.875,12.000,381.784,296.784,12.000,381.875,297.000,12.000,382.000;;555555
Mesh;6;;293.500,12.500,382.000,293.500,7.500,382.000,300.500,12.500,382.000,293.500,7.500,382.000,300.500,7.500,382.000,300.500,12.500,382.000;;ffffffT512
Mesh;24;;-83.000,7.000,-56.000,-83.000,0.000,-56.000,-83.000,7.000,-76.000,-83.000,0.000,-56.000,-83.000,0.000,-76.000,-83.000,7.000,-76.000,-107.000,7.000,-76.000,-107.000,0.000,-76.000,-107.000,7.000,-56.000,-107.000,0.000,-76.000,-107.000,0.000,-56.000,-107.000,7.000,-56.000,-107.000,7.000,-56.000,-107.000,0.000,-56.000,-83.000,7.000,-56.000,-107.000,0.000,-56.000,-83.000,0.000,-56.000,-83.000,7.000,-56.000,-83.000,7.000,-76.000,-83.000,0.000,-76.000,-107.000,7.000,-76.000,-83.000,0.000,-76.000,-107.000,0.000,-76.000,-107.000,7.000,-76.000;;ffffffT1024
Mesh;144;;-84.800,4.412,-53.749,-84.800,4.196,-53.788,-84.800,4.824,-56.012,-84.800,4.196,-53.788,-84.800,4.608,-56.051,-84.800,4.824,-56.012,-105.200,4.824,-56.012,-105.200,4.608,-56.051,-105.200,4.412,-53.749,-105.200,4.608,-56.051,-105.200,4.196,-53.788,-105.200,4.412,-53.749,-105.200,4.824,-56.012,-105.200,4.412,-53.749,-84.800,4.824,-56.012,-105.200,4.412,-53.749,-84.800,4.412,-53.749,-84.800,4.824,-56.012,-105.200,4.196,-53.788,-105.200,4.608,-56.051,-84.800,4.196,-53.788,-105.200,4.608,-56.051,-84.800,4.608,-56.051,-84.800,4.196,-53.788,-105.200,4.412,-53.749,-105.200,4.196,-53.788,-84.800,4.412,-53.749,-105.200,4.196,-53.788,-84.800,4.196,-53.788,-84.800,4.412,-53.749,-84.800,4.824,-56.012,-84.800,4.608,-56.051,-105.200,4.824,-56.012,-84.800,4.608,-56.051,-105.200,4.608,-56.051,-105.200,4.824,-56.012,-84.800,4.550,-53.800,-84.800,4.050,-53.800,-84.800,4.550,-53.900,-84.800,4.050,-53.800,-84.800,4.050,-53.900,-84.800,4.550,-53.900,-105.200,4.550,-53.900,-105.200,4.050,-53.900,-105.200,4.550,-53.800,-105.200,4.050,-53.900,-105.200,4.050,-53.800,-105.200,4.550,-53.800,-105.200,4.550,-53.900,-105.200,4.550,-53.800,-84.800,4.550,-53.900,-105.200,4.550,-53.800,-84.800,4.550,-53.800,-84.800,4.550,-53.900,-105.200,4.050,-53.800,-105.200,4.050,-53.900,-84.800,4.050,-53.800,-105.200,4.050,-53.900,-84.800,4.050,-53.900,-84.800,4.050,-53.800,-105.200,4.550,-53.800,-105.200,4.050,-53.800,-84.800,4.550,-53.800,-105.200,4.050,-53.800,-84.800,4.050,-53.800,-84.800,4.550,-53.800,-84.800,4.550,-53.900,-84.800,4.050,-53.900,-105.200,4.550,-53.900,-84.800,4.050,-53.900,-105.200,4.050,-53.900,-105.200,4.550,-53.900,-168.500,4.412,344.749,-168.500,4.196,344.788,-168.500,4.824,347.012,-168.500,4.196,344.788,-168.500,4.608,347.051,-168.500,4.824,347.012,-151.500,4.824,347.012,-151.500,4.608,347.051,-151.500,4.412,344.749,-151.500,4.608,347.051,-151.500,4.196,344.788,-151.500,4.412,344.749,-151.500,4.824,347.012,-151.500,4.412,344.749,-168.500,4.824,347.012,-151.500,4.412,344.749,-168.500,4.412,344.749,-168.500,4.824,347.012,-151.500,4.196,344.788,-151.500,4.608,347.051,-168.500,4.196,344.788,-151.500,4.608,347.051,-168.500,4.608,347.051,-168.500,4.196,344.788;;ffffffT128
Mesh;24;;-37.000,7.000,-56.000,-37.000,0.000,-56.000,-37.000,7.000,-76.000,-37.000,0.000,-56.000,-37.000,0.000,-76.000,-37.000,7.000,-76.000,-63.000,7.000,-76.000,-63.000,0.000,-76.000,-63.000,7.000,-56.000,-63.000,0.000,-76.000,-63.000,0.000,-56.000,-63.000,7.000,-56.000,-63.000,7.000,-56.000,-63.000,0.000,-56.000,-37.000,7.000,-56.000,-63.000,0.000,-56.000,-37.000,0.000,-56.000,-37.000,7.000,-56.000,-37.000,7.000,-76.000,-37.000,0.000,-76.000,-63.000,7.000,-76.000,-37.000,0.000,-76.000,-63.000,0.000,-76.000,-63.000,7.000,-76.000;;ffffffT1024
Mesh;144;;-38.950,4.412,-53.749,-38.950,4.196,-53.788,-38.950,4.824,-56.012,-38.950,4.196,-53.788,-38.950,4.608,-56.051,-38.950,4.824,-56.012,-61.050,4.824,-56.012,-61.050,4.608,-56.051,-61.050,4.412,-53.749,-61.050,4.608,-56.051,-61.050,4.196,-53.788,-61.050,4.412,-53.749,-61.050,4.824,-56.012,-61.050,4.412,-53.749,-38.950,4.824,-56.012,-61.050,4.412,-53.749,-38.950,4.412,-53.749,-38.950,4.824,-56.012,-61.050,4.196,-53.788,-61.050,4.608,-56.051,-38.950,4.196,-53.788,-61.050,4.608,-56.051,-38.950,4.608,-56.051,-38.950,4.196,-53.788,-61.050,4.412,-53.749,-61.050,4.196,-53.788,-38.950,4.412,-53.749,-61.050,4.196,-53.788,-38.950,4.196,-53.788,-38.950,4.412,-53.749,-38.950,4.824,-56.012,-38.950,4.608,-56.051,-61.050,4.824,-56.012,-38.950,4.608,-56.051,-61.050,4.608,-56.051,-61.050,4.824,-56.012,-38.950,4.550,-53.800,-38.950,4.050,-53.800,-38.950,4.550,-53.900,-38.950,4.050,-53.800,-38.950,4.050,-53.900,-38.950,4.550,-53.900,-61.050,4.550,-53.900,-61.050,4.050,-53.900,-61.050,4.550,-53.800,-61.050,4.050,-53.900,-61.050,4.050,-53.800,-61.050,4.550,-53.800,-61.050,4.550,-53.900,-61.050,4.550,-53.800,-38.950,4.550,-53.900,-61.050,4.550,-53.800,-38.950,4.550,-53.800,-38.950,4.550,-53.900,-61.050,4.050,-53.800,-61.050,4.050,-53.900,-38.950,4.050,-53.800,-61.050,4.050,-53.900,-38.950,4.050,-53.900,-38.950,4.050,-53.800,-61.050,4.550,-53.800,-61.050,4.050,-53.800,-38.950,4.550,-53.800,-61.050,4.050,-53.800,-38.950,4.050,-53.800,-38.950,4.550,-53.800,-38.950,4.550,-53.900,-38.950,4.050,-53.900,-61.050,4.550,-53.900,-38.950,4.050,-53.900,-61.050,4.050,-53.900,-61.050,4.550,-53.900,-125.200,4.412,346.749,-125.200,4.196,346.788,-125.200,4.824,349.012,-125.200,4.196,346.788,-125.200,4.608,349.051,-125.200,4.824,349.012,-104.800,4.824,349.012,-104.800,4.608,349.051,-104.800,4.412,346.749,-104.800,4.608,349.051,-104.800,4.196,346.788,-104.800,4.412,346.749,-104.800,4.824,349.012,-104.800,4.412,346.749,-125.200,4.824,349.012,-104.800,4.412,346.749,-125.200,4.412,346.749,-125.200,4.824,349.012,-104.800,4.196,346.788,-104.800,4.608,349.051,-125.200,4.196,346.788,-104.800,4.608,349.051,-125.200,4.608,349.051,-125.200,4.196,346.788;;ffffffT128
Mesh;24;;-8.000,7.000,-56.000,-8.000,0.000,-56.000,-8.000,7.000,-76.000,-8.000,0.000,-56.000,-8.000,0.000,-76.000,-8.000,7.000,-76.000,-32.000,7.000,-76.000,-32.000,0.000,-76.000,-32.000,7.000,-56.000,-32.000,0.000,-76.000,-32.000,0.000,-56.000,-32.000,7.000,-56.000,-32.000,7.000,-56.000,-32.000,0.000,-56.000,-8.000,7.000,-56.000,-32.000,0.000,-56.000,-8.000,0.000,-56.000,-8.000,7.000,-56.000,-8.000,7.000,-76.000,-8.000,0.000,-76.000,-32.000,7.000,-76.000,-8.000,0.000,-76.000,-32.000,0.000,-76.000,-32.000,7.000,-76.000;;ffffffT1024
Mesh;144;;-9.800,4.412,-53.749,-9.800,4.196,-53.788,-9.800,4.824,-56.012,-9.800,4.196,-53.788,-9.800,4.608,-56.051,-9.800,4.824,-56.012,-30.200,4.824,-56.012,-30.200,4.608,-56.051,-30.200,4.412,-53.749,-30.200,4.608,-56.051,-30.200,4.196,-53.788,-30.200,4.412,-53.749,-30.200,4.824,-56.012,-30.200,4.412,-53.749,-9.800,4.824,-56.012,-30.200,4.412,-53.749,-9.800,4.412,-53.749,-9.800,4.824,-56.012,-30.200,4.196,-53.788,-30.200,4.608,-56.051,-9.800,4.196,-53.788,-30.200,4.608,-56.051,-9.800,4.608,-56.051,-9.800,4.196,-53.788,-30.200,4.412,-53.749,-30.200,4.196,-53.788,-9.800,4.412,-53.749,-30.200,4.196,-53.788,-9.800,4.196,-53.788,-9.800,4.412,-53.749,-9.800,4.824,-56.012,-9.800,4.608,-56.051,-30.200,4.824,-56.012,-9.800,4.608,-56.051,-30.200,4.608,-56.051,-30.200,4.824,-56.012,-9.800,4.550,-53.800,-9.800,4.050,-53.800,-9.800,4.550,-53.900,-9.800,4.050,-53.800,-9.800,4.050,-53.900,-9.800,4.550,-53.900,-30.200,4.550,-53.900,-30.200,4.050,-53.900,-30.200,4.550,-53.800,-30.200,4.050,-53.900,-30.200,4.050,-53.800,-30.200,4.550,-53.800,-30.200,4.550,-53.900,-30.200,4.550,-53.800,-9.800,4.550,-53.900,-30.200,4.550,-53.800,-9.800,4.550,-53.800,-9.800,4.550,-53.900,-30.200,4.050,-53.800,-30.200,4.050,-53.900,-9.800,4.050,-53.800,-30.200,4.050,-53.900,-9.800,4.050,-53.900,-9.800,4.050,-53.800,-30.200,4.550,-53.800,-30.200,4.050,-53.800,-9.800,4.550,-53.800,-30.200,4.050,-53.800,-9.800,4.050,-53.800,-9.800,4.550,-53.800,-9.800,4.550,-53.900,-9.800,4.050,-53.900,-30.200,4.550,-53.900,-9.800,4.050,-53.900,-30.200,4.050,-53.900,-30.200,4.550,-53.900,28.950,4.412,-268.251,28.950,4.196,-268.212,28.950,4.824,-265.988,28.950,4.196,-268.212,28.950,4.608,-265.949,28.950,4.824,-265.988,51.050,4.824,-265.988,51.050,4.608,-265.949,51.050,4.412,-268.251,51.050,4.608,-265.949,51.050,4.196,-268.212,51.050,4.412,-268.251,51.050,4.824,-265.988,51.050,4.412,-268.251,28.950,4.824,-265.988,51.050,4.412,-268.251,28.950,4.412,-268.251,28.950,4.824,-265.988,51.050,4.196,-268.212,51.050,4.608,-265.949,28.950,4.196,-268.212,51.050,4.608,-265.949,28.950,4.608,-265.949,28.950,4.196,-268.212;;ffffffT128
Mesh;24;;81.000,7.000,-56.000,81.000,0.000,-56.000,81.000,7.000,-76.000,81.000,0.000,-56.000,81.000,0.000,-76.000,81.000,7.000,-76.000,55.000,7.000,-76.000,55.000,0.000,-76.000,55.000,7.000,-56.000,55.000,0.000,-76.000,55.000,0.000,-56.000,55.000,7.000,-56.000,55.000,7.000,-56.000,55.000,0.000,-56.000,81.000,7.000,-56.000,55.000,0.000,-56.000,81.000,0.000,-56.000,81.000,7.000,-56.000,81.000,7.000,-76.000,81.000,0.000,-76.000,55.000,7.000,-76.000,81.000,0.000,-76.000,55.000,0.000,-76.000,55.000,7.000,-76.000;;ffffffT1024
Mesh;144;;79.050,4.412,-53.749,79.050,4.196,-53.788,79.050,4.824,-56.012,79.050,4.196,-53.788,79.050,4.608,-56.051,79.050,4.824,-56.012,56.950,4.824,-56.012,56.950,4.608,-56.051,56.950,4.412,-53.749,56.950,4.608,-56.051,56.950,4.196,-53.788,56.950,4.412,-53.749,56.950,4.824,-56.012,56.950,4.412,-53.749,79.050,4.824,-56.012,56.950,4.412,-53.749,79.050,4.412,-53.749,79.050,4.824,-56.012,56.950,4.196,-53.788,56.950,4.608,-56.051,79.050,4.196,-53.788,56.950,4.608,-56.051,79.050,4.608,-56.051,79.050,4.196,-53.788,56.950,4.412,-53.749,56.950,4.196,-53.788,79.050,4.412,-53.749,56.950,4.196,-53.788,79.050,4.196,-53.788,79.050,4.412,-53.749,79.050,4.824,-56.012,79.050,4.608,-56.051,56.950,4.824,-56.012,79.050,4.608,-56.051,56.950,4.608,-56.051,56.950,4.824,-56.012,79.050,4.550,-53.800,79.050,4.050,-53.800,79.050,4.550,-53.900,79.050,4.050,-53.800,79.050,4.050,-53.900,79.050,4.550,-53.900,56.950,4.550,-53.900,56.950,4.050,-53.900,56.950,4.550,-53.800,56.950,4.050,-53.900,56.950,4.050,-53.800,56.950,4.550,-53.800,56.950,4.550,-53.900,56.950,4.550,-53.800,79.050,4.550,-53.900,56.950,4.550,-53.800,79.050,4.550,-53.800,79.050,4.550,-53.900,56.950,4.050,-53.800,56.950,4.050,-53.900,79.050,4.050,-53.800,56.950,4.050,-53.900,79.050,4.050,-53.900,79.050,4.050,-53.800,56.950,4.550,-53.800,56.950,4.050,-53.800,79.050,4.550,-53.800,56.950,4.050,-53.800,79.050,4.050,-53.800,79.050,4.550,-53.800,79.050,4.550,-53.900,79.050,4.050,-53.900,56.950,4.550,-53.900,79.050,4.050,-53.900,56.950,4.050,-53.900,56.950,4.550,-53.900,71.800,4.412,-268.251,71.800,4.196,-268.212,71.800,4.824,-265.988,71.800,4.196,-268.212,71.800,4.608,-265.949,71.800,4.824,-265.988,92.200,4.824,-265.988,92.200,4.608,-265.949,92.200,4.412,-268.251,92.200,4.608,-265.949,92.200,4.196,-268.212,92.200,4.412,-268.251,92.200,4.824,-265.988,92.200,4.412,-268.251,71.800,4.824,-265.988,92.200,4.412,-268.251,71.800,4.412,-268.251,71.800,4.824,-265.988,92.200,4.196,-268.212,92.200,4.608,-265.949,71.800,4.196,-268.212,92.200,4.608,-265.949,71.800,4.608,-265.949,71.800,4.196,-268.212;;ffffffT128
Mesh;24;;183.000,7.000,-56.000,183.000,0.000,-56.000,183.000,7.000,-76.000,183.000,0.000,-56.000,183.000,0.000,-76.000,183.000,7.000,-76.000,157.000,7.000,-76.000,157.000,0.000,-76.000,157.000,7.000,-56.000,157.000,0.000,-76.000,157.000,0.000,-56.000,157.000,7.000,-56.000,157.000,7.000,-56.000,157.000,0.000,-56.000,183.000,7.000,-56.000,157.000,0.000,-56.000,183.000,0.000,-56.000,183.000,7.000,-56.000,183.000,7.000,-76.000,183.000,0.000,-76.000,157.000,7.000,-76.000,183.000,0.000,-76.000,157.000,0.000,-76.000,157.000,7.000,-76.000;;ffffffT1024
Mesh;72;;181.050,4.412,-53.749,181.050,4.196,-53.788,181.050,4.824,-56.012,181.050,4.196,-53.788,181.050,4.608,-56.051,181.050,4.824,-56.012,158.950,4.824,-56.012,158.950,4.608,-56.051,158.950,4.412,-53.749,158.950,4.608,-56.051,158.950,4.196,-53.788,158.950,4.412,-53.749,158.950,4.824,-56.012,158.950,4.412,-53.749,181.050,4.824,-56.012,158.950,4.412,-53.749,181.050,4.412,-53.749,181.050,4.824,-56.012,158.950,4.196,-53.788,158.950,4.608,-56.051,181.050,4.196,-53.788,158.950,4.608,-56.051,181.050,4.608,-56.051,181.050,4.196,-53.788,158.950,4.412,-53.749,158.950,4.196,-53.788,181.050,4.412,-53.749,158.950,4.196,-53.788,181.050,4.196,-53.788,181.050,4.412,-53.749,181.050,4.824,-56.012,181.050,4.608,-56.051,158.950,4.824,-56.012,181.050,4.608,-56.051,158.950,4.608,-56.051,158.950,4.824,-56.012,181.050,4.550,-53.800,181.050,4.050,-53.800,181.050,4.550,-53.900,181.050,4.050,-53.800,181.050,4.050,-53.900,181.050,4.550,-53.900,158.950,4.550,-53.900,158.950,4.050,-53.900,158.950,4.550,-53.800,158.950,4.050,-53.900,158.950,4.050,-53.800,158.950,4.550,-53.800,158.950,4.550,-53.900,158.950,4.550,-53.800,181.050,4.550,-53.900,158.950,4.550,-53.800,181.050,4.550,-53.800,181.050,4.550,-53.900,158.950,4.050,-53.800,158.950,4.050,-53.900,181.050,4.050,-53.800,158.950,4.050,-53.900,181.050,4.050,-53.900,181.050,4.050,-53.800,158.950,4.550,-53.800,158.950,4.050,-53.800,181.050,4.550,-53.800,158.950,4.050,-53.800,181.050,4.050,-53.800,181.050,4.550,-53.800,181.050,4.550,-53.900,181.050,4.050,-53.900,158.950,4.550,-53.900,181.050,4.050,-53.900,158.950,4.050,-53.900,158.950,4.550,-53.900;;ffffffT128
Mesh;24;;227.000,7.000,-56.000,227.000,0.000,-56.000,227.000,7.000,-76.000,227.000,0.000,-56.000,227.000,0.000,-76.000,227.000,7.000,-76.000,201.000,7.000,-76.000,201.000,0.000,-76.000,201.000,7.000,-56.000,201.000,0.000,-76.000,201.000,0.000,-56.000,201.000,7.000,-56.000,201.000,7.000,-56.000,201.000,0.000,-56.000,227.000,7.000,-56.000,201.000,0.000,-56.000,227.000,0.000,-56.000,227.000,7.000,-56.000,227.000,7.000,-76.000,227.000,0.000,-76.000,201.000,7.000,-76.000,227.000,0.000,-76.000,201.000,0.000,-76.000,201.000,7.000,-76.000;;ffffffT1024
Mesh;24;;270.000,7.000,-56.000,270.000,0.000,-56.000,270.000,7.000,-76.000,270.000,0.000,-56.000,270.000,0.000,-76.000,270.000,7.000,-76.000,246.000,7.000,-76.000,246.000,0.000,-76.000,246.000,7.000,-56.000,246.000,0.000,-76.000,246.000,0.000,-56.000,246.000,7.000,-56.000,246.000,7.000,-56.000,246.000,0.000,-56.000,270.000,7.000,-56.000,246.000,0.000,-56.000,270.000,0.000,-56.000,270.000,7.000,-56.000,270.000,7.000,-76.000,270.000,0.000,-76.000,246.000,7.000,-76.000,270.000,0.000,-76.000,246.000,0.000,-76.000,246.000,7.000,-76.000;;ffffffT1024
Mesh;24;;301.000,9.000,-175.000,301.000,0.000,-175.000,279.000,9.000,-175.000,301.000,0.000,-175.000,279.000,0.000,-175.000,279.000,9.000,-175.000,279.000,9.000,-145.000,279.000,0.000,-145.000,301.000,9.000,-145.000,279.000,0.000,-145.000,301.000,0.000,-145.000,301.000,9.000,-145.000,301.000,9.000,-145.000,301.000,0.000,-145.000,301.000,9.000,-175.000,301.000,0.000,-145.000,301.000,0.000,-175.000,301.000,9.000,-175.000,279.000,9.000,-175.000,279.000,0.000,-175.000,279.000,9.000,-145.000,279.000,0.000,-175.000,279.000,0.000,-145.000,279.000,9.000,-145.000;;ffffffT1024
Mesh;24;;301.000,9.000,-245.000,301.000,0.000,-245.000,279.000,9.000,-245.000,301.000,0.000,-245.000,279.000,0.000,-245.000,279.000,9.000,-245.000,279.000,9.000,-215.000,279.000,0.000,-215.000,301.000,9.000,-215.000,279.000,0.000,-215.000,301.000,0.000,-215.000,301.000,9.000,-215.000,301.000,9.000,-215.000,301.000,0.000,-215.000,301.000,9.000,-245.000,301.000,0.000,-215.000,301.000,0.000,-245.000,301.000,9.000,-245.000,279.000,9.000,-245.000,279.000,0.000,-245.000,279.000,9.000,-215.000,279.000,0.000,-245.000,279.000,0.000,-215.000,279.000,9.000,-215.000;;ffffffT1024
Mesh;24;;-22.000,12.000,-227.000,-22.000,0.000,-227.000,-22.000,12.000,-253.000,-22.000,0.000,-227.000,-22.000,0.000,-253.000,-22.000,12.000,-253.000,-62.000,12.000,-253.000,-62.000,0.000,-253.000,-62.000,12.000,-227.000,-62.000,0.000,-253.000,-62.000,0.000,-227.000,-62.000,12.000,-227.000,-62.000,12.000,-227.000,-62.000,0.000,-227.000,-22.000,12.000,-227.000,-62.000,0.000,-227.000,-22.000,0.000,-227.000,-22.000,12.000,-227.000,-22.000,12.000,-253.000,-22.000,0.000,-253.000,-62.000,12.000,-253.000,-22.000,0.000,-253.000,-62.000,0.000,-253.000,-62.000,12.000,-253.000;;ffffffT1024
Mesh;24;;237.000,12.000,-303.000,237.000,0.000,-303.000,237.000,12.000,-277.000,237.000,0.000,-303.000,237.000,0.000,-277.000,237.000,12.000,-277.000,273.000,12.000,-277.000,273.000,0.000,-277.000,273.000,12.000,-303.000,273.000,0.000,-277.000,273.000,0.000,-303.000,273.000,12.000,-303.000,273.000,12.000,-303.000,273.000,0.000,-303.000,237.000,12.000,-303.000,273.000,0.000,-303.000,237.000,0.000,-303.000,237.000,12.000,-303.000,237.000,12.000,-277.000,237.000,0.000,-277.000,273.000,12.000,-277.000,237.000,0.000,-277.000,273.000,0.000,-277.000,273.000,12.000,-277.000;;ffffffT1024
Mesh;24;;-110.000,8.000,-321.000,-110.000,0.000,-321.000,-110.000,8.000,-299.000,-110.000,0.000,-321.000,-110.000,0.000,-299.000,-110.000,8.000,-299.000,-80.000,8.000,-299.000,-80.000,0.000,-299.000,-80.000,8.000,-321.000,-80.000,0.000,-299.000,-80.000,0.000,-321.000,-80.000,8.000,-321.000,-80.000,8.000,-321.000,-80.000,0.000,-321.000,-110.000,8.000,-321.000,-80.000,0.000,-321.000,-110.000,0.000,-321.000,-110.000,8.000,-321.000,-110.000,8.000,-299.000,-110.000,0.000,-299.000,-80.000,8.000,-299.000,-110.000,0.000,-299.000,-80.000,0.000,-299.000,-80.000,8.000,-299.000;;ffffffT1024
Mesh;24;;-170.000,7.000,347.000,-170.000,0.000,347.000,-170.000,7.000,365.000,-170.000,0.000,347.000,-170.000,0.000,365.000,-170.000,7.000,365.000,-150.000,7.000,365.000,-150.000,0.000,365.000,-150.000,7.000,347.000,-150.000,0.000,365.000,-150.000,0.000,347.000,-150.000,7.000,347.000,-150.000,7.000,347.000,-150.000,0.000,347.000,-170.000,7.000,347.000,-150.000,0.000,347.000,-170.000,0.000,347.000,-170.000,7.000,347.000,-170.000,7.000,365.000,-170.000,0.000,365.000,-150.000,7.000,365.000,-170.000,0.000,365.000,-150.000,0.000,365.000,-150.000,7.000,365.000;;ffffffT1024
Mesh;24;;-127.000,7.000,349.000,-127.000,0.000,349.000,-127.000,7.000,367.000,-127.000,0.000,349.000,-127.000,0.000,367.000,-127.000,7.000,367.000,-103.000,7.000,367.000,-103.000,0.000,367.000,-103.000,7.000,349.000,-103.000,0.000,367.000,-103.000,0.000,349.000,-103.000,7.000,349.000,-103.000,7.000,349.000,-103.000,0.000,349.000,-127.000,7.000,349.000,-103.000,0.000,349.000,-127.000,0.000,349.000,-127.000,7.000,349.000,-127.000,7.000,367.000,-127.000,0.000,367.000,-103.000,7.000,367.000,-127.000,0.000,367.000,-103.000,0.000,367.000,-103.000,7.000,367.000;;ffffffT1024
Mesh;24;;27.000,7.000,-266.000,27.000,0.000,-266.000,27.000,7.000,-246.000,27.000,0.000,-266.000,27.000,0.000,-246.000,27.000,7.000,-246.000,53.000,7.000,-246.000,53.000,0.000,-246.000,53.000,7.000,-266.000,53.000,0.000,-246.000,53.000,0.000,-266.000,53.000,7.000,-266.000,53.000,7.000,-266.000,53.000,0.000,-266.000,27.000,7.000,-266.000,53.000,0.000,-266.000,27.000,0.000,-266.000,27.000,7.000,-266.000,27.000,7.000,-246.000,27.000,0.000,-246.000,53.000,7.000,-246.000,27.000,0.000,-246.000,53.000,0.000,-246.000,53.000,7.000,-246.000;;ffffffT1024
Mesh;24;;70.000,7.000,-266.000,70.000,0.000,-266.000,70.000,7.000,-246.000,70.000,0.000,-266.000,70.000,0.000,-246.000,70.000,7.000,-246.000,94.000,7.000,-246.000,94.000,0.000,-246.000,94.000,7.000,-266.000,94.000,0.000,-246.000,94.000,0.000,-266.000,94.000,7.000,-266.000,94.000,7.000,-266.000,94.000,0.000,-266.000,70.000,7.000,-266.000,94.000,0.000,-266.000,70.000,0.000,-266.000,70.000,7.000,-266.000,70.000,7.000,-246.000,70.000,0.000,-246.000,94.000,7.000,-246.000,70.000,0.000,-246.000,94.000,0.000,-246.000,94.000,7.000,-246.000;;ffffffT1024
Mesh;24;;187.000,7.000,-135.000,187.000,0.000,-135.000,187.000,7.000,-161.000,187.000,0.000,-135.000,187.000,0.000,-161.000,187.000,7.000,-161.000,153.000,7.000,-161.000,153.000,0.000,-161.000,153.000,7.000,-135.000,153.000,0.000,-161.000,153.000,0.000,-135.000,153.000,7.000,-135.000,153.000,7.000,-135.000,153.000,0.000,-135.000,187.000,7.000,-135.000,153.000,0.000,-135.000,187.000,0.000,-135.000,187.000,7.000,-135.000,187.000,7.000,-161.000,187.000,0.000,-161.000,153.000,7.000,-161.000,187.000,0.000,-161.000,153.000,0.000,-161.000,153.000,7.000,-161.000;;ffffffT1024
Mesh;24;;183.940,27.350,-138.640,183.940,7.000,-138.640,183.940,27.350,-159.960,183.940,7.000,-138.640,183.940,7.000,-159.960,183.940,27.350,-159.960,156.060,27.350,-159.960,156.060,7.000,-159.960,156.060,27.350,-138.640,156.060,7.000,-159.960,156.060,7.000,-138.640,156.060,27.350,-138.640,156.060,27.350,-138.640,156.060,7.000,-138.640,183.940,27.350,-138.640,156.060,7.000,-138.640,183.940,7.000,-138.640,183.940,27.350,-138.640,183.940,27.350,-159.960,183.940,7.000,-159.960,156.060,27.350,-159.960,183.940,7.000,-159.960,156.060,7.000,-159.960,156.060,27.350,-159.960;;ffffffT1024
Mesh;24;;179.792,39.190,-140.239,179.792,27.350,-140.239,179.792,39.190,-158.361,179.792,27.350,-140.239,179.792,27.350,-158.361,179.792,39.190,-158.361,157.488,39.190,-158.361,157.488,27.350,-158.361,157.488,39.190,-140.239,157.488,27.350,-158.361,157.488,27.350,-140.239,157.488,39.190,-140.239,157.488,39.190,-140.239,157.488,27.350,-140.239,179.792,39.190,-140.239,157.488,27.350,-140.239,179.792,27.350,-140.239,179.792,39.190,-140.239,179.792,39.190,-158.361,179.792,27.350,-158.361,157.488,39.190,-158.361,179.792,27.350,-158.361,157.488,27.350,-158.361,157.488,39.190,-158.361;;ffffffT1024
Mesh;48;;176.202,44.000,-141.598,176.202,39.190,-141.598,176.202,44.000,-157.002,176.202,39.190,-141.598,176.202,39.190,-157.002,176.202,44.000,-157.002,158.358,44.000,-157.002,158.358,39.190,-157.002,158.358,44.000,-141.598,158.358,39.190,-157.002,158.358,39.190,-141.598,158.358,44.000,-141.598,158.358,44.000,-141.598,158.358,39.190,-141.598,176.202,44.000,-141.598,158.358,39.190,-141.598,176.202,39.190,-141.598,176.202,44.000,-141.598,176.202,44.000,-157.002,176.202,39.190,-157.002,158.358,44.000,-157.002,176.202,39.190,-157.002,158.358,39.190,-157.002,158.358,44.000,-157.002,-37.360,33.100,-140.836,-37.360,23.500,-140.836,-37.360,33.100,-157.564,-37.360,23.500,-140.836,-37.360,23.500,-157.564,-37.360,33.100,-157.564,-57.040,33.100,-157.564,-57.040,23.500,-157.564,-57.040,33.100,-140.836,-57.040,23.500,-157.564,-57.040,23.500,-140.836,-57.040,33.100,-140.836,-57.040,33.100,-140.836,-57.040,23.500,-140.836,-37.360,33.100,-140.836,-57.040,23.500,-140.836,-37.360,23.500,-140.836,-37.360,33.100,-140.836,-37.360,33.100,-157.564,-37.360,23.500,-157.564,-57.040,33.100,-157.564,-37.360,23.500,-157.564,-57.040,23.500,-157.564,-57.040,33.100,-157.564;;ffffffT1024
Mesh;288;;170.920,4.900,-139.153,170.920,4.400,-139.153,170.920,4.900,-143.153,170.920,4.400,-139.153,170.920,4.400,-143.153,170.920,4.900,-143.153,160.920,4.900,-143.153,160.920,4.400,-143.153,160.920,4.900,-139.153,160.920,4.400,-143.153,160.920,4.400,-139.153,160.920,4.900,-139.153,160.920,4.900,-143.153,160.920,4.900,-139.153,170.920,4.900,-143.153,160.920,4.900,-139.153,170.920,4.900,-139.153,170.920,4.900,-143.153,160.920,4.400,-139.153,160.920,4.400,-143.153,170.920,4.400,-139.153,160.920,4.400,-143.153,170.920,4.400,-143.153,170.920,4.400,-139.153,160.920,4.900,-139.153,160.920,4.400,-139.153,170.920,4.900,-139.153,160.920,4.400,-139.153,170.920,4.400,-139.153,170.920,4.900,-139.153,170.920,4.900,-143.153,170.920,4.400,-143.153,160.920,4.900,-143.153,170.920,4.400,-143.153,160.920,4.400,-143.153,160.920,4.900,-143.153,234.600,4.900,-140.491,234.600,4.400,-140.491,234.600,4.900,-144.491,234.600,4.400,-140.491,234.600,4.400,-144.491,234.600,4.900,-144.491,224.600,4.900,-144.491,224.600,4.400,-144.491,224.600,4.900,-140.491,224.600,4.400,-144.491,224.600,4.400,-140.491,224.600,4.900,-140.491,224.600,4.900,-144.491,224.600,4.900,-140.491,234.600,4.900,-144.491,224.600,4.900,-140.491,234.600,4.900,-140.491,234.600,4.900,-144.491,224.600,4.400,-140.491,224.600,4.400,-144.491,234.600,4.400,-140.491,224.600,4.400,-144.491,234.600,4.400,-144.491,234.600,4.400,-140.491,224.600,4.900,-140.491,224.600,4.400,-140.491,234.600,4.900,-140.491,224.600,4.400,-140.491,234.600,4.400,-140.491,234.600,4.900,-140.491,234.600,4.900,-144.491,234.600,4.400,-144.491,224.600,4.900,-144.491,234.600,4.400,-144.491,224.600,4.400,-144.491,224.600,4.900,-144.491,106.920,4.900,-130.983,106.920,4.400,-130.983,106.920,4.900,-134.983,106.920,4.400,-130.983,106.920,4.400,-134.983,106.920,4.900,-134.983,96.920,4.900,-134.983,96.920,4.400,-134.983,96.920,4.900,-130.983,96.920,4.400,-134.983,96.920,4.400,-130.983,96.920,4.900,-130.983,96.920,4.900,-134.983,96.920,4.900,-130.983,106.920,4.900,-134.983,96.920,4.900,-130.983,106.920,4.900,-130.983,106.920,4.900,-134.983,96.920,4.400,-130.983,96.920,4.400,-134.983,106.920,4.400,-130.983,96.920,4.400,-134.983,106.920,4.400,-134.983,106.920,4.400,-130.983;;3a4a55
Mesh;24;;247.000,7.000,-138.000,247.000,0.000,-138.000,247.000,7.000,-162.000,247.000,0.000,-138.000,247.000,0.000,-162.000,247.000,7.000,-162.000,217.000,7.000,-162.000,217.000,0.000,-162.000,217.000,7.000,-138.000,217.000,0.000,-162.000,217.000,0.000,-138.000,217.000,7.000,-138.000,217.000,7.000,-138.000,217.000,0.000,-138.000,247.000,7.000,-138.000,217.000,0.000,-138.000,247.000,0.000,-138.000,247.000,7.000,-138.000,247.000,7.000,-162.000,247.000,0.000,-162.000,217.000,7.000,-162.000,247.000,0.000,-162.000,217.000,0.000,-162.000,217.000,7.000,-162.000;;ffffffT1024
Mesh;24;;244.300,21.300,-141.360,244.300,7.000,-141.360,244.300,21.300,-161.040,244.300,7.000,-141.360,244.300,7.000,-161.040,244.300,21.300,-161.040,219.700,21.300,-161.040,219.700,7.000,-161.040,219.700,21.300,-141.360,219.700,7.000,-161.040,219.700,7.000,-141.360,219.700,21.300,-141.360,219.700,21.300,-141.360,219.700,7.000,-141.360,244.300,21.300,-141.360,219.700,7.000,-141.360,244.300,7.000,-141.360,244.300,21.300,-141.360,244.300,21.300,-161.040,244.300,7.000,-161.040,219.700,21.300,-161.040,244.300,7.000,-161.040,219.700,7.000,-161.040,219.700,21.300,-161.040;;ffffffT1024
Mesh;24;;240.640,33.000,-142.836,240.640,21.300,-142.836,240.640,33.000,-159.564,240.640,21.300,-142.836,240.640,21.300,-159.564,240.640,33.000,-159.564,220.960,33.000,-159.564,220.960,21.300,-159.564,220.960,33.000,-142.836,220.960,21.300,-159.564,220.960,21.300,-142.836,220.960,33.000,-142.836,220.960,33.000,-142.836,220.960,21.300,-142.836,240.640,33.000,-142.836,220.960,21.300,-142.836,240.640,21.300,-142.836,240.640,33.000,-142.836,240.640,33.000,-159.564,240.640,21.300,-159.564,220.960,33.000,-159.564,240.640,21.300,-159.564,220.960,21.300,-159.564,220.960,33.000,-159.564;;ffffffT1024
Mesh;24;;117.000,7.000,-129.000,117.000,0.000,-129.000,117.000,7.000,-151.000,117.000,0.000,-129.000,117.000,0.000,-151.000,117.000,7.000,-151.000,91.000,7.000,-151.000,91.000,0.000,-151.000,91.000,7.000,-129.000,91.000,0.000,-151.000,91.000,0.000,-129.000,91.000,7.000,-129.000,91.000,7.000,-129.000,91.000,0.000,-129.000,117.000,7.000,-129.000,91.000,0.000,-129.000,117.000,0.000,-129.000,117.000,7.000,-129.000,117.000,7.000,-151.000,117.000,0.000,-151.000,91.000,7.000,-151.000,117.000,0.000,-151.000,91.000,0.000,-151.000,91.000,7.000,-151.000;;ffffffT1024
Mesh;24;;114.660,18.000,-132.080,114.660,7.000,-132.080,114.660,18.000,-150.120,114.660,7.000,-132.080,114.660,7.000,-150.120,114.660,18.000,-150.120,93.340,18.000,-150.120,93.340,7.000,-150.120,93.340,18.000,-132.080,93.340,7.000,-150.120,93.340,7.000,-132.080,93.340,18.000,-132.080,93.340,18.000,-132.080,93.340,7.000,-132.080,114.660,18.000,-132.080,93.340,7.000,-132.080,114.660,7.000,-132.080,114.660,18.000,-132.080,114.660,18.000,-150.120,114.660,7.000,-150.120,93.340,18.000,-150.120,114.660,7.000,-150.120,93.340,7.000,-150.120,93.340,18.000,-150.120;;ffffffT1024
Mesh;24;;111.488,27.000,-133.433,111.488,18.000,-133.433,111.488,27.000,-148.767,111.488,18.000,-133.433,111.488,18.000,-148.767,111.488,27.000,-148.767,94.432,27.000,-148.767,94.432,18.000,-148.767,94.432,27.000,-133.433,94.432,18.000,-148.767,94.432,18.000,-133.433,94.432,27.000,-133.433,94.432,27.000,-133.433,94.432,18.000,-133.433,111.488,27.000,-133.433,94.432,18.000,-133.433,111.488,18.000,-133.433,111.488,27.000,-133.433,111.488,27.000,-148.767,111.488,18.000,-148.767,94.432,27.000,-148.767,111.488,18.000,-148.767,94.432,18.000,-148.767,94.432,27.000,-148.767;;ffffffT1024
Mesh;24;;-31.000,7.000,-136.000,-31.000,0.000,-136.000,-31.000,7.000,-160.000,-31.000,0.000,-136.000,-31.000,0.000,-160.000,-31.000,7.000,-160.000,-61.000,7.000,-160.000,-61.000,0.000,-160.000,-61.000,7.000,-136.000,-61.000,0.000,-160.000,-61.000,0.000,-136.000,-61.000,7.000,-136.000,-61.000,7.000,-136.000,-61.000,0.000,-136.000,-31.000,7.000,-136.000,-61.000,0.000,-136.000,-31.000,0.000,-136.000,-31.000,7.000,-136.000,-31.000,7.000,-160.000,-31.000,0.000,-160.000,-61.000,7.000,-160.000,-31.000,0.000,-160.000,-61.000,0.000,-160.000,-61.000,7.000,-160.000;;ffffffT1024
Mesh;24;;-33.700,23.500,-139.360,-33.700,7.000,-139.360,-33.700,23.500,-159.040,-33.700,7.000,-139.360,-33.700,7.000,-159.040,-33.700,23.500,-159.040,-58.300,23.500,-159.040,-58.300,7.000,-159.040,-58.300,23.500,-139.360,-58.300,7.000,-159.040,-58.300,7.000,-139.360,-58.300,23.500,-139.360,-58.300,23.500,-139.360,-58.300,7.000,-139.360,-33.700,23.500,-139.360,-58.300,7.000,-139.360,-33.700,7.000,-139.360,-33.700,23.500,-139.360,-33.700,23.500,-159.040,-33.700,7.000,-159.040,-58.300,23.500,-159.040,-33.700,7.000,-159.040,-58.300,7.000,-159.040,-58.300,23.500,-159.040;;ffffffT1024
Mesh;24;;-40.528,37.000,-142.091,-40.528,33.100,-142.091,-40.528,37.000,-156.309,-40.528,33.100,-142.091,-40.528,33.100,-156.309,-40.528,37.000,-156.309,-56.272,37.000,-156.309,-56.272,33.100,-156.309,-56.272,37.000,-142.091,-56.272,33.100,-156.309,-56.272,33.100,-142.091,-56.272,37.000,-142.091,-56.272,37.000,-142.091,-56.272,33.100,-142.091,-40.528,37.000,-142.091,-56.272,33.100,-142.091,-40.528,33.100,-142.091,-40.528,37.000,-142.091,-40.528,37.000,-156.309,-40.528,33.100,-156.309,-56.272,37.000,-156.309,-40.528,33.100,-156.309,-56.272,33.100,-156.309,-56.272,37.000,-156.309;;ffffffT1024
Mesh;24;;-86.000,7.000,-139.000,-86.000,0.000,-139.000,-86.000,7.000,-161.000,-86.000,0.000,-139.000,-86.000,0.000,-161.000,-86.000,7.000,-161.000,-114.000,7.000,-161.000,-114.000,0.000,-161.000,-114.000,7.000,-139.000,-114.000,0.000,-161.000,-114.000,0.000,-139.000,-114.000,7.000,-139.000,-114.000,7.000,-139.000,-114.000,0.000,-139.000,-86.000,7.000,-139.000,-114.000,0.000,-139.000,-86.000,0.000,-139.000,-86.000,7.000,-139.000,-86.000,7.000,-161.000,-86.000,0.000,-161.000,-114.000,7.000,-161.000,-86.000,0.000,-161.000,-114.000,0.000,-161.000,-114.000,7.000,-161.000;;ffffffT1024
Mesh;24;;-88.520,17.450,-142.080,-88.520,7.000,-142.080,-88.520,17.450,-160.120,-88.520,7.000,-142.080,-88.520,7.000,-160.120,-88.520,17.450,-160.120,-111.480,17.450,-160.120,-111.480,7.000,-160.120,-111.480,17.450,-142.080,-111.480,7.000,-160.120,-111.480,7.000,-142.080,-111.480,17.450,-142.080,-111.480,17.450,-142.080,-111.480,7.000,-142.080,-88.520,17.450,-142.080,-111.480,7.000,-142.080,-88.520,7.000,-142.080,-88.520,17.450,-142.080,-88.520,17.450,-160.120,-88.520,7.000,-160.120,-111.480,17.450,-160.120,-88.520,7.000,-160.120,-111.480,7.000,-160.120,-111.480,17.450,-160.120;;ffffffT1024
Mesh;24;;-91.936,26.000,-143.433,-91.936,17.450,-143.433,-91.936,26.000,-158.767,-91.936,17.450,-143.433,-91.936,17.450,-158.767,-91.936,26.000,-158.767,-110.304,26.000,-158.767,-110.304,17.450,-158.767,-110.304,26.000,-143.433,-110.304,17.450,-158.767,-110.304,17.450,-143.433,-110.304,26.000,-143.433,-110.304,26.000,-143.433,-110.304,17.450,-143.433,-91.936,26.000,-143.433,-110.304,17.450,-143.433,-91.936,17.450,-143.433,-91.936,26.000,-143.433,-91.936,26.000,-158.767,-91.936,17.450,-158.767,-110.304,26.000,-158.767,-91.936,17.450,-158.767,-110.304,17.450,-158.767,-110.304,26.000,-158.767;;ffffffT1024
Mesh;60;;-721.000,9.000,-30.000,-721.000,0.000,-30.000,-739.000,9.000,-30.000,-721.000,0.000,-30.000,-739.000,0.000,-30.000,-739.000,9.000,-30.000,-739.000,9.000,-6.000,-739.000,0.000,-6.000,-721.000,9.000,-6.000,-739.000,0.000,-6.000,-721.000,0.000,-6.000,-721.000,9.000,-6.000,-721.000,9.000,-6.000,-721.000,0.000,-6.000,-721.000,9.000,-30.000,-721.000,0.000,-6.000,-721.000,0.000,-30.000,-721.000,9.000,-30.000,-739.000,9.000,-30.000,-739.000,0.000,-30.000,-739.000,9.000,-6.000,-739.000,0.000,-30.000,-739.000,0.000,-6.000,-739.000,9.000,-6.000,-727.750,16.000,-11.250,-727.750,0.000,-11.250,-732.250,16.000,-11.250,-727.750,0.000,-11.250,-732.250,0.000,-11.250,-732.250,16.000,-11.250,-732.250,16.000,-6.750,-732.250,0.000,-6.750,-727.750,16.000,-6.750,-732.250,0.000,-6.750,-727.750,0.000,-6.750,-727.750,16.000,-6.750,-732.250,16.000,-6.750,-727.750,16.000,-6.750,-732.250,16.000,-11.250,-727.750,16.000,-6.750,-727.750,16.000,-11.250,-732.250,16.000,-11.250,-727.750,0.000,-6.750,-732.250,0.000,-6.750,-727.750,0.000,-11.250,-732.250,0.000,-6.750,-732.250,0.000,-11.250,-727.750,0.000,-11.250,-727.750,16.000,-6.750,-727.750,0.000,-6.750,-727.750,16.000,-11.250,-727.750,0.000,-6.750,-727.750,0.000,-11.250,-727.750,16.000,-11.250,-732.250,16.000,-11.250,-732.250,0.000,-11.250,-732.250,16.000,-6.750,-732.250,0.000,-11.250,-732.250,0.000,-6.750,-732.250,16.000,-6.750;;ffffffT1024
Mesh;66;;-739.000,9.000,-6.000,-721.000,9.000,-6.000,-739.000,9.000,-30.000,-721.000,9.000,-6.000,-721.000,9.000,-30.000,-739.000,9.000,-30.000,-739.600,9.000,-30.600,-739.600,9.000,-5.400,-739.600,14.000,-18.000,-720.400,14.000,-18.000,-720.400,9.000,-5.400,-720.400,9.000,-30.600,-739.600,9.000,-30.600,-739.600,14.000,-18.000,-720.400,9.000,-30.600,-739.600,14.000,-18.000,-720.400,14.000,-18.000,-720.400,9.000,-30.600,-739.600,14.000,-18.000,-739.600,9.000,-5.400,-720.400,14.000,-18.000,-739.600,9.000,-5.400,-720.400,9.000,-5.400,-720.400,14.000,-18.000,-739.600,9.000,-5.400,-739.600,9.000,-30.600,-720.400,9.000,-5.400,-739.600,9.000,-30.600,-720.400,9.000,-30.600,-720.400,9.000,-5.400,-730.000,22.000,-9.000,-727.596,16.000,-11.404,-730.000,22.000,-9.000,-727.596,16.000,-11.404,-732.404,16.000,-11.404,-730.000,22.000,-9.000,-730.000,22.000,-9.000,-732.404,16.000,-11.404,-730.000,22.000,-9.000,-732.404,16.000,-11.404,-732.404,16.000,-6.596,-730.000,22.000,-9.000,-730.000,22.000,-9.000,-732.404,16.000,-6.596,-730.000,22.000,-9.000,-732.404,16.000,-6.596,-727.596,16.000,-6.596,-730.000,22.000,-9.000,-730.000,22.000,-9.000,-727.596,16.000,-6.596,-730.000,22.000,-9.000,-727.596,16.000,-6.596,-727.596,16.000,-11.404,-730.000,22.000,-9.000,-732.404,16.000,-11.404,-727.596,16.000,-11.404,-730.000,16.000,-9.000,-732.404,16.000,-6.596,-732.404,16.000,-11.404,-730.000,16.000,-9.000,-727.596,16.000,-6.596,-732.404,16.000,-6.596,-730.000,16.000,-9.000,-727.596,16.000,-11.404,-727.596,16.000,-6.596,-730.000,16.000,-9.000;;4d5560T2048
Mesh;60;;-731.600,7.000,-11.400,-731.522,7.494,-11.400,-730.000,7.000,-11.400,-731.522,7.494,-11.400,-731.294,7.940,-11.400,-730.000,7.000,-11.400,-731.294,7.940,-11.400,-730.940,8.294,-11.400,-730.000,7.000,-11.400,-730.940,8.294,-11.400,-730.494,8.522,-11.400,-730.000,7.000,-11.400,-730.494,8.522,-11.400,-730.000,8.600,-11.400,-730.000,7.000,-11.400,-730.000,8.600,-11.400,-729.506,8.522,-11.400,-730.000,7.000,-11.400,-729.506,8.522,-11.400,-729.060,8.294,-11.400,-730.000,7.000,-11.400,-729.060,8.294,-11.400,-728.706,7.940,-11.400,-730.000,7.000,-11.400,-728.706,7.940,-11.400,-728.478,7.494,-11.400,-730.000,7.000,-11.400,-728.478,7.494,-11.400,-728.400,7.000,-11.400,-730.000,7.000,-11.400,-728.400,7.000,-11.400,-728.478,6.506,-11.400,-730.000,7.000,-11.400,-728.478,6.506,-11.400,-728.706,6.060,-11.400,-730.000,7.000,-11.400,-728.706,6.060,-11.400,-729.060,5.706,-11.400,-730.000,7.000,-11.400,-729.060,5.706,-11.400,-729.506,5.478,-11.400,-730.000,7.000,-11.400,-729.506,5.478,-11.400,-730.000,5.400,-11.400,-730.000,7.000,-11.400,-730.000,5.400,-11.400,-730.494,5.478,-11.400,-730.000,7.000,-11.400,-730.494,5.478,-11.400,-730.940,5.706,-11.400,-730.000,7.000,-11.400,-730.940,5.706,-11.400,-731.294,6.060,-11.400,-730.000,7.000,-11.400,-731.294,6.060,-11.400,-731.522,6.506,-11.400,-730.000,7.000,-11.400,-731.522,6.506,-11.400,-731.600,7.000,-11.400,-730.000,7.000,-11.400;;5a7a9a
Mesh;36;;-720.480,4.400,-23.300,-720.480,-0.000,-23.300,-720.880,4.400,-23.300,-720.480,-0.000,-23.300,-720.880,-0.000,-23.300,-720.880,4.400,-23.300,-720.880,4.400,-19.900,-720.880,-0.000,-19.900,-720.480,4.400,-19.900,-720.880,-0.000,-19.900,-720.480,-0.000,-19.900,-720.480,4.400,-19.900,-720.880,4.400,-19.900,-720.480,4.400,-19.900,-720.880,4.400,-23.300,-720.480,4.400,-19.900,-720.480,4.400,-23.300,-720.880,4.400,-23.300,-720.480,-0.000,-19.900,-720.880,-0.000,-19.900,-720.480,-0.000,-23.300,-720.880,-0.000,-19.900,-720.880,-0.000,-23.300,-720.480,-0.000,-23.300,-720.480,4.400,-19.900,-720.480,-0.000,-19.900,-720.480,4.400,-23.300,-720.480,-0.000,-19.900,-720.480,-0.000,-23.300,-720.480,4.400,-23.300,-720.880,4.400,-23.300,-720.880,-0.000,-23.300,-720.880,4.400,-19.900,-720.880,-0.000,-23.300,-720.880,-0.000,-19.900,-720.880,4.400,-19.900;;5a3e2e
Mesh;24;;364.150,5.500,379.400,364.150,0.000,379.400,364.150,5.500,392.400,364.150,0.000,379.400,364.150,0.000,392.400,364.150,5.500,392.400,379.450,5.500,392.400,379.450,0.000,392.400,379.450,5.500,379.400,379.450,0.000,392.400,379.450,0.000,379.400,379.450,5.500,379.400,379.450,5.500,379.400,379.450,0.000,379.400,364.150,5.500,379.400,379.450,0.000,379.400,364.150,0.000,379.400,364.150,5.500,379.400,364.150,5.500,392.400,364.150,0.000,392.400,379.450,5.500,392.400,364.150,0.000,392.400,379.450,0.000,392.400,379.450,5.500,392.400;;ffffffT1024
Mesh;36;;348.000,6.500,370.300,348.000,5.800,370.300,348.000,6.500,385.900,348.000,5.800,370.300,348.000,5.800,385.900,348.000,6.500,385.900,375.200,6.500,385.900,375.200,5.800,385.900,375.200,6.500,370.300,375.200,5.800,385.900,375.200,5.800,370.300,375.200,6.500,370.300,375.200,6.500,385.900,375.200,6.500,370.300,348.000,6.500,385.900,375.200,6.500,370.300,348.000,6.500,370.300,348.000,6.500,385.900,375.200,5.800,370.300,375.200,5.800,385.900,348.000,5.800,370.300,375.200,5.800,385.900,348.000,5.800,385.900,348.000,5.800,370.300,375.200,6.500,370.300,375.200,5.800,370.300,348.000,6.500,370.300,375.200,5.800,370.300,348.000,5.800,370.300,348.000,6.500,370.300,348.000,6.500,385.900,348.000,5.800,385.900,375.200,6.500,385.900,348.000,5.800,385.900,375.200,5.800,385.900,375.200,6.500,385.900;;e8e4da
Mesh;6;;352.200,7.700,371.600,352.200,5.100,371.600,347.200,7.700,371.600,352.200,5.100,371.600,347.200,5.100,371.600,347.200,7.700,371.600;;ffffffT256
Mesh;24;;-154.000,9.000,-127.000,-154.000,0.000,-127.000,-154.000,9.000,-157.000,-154.000,0.000,-127.000,-154.000,0.000,-157.000,-154.000,9.000,-157.000,-190.000,9.000,-157.000,-190.000,0.000,-157.000,-190.000,9.000,-127.000,-190.000,0.000,-157.000,-190.000,0.000,-127.000,-190.000,9.000,-127.000,-190.000,9.000,-127.000,-190.000,0.000,-127.000,-154.000,9.000,-127.000,-190.000,0.000,-127.000,-154.000,0.000,-127.000,-154.000,9.000,-127.000,-154.000,9.000,-157.000,-154.000,0.000,-157.000,-190.000,9.000,-157.000,-154.000,0.000,-157.000,-190.000,0.000,-157.000,-190.000,9.000,-157.000;;ffffffT1024
Mesh;24;;-156.160,41.500,-128.800,-156.160,9.000,-128.800,-156.160,41.500,-155.200,-156.160,9.000,-128.800,-156.160,9.000,-155.200,-156.160,41.500,-155.200,-187.840,41.500,-155.200,-187.840,9.000,-155.200,-187.840,41.500,-128.800,-187.840,9.000,-155.200,-187.840,9.000,-128.800,-187.840,41.500,-128.800,-187.840,41.500,-128.800,-187.840,9.000,-128.800,-156.160,41.500,-128.800,-187.840,9.000,-128.800,-156.160,9.000,-128.800,-156.160,41.500,-128.800,-156.160,41.500,-155.200,-156.160,9.000,-155.200,-187.840,41.500,-155.200,-156.160,9.000,-155.200,-187.840,9.000,-155.200,-187.840,41.500,-155.200;;ffffffT1024
Mesh;324;;-155.860,42.050,-128.500,-155.860,41.500,-128.500,-155.860,42.050,-155.500,-155.860,41.500,-128.500,-155.860,41.500,-155.500,-155.860,42.050,-155.500,-188.140,42.050,-155.500,-188.140,41.500,-155.500,-188.140,42.050,-128.500,-188.140,41.500,-155.500,-188.140,41.500,-128.500,-188.140,42.050,-128.500,-188.140,42.050,-155.500,-188.140,42.050,-128.500,-155.860,42.050,-155.500,-188.140,42.050,-128.500,-155.860,42.050,-128.500,-155.860,42.050,-155.500,-188.140,41.500,-128.500,-188.140,41.500,-155.500,-155.860,41.500,-128.500,-188.140,41.500,-155.500,-155.860,41.500,-155.500,-155.860,41.500,-128.500,-188.140,42.050,-128.500,-188.140,41.500,-128.500,-155.860,42.050,-128.500,-188.140,41.500,-128.500,-155.860,41.500,-128.500,-155.860,42.050,-128.500,-155.860,42.050,-155.500,-155.860,41.500,-155.500,-188.140,42.050,-155.500,-155.860,41.500,-155.500,-188.140,41.500,-155.500,-188.140,42.050,-155.500,-158.711,61.550,-130.876,-158.711,61.000,-130.876,-158.711,61.550,-153.124,-158.711,61.000,-130.876,-158.711,61.000,-153.124,-158.711,61.550,-153.124,-185.289,61.550,-153.124,-185.289,61.000,-153.124,-185.289,61.550,-130.876,-185.289,61.000,-153.124,-185.289,61.000,-130.876,-185.289,61.550,-130.876,-185.289,61.550,-153.124,-185.289,61.550,-130.876,-158.711,61.550,-153.124,-185.289,61.550,-130.876,-158.711,61.550,-130.876,-158.711,61.550,-153.124,-185.289,61.000,-130.876,-185.289,61.000,-153.124,-158.711,61.000,-130.876,-185.289,61.000,-153.124,-158.711,61.000,-153.124,-158.711,61.000,-130.876,-185.289,61.550,-130.876,-185.289,61.000,-130.876,-158.711,61.550,-130.876,-185.289,61.000,-130.876,-158.711,61.000,-130.876,-158.711,61.550,-130.876,-158.711,61.550,-153.124,-158.711,61.000,-153.124,-185.289,61.550,-153.124,-158.711,61.000,-153.124,-185.289,61.000,-153.124,-185.289,61.550,-153.124,-161.049,74.550,-132.824,-161.049,74.000,-132.824,-161.049,74.550,-151.176,-161.049,74.000,-132.824,-161.049,74.000,-151.176,-161.049,74.550,-151.176,-182.951,74.550,-151.176,-182.951,74.000,-151.176,-182.951,74.550,-132.824,-182.951,74.000,-151.176,-182.951,74.000,-132.824,-182.951,74.550,-132.824,-182.951,74.550,-151.176,-182.951,74.550,-132.824,-161.049,74.550,-151.176,-182.951,74.550,-132.824,-161.049,74.550,-132.824,-161.049,74.550,-151.176,-182.951,74.000,-132.824,-182.951,74.000,-151.176,-161.049,74.000,-132.824,-182.951,74.000,-151.176,-161.049,74.000,-151.176,-161.049,74.000,-132.824;;dde3e6
Mesh;24;;-159.011,61.000,-131.176,-159.011,41.500,-131.176,-159.011,61.000,-152.824,-159.011,41.500,-131.176,-159.011,41.500,-152.824,-159.011,61.000,-152.824,-184.989,61.000,-152.824,-184.989,41.500,-152.824,-184.989,61.000,-131.176,-184.989,41.500,-152.824,-184.989,41.500,-131.176,-184.989,61.000,-131.176,-184.989,61.000,-131.176,-184.989,41.500,-131.176,-159.011,61.000,-131.176,-184.989,41.500,-131.176,-159.011,41.500,-131.176,-159.011,61.000,-131.176,-159.011,61.000,-152.824,-159.011,41.500,-152.824,-184.989,61.000,-152.824,-159.011,41.500,-152.824,-184.989,41.500,-152.824,-184.989,61.000,-152.824;;ffffffT1024
Mesh;48;;-161.349,74.000,-133.124,-161.349,61.000,-133.124,-161.349,74.000,-150.876,-161.349,61.000,-133.124,-161.349,61.000,-150.876,-161.349,74.000,-150.876,-182.651,74.000,-150.876,-182.651,61.000,-150.876,-182.651,74.000,-133.124,-182.651,61.000,-150.876,-182.651,61.000,-133.124,-182.651,74.000,-133.124,-182.651,74.000,-133.124,-182.651,61.000,-133.124,-161.349,74.000,-133.124,-182.651,61.000,-133.124,-161.349,61.000,-133.124,-161.349,74.000,-133.124,-161.349,74.000,-150.876,-161.349,61.000,-150.876,-182.651,74.000,-150.876,-161.349,61.000,-150.876,-182.651,61.000,-150.876,-182.651,74.000,-150.876,81.898,41.800,-329.381,81.898,29.500,-329.381,81.898,41.800,-310.619,81.898,29.500,-329.381,81.898,29.500,-310.619,81.898,41.800,-310.619,102.102,41.800,-310.619,102.102,29.500,-310.619,102.102,41.800,-329.381,102.102,29.500,-310.619,102.102,29.500,-329.381,102.102,41.800,-329.381,102.102,41.800,-329.381,102.102,29.500,-329.381,81.898,41.800,-329.381,102.102,29.500,-329.381,81.898,29.500,-329.381,81.898,41.800,-329.381,81.898,41.800,-310.619,81.898,29.500,-310.619,102.102,41.800,-310.619,81.898,29.500,-310.619,102.102,29.500,-310.619,102.102,41.800,-310.619;;ffffffT1024
Mesh;36;;-162.917,76.400,-134.431,-162.917,74.000,-134.431,-162.917,76.400,-149.569,-162.917,74.000,-134.431,-162.917,74.000,-149.569,-162.917,76.400,-149.569,-181.083,76.400,-149.569,-181.083,74.000,-149.569,-181.083,76.400,-134.431,-181.083,74.000,-149.569,-181.083,74.000,-134.431,-181.083,76.400,-134.431,-181.083,76.400,-149.569,-181.083,76.400,-134.431,-162.917,76.400,-149.569,-181.083,76.400,-134.431,-162.917,76.400,-134.431,-162.917,76.400,-149.569,-181.083,74.000,-134.431,-181.083,74.000,-149.569,-162.917,74.000,-134.431,-181.083,74.000,-149.569,-162.917,74.000,-149.569,-162.917,74.000,-134.431,-181.083,76.400,-134.431,-181.083,74.000,-134.431,-162.917,76.400,-134.431,-181.083,74.000,-134.431,-162.917,74.000,-134.431,-162.917,76.400,-134.431,-162.917,76.400,-149.569,-162.917,74.000,-149.569,-181.083,76.400,-149.569,-162.917,74.000,-149.569,-181.083,74.000,-149.569,-181.083,76.400,-149.569;;2e3f4a
Mesh;108;;-167.196,79.800,-137.997,-167.196,76.400,-137.997,-167.196,79.800,-146.003,-167.196,76.400,-137.997,-167.196,76.400,-146.003,-167.196,79.800,-146.003,-176.804,79.800,-146.003,-176.804,76.400,-146.003,-176.804,79.800,-137.997,-176.804,76.400,-146.003,-176.804,76.400,-137.997,-176.804,79.800,-137.997,-176.804,79.800,-146.003,-176.804,79.800,-137.997,-167.196,79.800,-146.003,-176.804,79.800,-137.997,-167.196,79.800,-137.997,-167.196,79.800,-146.003,-176.804,76.400,-137.997,-176.804,76.400,-146.003,-167.196,76.400,-137.997,-176.804,76.400,-146.003,-167.196,76.400,-146.003,-167.196,76.400,-137.997,-176.804,79.800,-137.997,-176.804,76.400,-137.997,-167.196,79.800,-137.997,-176.804,76.400,-137.997,-167.196,76.400,-137.997,-167.196,79.800,-137.997,-167.196,79.800,-146.003,-167.196,76.400,-146.003,-176.804,79.800,-146.003,-167.196,76.400,-146.003,-176.804,76.400,-146.003,-176.804,79.800,-146.003,234.003,63.800,-211.264,234.003,60.400,-211.264,234.003,63.800,-218.736,234.003,60.400,-211.264,234.003,60.400,-218.736,234.003,63.800,-218.736,225.997,63.800,-218.736,225.997,60.400,-218.736,225.997,63.800,-211.264,225.997,60.400,-218.736,225.997,60.400,-211.264,225.997,63.800,-211.264,225.997,63.800,-218.736,225.997,63.800,-211.264,234.003,63.800,-218.736,225.997,63.800,-211.264,234.003,63.800,-211.264,234.003,63.800,-218.736,225.997,60.400,-211.264,225.997,60.400,-218.736,234.003,60.400,-211.264,225.997,60.400,-218.736,234.003,60.400,-218.736,234.003,60.400,-211.264,225.997,63.800,-211.264,225.997,60.400,-211.264,234.003,63.800,-211.264,225.997,60.400,-211.264,234.003,60.400,-211.264,234.003,63.800,-211.264,234.003,63.800,-218.736,234.003,60.400,-218.736,225.997,63.800,-218.736,234.003,60.400,-218.736,225.997,60.400,-218.736,225.997,63.800,-218.736,88.264,55.800,-323.469,88.264,52.400,-323.469,88.264,55.800,-316.531,88.264,52.400,-323.469,88.264,52.400,-316.531,88.264,55.800,-316.531,95.736,55.800,-316.531,95.736,52.400,-316.531,95.736,55.800,-323.469,95.736,52.400,-316.531,95.736,52.400,-323.469,95.736,55.800,-323.469,95.736,55.800,-316.531,95.736,55.800,-323.469,88.264,55.800,-316.531,95.736,55.800,-323.469,88.264,55.800,-323.469,88.264,55.800,-316.531,95.736,52.400,-323.469,95.736,52.400,-316.531,88.264,52.400,-323.469,95.736,52.400,-316.531,88.264,52.400,-316.531,88.264,52.400,-323.469;;7d868c
Mesh;240;;-172.000,92.512,-142.000,-172.275,92.438,-142.000,-172.194,92.438,-141.806,-172.000,92.512,-142.000,-172.194,92.438,-141.806,-172.000,92.438,-141.725,-172.000,92.512,-142.000,-172.000,92.438,-141.725,-171.806,92.438,-141.806,-172.000,92.512,-142.000,-171.806,92.438,-141.806,-171.725,92.438,-142.000,-172.000,92.512,-142.000,-171.725,92.438,-142.000,-171.806,92.438,-142.194,-172.000,92.512,-142.000,-171.806,92.438,-142.194,-172.000,92.438,-142.275,-172.000,92.512,-142.000,-172.000,92.438,-142.275,-172.194,92.438,-142.194,-172.000,92.512,-142.000,-172.194,92.438,-142.194,-172.275,92.438,-142.000,-172.194,92.438,-141.806,-172.275,92.438,-142.000,-172.337,92.237,-141.663,-172.275,92.438,-142.000,-172.476,92.237,-142.000,-172.337,92.237,-141.663,-172.000,92.438,-141.725,-172.194,92.438,-141.806,-172.000,92.237,-141.524,-172.194,92.438,-141.806,-172.337,92.237,-141.663,-172.000,92.237,-141.524,-171.806,92.438,-141.806,-172.000,92.438,-141.725,-171.663,92.237,-141.663,-172.000,92.438,-141.725,-172.000,92.237,-141.524,-171.663,92.237,-141.663,-171.725,92.438,-142.000,-171.806,92.438,-141.806,-171.524,92.237,-142.000,-171.806,92.438,-141.806,-171.663,92.237,-141.663,-171.524,92.237,-142.000,-171.806,92.438,-142.194,-171.725,92.438,-142.000,-171.663,92.237,-142.337,-171.725,92.438,-142.000,-171.524,92.237,-142.000,-171.663,92.237,-142.337,-172.000,92.438,-142.275,-171.806,92.438,-142.194,-172.000,92.237,-142.476,-171.806,92.438,-142.194,-171.663,92.237,-142.337,-172.000,92.237,-142.476,-172.194,92.438,-142.194,-172.000,92.438,-142.275,-172.337,92.237,-142.337,-172.000,92.438,-142.275,-172.000,92.237,-142.476,-172.337,92.237,-142.337,-172.275,92.438,-142.000,-172.194,92.438,-142.194,-172.476,92.237,-142.000,-172.194,92.438,-142.194,-172.337,92.237,-142.337,-172.476,92.237,-142.000,-172.337,92.237,-141.663,-172.476,92.237,-142.000,-172.389,91.962,-141.611,-172.476,92.237,-142.000,-172.550,91.962,-142.000,-172.389,91.962,-141.611,-172.000,92.237,-141.524,-172.337,92.237,-141.663,-172.000,91.962,-141.450,-172.337,92.237,-141.663,-172.389,91.962,-141.611,-172.000,91.962,-141.450,-171.663,92.237,-141.663,-172.000,92.237,-141.524,-171.611,91.962,-141.611,-172.000,92.237,-141.524,-172.000,91.962,-141.450,-171.611,91.962,-141.611,-171.524,92.237,-142.000,-171.663,92.237,-141.663,-171.450,91.962,-142.000,-171.663,92.237,-141.663,-171.611,91.962,-141.611,-171.450,91.962,-142.000;;442222
Mesh;24;;245.000,9.000,-201.000,245.000,0.000,-201.000,245.000,9.000,-229.000,245.000,0.000,-201.000,245.000,0.000,-229.000,245.000,9.000,-229.000,215.000,9.000,-229.000,215.000,0.000,-229.000,215.000,9.000,-201.000,215.000,0.000,-229.000,215.000,0.000,-201.000,215.000,9.000,-201.000,215.000,9.000,-201.000,215.000,0.000,-201.000,245.000,9.000,-201.000,215.000,0.000,-201.000,245.000,0.000,-201.000,245.000,9.000,-201.000,245.000,9.000,-229.000,245.000,0.000,-229.000,215.000,9.000,-229.000,245.000,0.000,-229.000,215.000,0.000,-229.000,215.000,9.000,-229.000;;ffffffT1024
Mesh;24;;243.200,33.500,-202.680,243.200,9.000,-202.680,243.200,33.500,-227.320,243.200,9.000,-202.680,243.200,9.000,-227.320,243.200,33.500,-227.320,216.800,33.500,-227.320,216.800,9.000,-227.320,216.800,33.500,-202.680,216.800,9.000,-227.320,216.800,9.000,-202.680,216.800,33.500,-202.680,216.800,33.500,-202.680,216.800,9.000,-202.680,243.200,33.500,-202.680,216.800,9.000,-202.680,243.200,9.000,-202.680,243.200,33.500,-202.680,243.200,33.500,-227.320,243.200,9.000,-227.320,216.800,33.500,-227.320,243.200,9.000,-227.320,216.800,9.000,-227.320,216.800,33.500,-227.320;;ffffffT1024
Mesh;24;;240.824,48.200,-204.898,240.824,33.500,-204.898,240.824,48.200,-225.102,240.824,33.500,-204.898,240.824,33.500,-225.102,240.824,48.200,-225.102,219.176,48.200,-225.102,219.176,33.500,-225.102,219.176,48.200,-204.898,219.176,33.500,-225.102,219.176,33.500,-204.898,219.176,48.200,-204.898,219.176,48.200,-204.898,219.176,33.500,-204.898,240.824,48.200,-204.898,219.176,33.500,-204.898,240.824,33.500,-204.898,240.824,48.200,-204.898,240.824,48.200,-225.102,240.824,33.500,-225.102,219.176,48.200,-225.102,240.824,33.500,-225.102,219.176,33.500,-225.102,219.176,48.200,-225.102;;ffffffT1024
Mesh;24;;238.876,58.000,-206.716,238.876,48.200,-206.716,238.876,58.000,-223.284,238.876,48.200,-206.716,238.876,48.200,-223.284,238.876,58.000,-223.284,221.124,58.000,-223.284,221.124,48.200,-223.284,221.124,58.000,-206.716,221.124,48.200,-223.284,221.124,48.200,-206.716,221.124,58.000,-206.716,221.124,58.000,-206.716,221.124,48.200,-206.716,238.876,58.000,-206.716,221.124,48.200,-206.716,238.876,48.200,-206.716,238.876,58.000,-206.716,238.876,58.000,-223.284,238.876,48.200,-223.284,221.124,58.000,-223.284,238.876,48.200,-223.284,221.124,48.200,-223.284,221.124,58.000,-223.284;;ffffffT1024
Mesh;36;;237.569,60.400,-207.935,237.569,58.000,-207.935,237.569,60.400,-222.065,237.569,58.000,-207.935,237.569,58.000,-222.065,237.569,60.400,-222.065,222.431,60.400,-222.065,222.431,58.000,-222.065,222.431,60.400,-207.935,222.431,58.000,-222.065,222.431,58.000,-207.935,222.431,60.400,-207.935,222.431,60.400,-222.065,222.431,60.400,-207.935,237.569,60.400,-222.065,222.431,60.400,-207.935,237.569,60.400,-207.935,237.569,60.400,-222.065,222.431,58.000,-207.935,222.431,58.000,-222.065,237.569,58.000,-207.935,222.431,58.000,-222.065,237.569,58.000,-222.065,237.569,58.000,-207.935,222.431,60.400,-207.935,222.431,58.000,-207.935,237.569,60.400,-207.935,222.431,58.000,-207.935,237.569,58.000,-207.935,237.569,60.400,-207.935,237.569,60.400,-222.065,237.569,58.000,-222.065,222.431,60.400,-222.065,237.569,58.000,-222.065,222.431,58.000,-222.065,222.431,60.400,-222.065;;2e3f4a
Mesh;240;;230.000,76.091,-215.000,229.725,76.018,-215.000,229.806,76.018,-214.806,230.000,76.091,-215.000,229.806,76.018,-214.806,230.000,76.018,-214.725,230.000,76.091,-215.000,230.000,76.018,-214.725,230.194,76.018,-214.806,230.000,76.091,-215.000,230.194,76.018,-214.806,230.275,76.018,-215.000,230.000,76.091,-215.000,230.275,76.018,-215.000,230.194,76.018,-215.194,230.000,76.091,-215.000,230.194,76.018,-215.194,230.000,76.018,-215.275,230.000,76.091,-215.000,230.000,76.018,-215.275,229.806,76.018,-215.194,230.000,76.091,-215.000,229.806,76.018,-215.194,229.725,76.018,-215.000,229.806,76.018,-214.806,229.725,76.018,-215.000,229.663,75.816,-214.663,229.725,76.018,-215.000,229.524,75.816,-215.000,229.663,75.816,-214.663,230.000,76.018,-214.725,229.806,76.018,-214.806,230.000,75.816,-214.524,229.806,76.018,-214.806,229.663,75.816,-214.663,230.000,75.816,-214.524,230.194,76.018,-214.806,230.000,76.018,-214.725,230.337,75.816,-214.663,230.000,76.018,-214.725,230.000,75.816,-214.524,230.337,75.816,-214.663,230.275,76.018,-215.000,230.194,76.018,-214.806,230.476,75.816,-215.000,230.194,76.018,-214.806,230.337,75.816,-214.663,230.476,75.816,-215.000,230.194,76.018,-215.194,230.275,76.018,-215.000,230.337,75.816,-215.337,230.275,76.018,-215.000,230.476,75.816,-215.000,230.337,75.816,-215.337,230.000,76.018,-215.275,230.194,76.018,-215.194,230.000,75.816,-215.476,230.194,76.018,-215.194,230.337,75.816,-215.337,230.000,75.816,-215.476,229.806,76.018,-215.194,230.000,76.018,-215.275,229.663,75.816,-215.337,230.000,76.018,-215.275,230.000,75.816,-215.476,229.663,75.816,-215.337,229.725,76.018,-215.000,229.806,76.018,-215.194,229.524,75.816,-215.000,229.806,76.018,-215.194,229.663,75.816,-215.337,229.524,75.816,-215.000,229.663,75.816,-214.663,229.524,75.816,-215.000,229.611,75.541,-214.611,229.524,75.816,-215.000,229.450,75.541,-215.000,229.611,75.541,-214.611,230.000,75.816,-214.524,229.663,75.816,-214.663,230.000,75.541,-214.450,229.663,75.816,-214.663,229.611,75.541,-214.611,230.000,75.541,-214.450,230.337,75.816,-214.663,230.000,75.816,-214.524,230.389,75.541,-214.611,230.000,75.816,-214.524,230.000,75.541,-214.450,230.389,75.541,-214.611,230.476,75.816,-215.000,230.337,75.816,-214.663,230.550,75.541,-215.000,230.337,75.816,-214.663,230.389,75.541,-214.611,230.550,75.541,-215.000;;442222
Mesh;24;;78.000,9.000,-333.000,78.000,0.000,-333.000,78.000,9.000,-307.000,78.000,0.000,-333.000,78.000,0.000,-307.000,78.000,9.000,-307.000,106.000,9.000,-307.000,106.000,0.000,-307.000,106.000,9.000,-333.000,106.000,0.000,-307.000,106.000,0.000,-333.000,106.000,9.000,-333.000,106.000,9.000,-333.000,106.000,0.000,-333.000,78.000,9.000,-333.000,106.000,0.000,-333.000,78.000,0.000,-333.000,78.000,9.000,-333.000,78.000,9.000,-307.000,78.000,0.000,-307.000,106.000,9.000,-307.000,78.000,0.000,-307.000,106.000,0.000,-307.000,106.000,9.000,-307.000;;ffffffT1024
Mesh;24;;79.680,29.500,-331.440,79.680,9.000,-331.440,79.680,29.500,-308.560,79.680,9.000,-331.440,79.680,9.000,-308.560,79.680,29.500,-308.560,104.320,29.500,-308.560,104.320,9.000,-308.560,104.320,29.500,-331.440,104.320,9.000,-308.560,104.320,9.000,-331.440,104.320,29.500,-331.440,104.320,29.500,-331.440,104.320,9.000,-331.440,79.680,29.500,-331.440,104.320,9.000,-331.440,79.680,9.000,-331.440,79.680,29.500,-331.440,79.680,29.500,-308.560,79.680,9.000,-308.560,104.320,29.500,-308.560,79.680,9.000,-308.560,104.320,9.000,-308.560,104.320,29.500,-308.560;;ffffffT1024
Mesh;24;;83.716,50.000,-327.692,83.716,41.800,-327.692,83.716,50.000,-312.308,83.716,41.800,-327.692,83.716,41.800,-312.308,83.716,50.000,-312.308,100.284,50.000,-312.308,100.284,41.800,-312.308,100.284,50.000,-327.692,100.284,41.800,-312.308,100.284,41.800,-327.692,100.284,50.000,-327.692,100.284,50.000,-327.692,100.284,41.800,-327.692,83.716,50.000,-327.692,100.284,41.800,-327.692,83.716,41.800,-327.692,83.716,50.000,-327.692,83.716,50.000,-312.308,83.716,41.800,-312.308,100.284,50.000,-312.308,83.716,41.800,-312.308,100.284,41.800,-312.308,100.284,50.000,-312.308;;ffffffT1024
Mesh;36;;84.935,52.400,-326.560,84.935,50.000,-326.560,84.935,52.400,-313.440,84.935,50.000,-326.560,84.935,50.000,-313.440,84.935,52.400,-313.440,99.065,52.400,-313.440,99.065,50.000,-313.440,99.065,52.400,-326.560,99.065,50.000,-313.440,99.065,50.000,-326.560,99.065,52.400,-326.560,99.065,52.400,-313.440,99.065,52.400,-326.560,84.935,52.400,-313.440,99.065,52.400,-326.560,84.935,52.400,-326.560,84.935,52.400,-313.440,99.065,50.000,-326.560,99.065,50.000,-313.440,84.935,50.000,-326.560,99.065,50.000,-313.440,84.935,50.000,-313.440,84.935,50.000,-326.560,99.065,52.400,-326.560,99.065,50.000,-326.560,84.935,52.400,-326.560,99.065,50.000,-326.560,84.935,50.000,-326.560,84.935,52.400,-326.560,84.935,52.400,-313.440,84.935,50.000,-313.440,99.065,52.400,-313.440,84.935,50.000,-313.440,99.065,50.000,-313.440,99.065,52.400,-313.440;;2e3f4a
Mesh;240;;92.000,70.266,-320.000,92.275,70.193,-320.000,92.194,70.193,-320.194,92.000,70.266,-320.000,92.194,70.193,-320.194,92.000,70.193,-320.275,92.000,70.266,-320.000,92.000,70.193,-320.275,91.806,70.193,-320.194,92.000,70.266,-320.000,91.806,70.193,-320.194,91.725,70.193,-320.000,92.000,70.266,-320.000,91.725,70.193,-320.000,91.806,70.193,-319.806,92.000,70.266,-320.000,91.806,70.193,-319.806,92.000,70.193,-319.725,92.000,70.266,-320.000,92.000,70.193,-319.725,92.194,70.193,-319.806,92.000,70.266,-320.000,92.194,70.193,-319.806,92.275,70.193,-320.000,92.194,70.193,-320.194,92.275,70.193,-320.000,92.337,69.991,-320.337,92.275,70.193,-320.000,92.476,69.991,-320.000,92.337,69.991,-320.337,92.000,70.193,-320.275,92.194,70.193,-320.194,92.000,69.991,-320.476,92.194,70.193,-320.194,92.337,69.991,-320.337,92.000,69.991,-320.476,91.806,70.193,-320.194,92.000,70.193,-320.275,91.663,69.991,-320.337,92.000,70.193,-320.275,92.000,69.991,-320.476,91.663,69.991,-320.337,91.725,70.193,-320.000,91.806,70.193,-320.194,91.524,69.991,-320.000,91.806,70.193,-320.194,91.663,69.991,-320.337,91.524,69.991,-320.000,91.806,70.193,-319.806,91.725,70.193,-320.000,91.663,69.991,-319.663,91.725,70.193,-320.000,91.524,69.991,-320.000,91.663,69.991,-319.663,92.000,70.193,-319.725,91.806,70.193,-319.806,92.000,69.991,-319.524,91.806,70.193,-319.806,91.663,69.991,-319.663,92.000,69.991,-319.524,92.194,70.193,-319.806,92.000,70.193,-319.725,92.337,69.991,-319.663,92.000,70.193,-319.725,92.000,69.991,-319.524,92.337,69.991,-319.663,92.275,70.193,-320.000,92.194,70.193,-319.806,92.476,69.991,-320.000,92.194,70.193,-319.806,92.337,69.991,-319.663,92.476,69.991,-320.000,92.337,69.991,-320.337,92.476,69.991,-320.000,92.389,69.716,-320.389,92.476,69.991,-320.000,92.550,69.716,-320.000,92.389,69.716,-320.389,92.000,69.991,-320.476,92.337,69.991,-320.337,92.000,69.716,-320.550,92.337,69.991,-320.337,92.389,69.716,-320.389,92.000,69.716,-320.550,91.663,69.991,-320.337,92.000,69.991,-320.476,91.611,69.716,-320.389,92.000,69.991,-320.476,92.000,69.716,-320.550,91.611,69.716,-320.389,91.524,69.991,-320.000,91.663,69.991,-320.337,91.450,69.716,-320.000,91.663,69.991,-320.337,91.611,69.716,-320.389,91.450,69.716,-320.000;;442222
Mesh;72;;-579.800,8.797,-190.000,-579.800,0.000,-190.000,-579.800,8.797,-202.000,-579.800,0.000,-190.000,-579.800,0.000,-202.000,-579.800,8.797,-202.000,-590.200,8.797,-202.000,-590.200,0.000,-202.000,-590.200,8.797,-190.000,-590.200,0.000,-202.000,-590.200,0.000,-190.000,-590.200,8.797,-190.000,-590.200,8.797,-190.000,-590.200,0.000,-190.000,-579.800,8.797,-190.000,-590.200,0.000,-190.000,-579.800,0.000,-190.000,-579.800,8.797,-190.000,-579.800,8.797,-202.000,-579.800,0.000,-202.000,-590.200,8.797,-202.000,-579.800,0.000,-202.000,-590.200,0.000,-202.000,-590.200,8.797,-202.000,-534.200,8.107,-190.000,-534.200,0.000,-190.000,-534.200,8.107,-202.000,-534.200,0.000,-190.000,-534.200,0.000,-202.000,-534.200,8.107,-202.000,-544.600,8.107,-202.000,-544.600,0.000,-202.000,-544.600,8.107,-190.000,-544.600,0.000,-202.000,-544.600,0.000,-190.000,-544.600,8.107,-190.000,-544.600,8.107,-190.000,-544.600,0.000,-190.000,-534.200,8.107,-190.000,-544.600,0.000,-190.000,-534.200,0.000,-190.000,-534.200,8.107,-190.000,-534.200,8.107,-202.000,-534.200,0.000,-202.000,-544.600,8.107,-202.000,-534.200,0.000,-202.000,-544.600,0.000,-202.000,-544.600,8.107,-202.000,-397.400,9.299,-190.000,-397.400,0.000,-190.000,-397.400,9.299,-202.000,-397.400,0.000,-190.000,-397.400,0.000,-202.000,-397.400,9.299,-202.000,-407.800,9.299,-202.000,-407.800,0.000,-202.000,-407.800,9.299,-190.000,-407.800,0.000,-202.000,-407.800,0.000,-190.000,-407.800,9.299,-190.000,-407.800,9.299,-190.000,-407.800,0.000,-190.000,-397.400,9.299,-190.000,-407.800,0.000,-190.000,-397.400,0.000,-190.000,-397.400,9.299,-190.000,-397.400,9.299,-202.000,-397.400,0.000,-202.000,-407.800,9.299,-202.000,-397.400,0.000,-202.000,-407.800,0.000,-202.000,-407.800,9.299,-202.000;;ffffffT1024
Mesh;864;;-579.550,9.497,-189.750,-579.550,8.797,-189.750,-579.550,9.497,-202.250,-579.550,8.797,-189.750,-579.550,8.797,-202.250,-579.550,9.497,-202.250,-590.450,9.497,-202.250,-590.450,8.797,-202.250,-590.450,9.497,-189.750,-590.450,8.797,-202.250,-590.450,8.797,-189.750,-590.450,9.497,-189.750,-590.450,9.497,-202.250,-590.450,9.497,-189.750,-579.550,9.497,-202.250,-590.450,9.497,-189.750,-579.550,9.497,-189.750,-579.550,9.497,-202.250,-590.450,8.797,-189.750,-590.450,8.797,-202.250,-579.550,8.797,-189.750,-590.450,8.797,-202.250,-579.550,8.797,-202.250,-579.550,8.797,-189.750,-590.450,9.497,-189.750,-590.450,8.797,-189.750,-579.550,9.497,-189.750,-590.450,8.797,-189.750,-579.550,8.797,-189.750,-579.550,9.497,-189.750,-579.550,9.497,-202.250,-579.550,8.797,-202.250,-590.450,9.497,-202.250,-579.550,8.797,-202.250,-590.450,8.797,-202.250,-590.450,9.497,-202.250,-568.150,9.459,-189.750,-568.150,8.759,-189.750,-568.150,9.459,-202.250,-568.150,8.759,-189.750,-568.150,8.759,-202.250,-568.150,9.459,-202.250,-579.050,9.459,-202.250,-579.050,8.759,-202.250,-579.050,9.459,-189.750,-579.050,8.759,-202.250,-579.050,8.759,-189.750,-579.050,9.459,-189.750,-579.050,9.459,-202.250,-579.050,9.459,-189.750,-568.150,9.459,-202.250,-579.050,9.459,-189.750,-568.150,9.459,-189.750,-568.150,9.459,-202.250,-579.050,8.759,-189.750,-579.050,8.759,-202.250,-568.150,8.759,-189.750,-579.050,8.759,-202.250,-568.150,8.759,-202.250,-568.150,8.759,-189.750,-579.050,9.459,-189.750,-579.050,8.759,-189.750,-568.150,9.459,-189.750,-579.050,8.759,-189.750,-568.150,8.759,-189.750,-568.150,9.459,-189.750,-568.150,9.459,-202.250,-568.150,8.759,-202.250,-579.050,9.459,-202.250,-568.150,8.759,-202.250,-579.050,8.759,-202.250,-579.050,9.459,-202.250,-556.750,9.986,-189.750,-556.750,9.286,-189.750,-556.750,9.986,-202.250,-556.750,9.286,-189.750,-556.750,9.286,-202.250,-556.750,9.986,-202.250,-567.650,9.986,-202.250,-567.650,9.286,-202.250,-567.650,9.986,-189.750,-567.650,9.286,-202.250,-567.650,9.286,-189.750,-567.650,9.986,-189.750,-567.650,9.986,-202.250,-567.650,9.986,-189.750,-556.750,9.986,-202.250,-567.650,9.986,-189.750,-556.750,9.986,-189.750,-556.750,9.986,-202.250,-567.650,9.286,-189.750,-567.650,9.286,-202.250,-556.750,9.286,-189.750,-567.650,9.286,-202.250,-556.750,9.286,-202.250,-556.750,9.286,-189.750;;e8e0d0
Mesh;864;;-579.700,10.047,-189.900,-579.700,9.347,-189.900,-579.700,10.047,-202.100,-579.700,9.347,-189.900,-579.700,9.347,-202.100,-579.700,10.047,-202.100,-590.300,10.047,-202.100,-590.300,9.347,-202.100,-590.300,10.047,-189.900,-590.300,9.347,-202.100,-590.300,9.347,-189.900,-590.300,10.047,-189.900,-590.300,10.047,-202.100,-590.300,10.047,-189.900,-579.700,10.047,-202.100,-590.300,10.047,-189.900,-579.700,10.047,-189.900,-579.700,10.047,-202.100,-590.300,9.347,-189.900,-590.300,9.347,-202.100,-579.700,9.347,-189.900,-590.300,9.347,-202.100,-579.700,9.347,-202.100,-579.700,9.347,-189.900,-590.300,10.047,-189.900,-590.300,9.347,-189.900,-579.700,10.047,-189.900,-590.300,9.347,-189.900,-579.700,9.347,-189.900,-579.700,10.047,-189.900,-579.700,10.047,-202.100,-579.700,9.347,-202.100,-590.300,10.047,-202.100,-579.700,9.347,-202.100,-590.300,9.347,-202.100,-590.300,10.047,-202.100,-568.300,10.009,-189.900,-568.300,9.309,-189.900,-568.300,10.009,-202.100,-568.300,9.309,-189.900,-568.300,9.309,-202.100,-568.300,10.009,-202.100,-578.900,10.009,-202.100,-578.900,9.309,-202.100,-578.900,10.009,-189.900,-578.900,9.309,-202.100,-578.900,9.309,-189.900,-578.900,10.009,-189.900,-578.900,10.009,-202.100,-578.900,10.009,-189.900,-568.300,10.009,-202.100,-578.900,10.009,-189.900,-568.300,10.009,-189.900,-568.300,10.009,-202.100,-578.900,9.309,-189.900,-578.900,9.309,-202.100,-568.300,9.309,-189.900,-578.900,9.309,-202.100,-568.300,9.309,-202.100,-568.300,9.309,-189.900,-578.900,10.009,-189.900,-578.900,9.309,-189.900,-568.300,10.009,-189.900,-578.900,9.309,-189.900,-568.300,9.309,-189.900,-568.300,10.009,-189.900,-568.300,10.009,-202.100,-568.300,9.309,-202.100,-578.900,10.009,-202.100,-568.300,9.309,-202.100,-578.900,9.309,-202.100,-578.900,10.009,-202.100,-556.900,10.536,-189.900,-556.900,9.836,-189.900,-556.900,10.536,-202.100,-556.900,9.836,-189.900,-556.900,9.836,-202.100,-556.900,10.536,-202.100,-567.500,10.536,-202.100,-567.500,9.836,-202.100,-567.500,10.536,-189.900,-567.500,9.836,-202.100,-567.500,9.836,-189.900,-567.500,10.536,-189.900,-567.500,10.536,-202.100,-567.500,10.536,-189.900,-556.900,10.536,-202.100,-567.500,10.536,-189.900,-556.900,10.536,-189.900,-556.900,10.536,-202.100,-567.500,9.836,-189.900,-567.500,9.836,-202.100,-556.900,9.836,-189.900,-567.500,9.836,-202.100,-556.900,9.836,-202.100,-556.900,9.836,-189.900;;cfc4b0
Mesh;31428;;-583.620,3.749,-188.820,-583.620,1.451,-188.820,-583.620,3.749,-188.940,-583.620,1.451,-188.820,-583.620,1.451,-188.940,-583.620,3.749,-188.940,-584.520,3.749,-188.940,-584.520,1.451,-188.940,-584.520,3.749,-188.820,-584.520,1.451,-188.940,-584.520,1.451,-188.820,-584.520,3.749,-188.820,-584.520,3.749,-188.940,-584.520,3.749,-188.820,-583.620,3.749,-188.940,-584.520,3.749,-188.820,-583.620,3.749,-188.820,-583.620,3.749,-188.940,-584.520,1.451,-188.820,-584.520,1.451,-188.940,-583.620,1.451,-188.820,-584.520,1.451,-188.940,-583.620,1.451,-188.940,-583.620,1.451,-188.820,-584.520,3.749,-188.820,-584.520,1.451,-188.820,-583.620,3.749,-188.820,-584.520,1.451,-188.820,-583.620,1.451,-188.820,-583.620,3.749,-188.820,-583.620,3.749,-188.940,-583.620,1.451,-188.940,-584.520,3.749,-188.940,-583.620,1.451,-188.940,-584.520,1.451,-188.940,-584.520,3.749,-188.940,-582.470,3.749,-188.820,-582.470,1.451,-188.820,-582.470,3.749,-188.940,-582.470,1.451,-188.820,-582.470,1.451,-188.940,-582.470,3.749,-188.940,-583.370,3.749,-188.940,-583.370,1.451,-188.940,-583.370,3.749,-188.820,-583.370,1.451,-188.940,-583.370,1.451,-188.820,-583.370,3.749,-188.820,-583.370,3.749,-188.940,-583.370,3.749,-188.820,-582.470,3.749,-188.940,-583.370,3.749,-188.820,-582.470,3.749,-188.820,-582.470,3.749,-188.940,-583.370,1.451,-188.820,-583.370,1.451,-188.940,-582.470,1.451,-188.820,-583.370,1.451,-188.940,-582.470,1.451,-188.940,-582.470,1.451,-188.820,-583.370,3.749,-188.820,-583.370,1.451,-188.820,-582.470,3.749,-188.820,-583.370,1.451,-188.820,-582.470,1.451,-188.820,-582.470,3.749,-188.820,-582.470,3.749,-188.940,-582.470,1.451,-188.940,-583.370,3.749,-188.940,-582.470,1.451,-188.940,-583.370,1.451,-188.940,-583.370,3.749,-188.940,-581.320,3.749,-188.820,-581.320,1.451,-188.820,-581.320,3.749,-188.940,-581.320,1.451,-188.820,-581.320,1.451,-188.940,-581.320,3.749,-188.940,-582.220,3.749,-188.940,-582.220,1.451,-188.940,-582.220,3.749,-188.820,-582.220,1.451,-188.940,-582.220,1.451,-188.820,-582.220,3.749,-188.820,-582.220,3.749,-188.940,-582.220,3.749,-188.820,-581.320,3.749,-188.940,-582.220,3.749,-188.820,-581.320,3.749,-188.820,-581.320,3.749,-188.940,-582.220,1.451,-188.820,-582.220,1.451,-188.940,-581.320,1.451,-188.820,-582.220,1.451,-188.940,-581.320,1.451,-188.940,-581.320,1.451,-188.820;;ffffffvc
Mesh;144;;-586.854,2.500,-188.930,-586.854,0.000,-188.930,-586.854,2.500,-189.330,-586.854,0.000,-188.930,-586.854,0.000,-189.330,-586.854,2.500,-189.330,-588.554,2.500,-189.330,-588.554,0.000,-189.330,-588.554,2.500,-188.930,-588.554,0.000,-189.330,-588.554,0.000,-188.930,-588.554,2.500,-188.930,-588.554,2.500,-189.330,-588.554,2.500,-188.930,-586.854,2.500,-189.330,-588.554,2.500,-188.930,-586.854,2.500,-188.930,-586.854,2.500,-189.330,-588.554,0.000,-188.930,-588.554,0.000,-189.330,-586.854,0.000,-188.930,-588.554,0.000,-189.330,-586.854,0.000,-189.330,-586.854,0.000,-188.930,-588.554,2.500,-188.930,-588.554,0.000,-188.930,-586.854,2.500,-188.930,-588.554,0.000,-188.930,-586.854,0.000,-188.930,-586.854,2.500,-188.930,-586.854,2.500,-189.330,-586.854,0.000,-189.330,-588.554,2.500,-189.330,-586.854,0.000,-189.330,-588.554,0.000,-189.330,-588.554,2.500,-189.330,-461.454,2.500,-188.930,-461.454,0.000,-188.930,-461.454,2.500,-189.330,-461.454,0.000,-188.930,-461.454,0.000,-189.330,-461.454,2.500,-189.330,-463.154,2.500,-189.330,-463.154,0.000,-189.330,-463.154,2.500,-188.930,-463.154,0.000,-189.330,-463.154,0.000,-188.930,-463.154,2.500,-188.930,-463.154,2.500,-189.330,-463.154,2.500,-188.930,-461.454,2.500,-189.330,-463.154,2.500,-188.930,-461.454,2.500,-188.930,-461.454,2.500,-189.330,-463.154,0.000,-188.930,-463.154,0.000,-189.330,-461.454,0.000,-188.930,-463.154,0.000,-189.330,-461.454,0.000,-189.330,-461.454,0.000,-188.930,-463.154,2.500,-188.930,-463.154,0.000,-188.930,-461.454,2.500,-188.930,-463.154,0.000,-188.930,-461.454,0.000,-188.930,-461.454,2.500,-188.930,-461.454,2.500,-189.330,-461.454,0.000,-189.330,-463.154,2.500,-189.330,-461.454,0.000,-189.330,-463.154,0.000,-189.330,-463.154,2.500,-189.330,-427.254,2.500,-188.930,-427.254,0.000,-188.930,-427.254,2.500,-189.330,-427.254,0.000,-188.930,-427.254,0.000,-189.330,-427.254,2.500,-189.330,-428.954,2.500,-189.330,-428.954,0.000,-189.330,-428.954,2.500,-188.930,-428.954,0.000,-189.330,-428.954,0.000,-188.930,-428.954,2.500,-188.930,-428.954,2.500,-189.330,-428.954,2.500,-188.930,-427.254,2.500,-189.330,-428.954,2.500,-188.930,-427.254,2.500,-188.930,-427.254,2.500,-189.330,-428.954,0.000,-188.930,-428.954,0.000,-189.330,-427.254,0.000,-188.930,-428.954,0.000,-189.330,-427.254,0.000,-189.330,-427.254,0.000,-188.930;;3a2e28
Mesh;168;;-568.400,8.759,-190.000,-568.400,0.000,-190.000,-568.400,8.759,-202.000,-568.400,0.000,-190.000,-568.400,0.000,-202.000,-568.400,8.759,-202.000,-578.800,8.759,-202.000,-578.800,0.000,-202.000,-578.800,8.759,-190.000,-578.800,0.000,-202.000,-578.800,0.000,-190.000,-578.800,8.759,-190.000,-578.800,8.759,-190.000,-578.800,0.000,-190.000,-568.400,8.759,-190.000,-578.800,0.000,-190.000,-568.400,0.000,-190.000,-568.400,8.759,-190.000,-568.400,8.759,-202.000,-568.400,0.000,-202.000,-578.800,8.759,-202.000,-568.400,0.000,-202.000,-578.800,0.000,-202.000,-578.800,8.759,-202.000,-465.800,8.452,-190.000,-465.800,-0.000,-190.000,-465.800,8.452,-202.000,-465.800,-0.000,-190.000,-465.800,-0.000,-202.000,-465.800,8.452,-202.000,-476.200,8.452,-202.000,-476.200,-0.000,-202.000,-476.200,8.452,-190.000,-476.200,-0.000,-202.000,-476.200,-0.000,-190.000,-476.200,8.452,-190.000,-476.200,8.452,-190.000,-476.200,-0.000,-190.000,-465.800,8.452,-190.000,-476.200,-0.000,-190.000,-465.800,-0.000,-190.000,-465.800,8.452,-190.000,-465.800,8.452,-202.000,-465.800,-0.000,-202.000,-476.200,8.452,-202.000,-465.800,-0.000,-202.000,-476.200,-0.000,-202.000,-476.200,8.452,-202.000,-420.200,8.637,-190.000,-420.200,-0.000,-190.000,-420.200,8.637,-202.000,-420.200,-0.000,-190.000,-420.200,-0.000,-202.000,-420.200,8.637,-202.000,-430.600,8.637,-202.000,-430.600,-0.000,-202.000,-430.600,8.637,-190.000,-430.600,-0.000,-202.000,-430.600,-0.000,-190.000,-430.600,8.637,-190.000,-430.600,8.637,-190.000,-430.600,-0.000,-190.000,-420.200,8.637,-190.000,-430.600,-0.000,-190.000,-420.200,-0.000,-190.000,-420.200,8.637,-190.000,-420.200,8.637,-202.000,-420.200,-0.000,-202.000,-430.600,8.637,-202.000,-420.200,-0.000,-202.000,-430.600,-0.000,-202.000,-430.600,8.637,-202.000,-408.800,7.776,-190.000,-408.800,0.000,-190.000,-408.800,7.776,-202.000,-408.800,0.000,-190.000,-408.800,0.000,-202.000,-408.800,7.776,-202.000,-419.200,7.776,-202.000,-419.200,0.000,-202.000,-419.200,7.776,-190.000,-419.200,0.000,-202.000,-419.200,0.000,-190.000,-419.200,7.776,-190.000,-419.200,7.776,-190.000,-419.200,0.000,-190.000,-408.800,7.776,-190.000,-419.200,0.000,-190.000,-408.800,0.000,-190.000,-408.800,7.776,-190.000,-408.800,7.776,-202.000,-408.800,0.000,-202.000,-419.200,7.776,-202.000,-408.800,0.000,-202.000,-419.200,0.000,-202.000,-419.200,7.776,-202.000;;ffffffT1024
Mesh;288;;-575.454,2.500,-188.930,-575.454,0.000,-188.930,-575.454,2.500,-189.330,-575.454,0.000,-188.930,-575.454,0.000,-189.330,-575.454,2.500,-189.330,-577.154,2.500,-189.330,-577.154,0.000,-189.330,-577.154,2.500,-188.930,-577.154,0.000,-189.330,-577.154,0.000,-188.930,-577.154,2.500,-188.930,-577.154,2.500,-189.330,-577.154,2.500,-188.930,-575.454,2.500,-189.330,-577.154,2.500,-188.930,-575.454,2.500,-188.930,-575.454,2.500,-189.330,-577.154,0.000,-188.930,-577.154,0.000,-189.330,-575.454,0.000,-188.930,-577.154,0.000,-189.330,-575.454,0.000,-189.330,-575.454,0.000,-188.930,-577.154,2.500,-188.930,-577.154,0.000,-188.930,-575.454,2.500,-188.930,-577.154,0.000,-188.930,-575.454,0.000,-188.930,-575.454,2.500,-188.930,-575.454,2.500,-189.330,-575.454,0.000,-189.330,-577.154,2.500,-189.330,-575.454,0.000,-189.330,-577.154,0.000,-189.330,-577.154,2.500,-189.330,-564.054,2.500,-188.930,-564.054,0.000,-188.930,-564.054,2.500,-189.330,-564.054,0.000,-188.930,-564.054,0.000,-189.330,-564.054,2.500,-189.330,-565.754,2.500,-189.330,-565.754,0.000,-189.330,-565.754,2.500,-188.930,-565.754,0.000,-189.330,-565.754,0.000,-188.930,-565.754,2.500,-188.930,-565.754,2.500,-189.330,-565.754,2.500,-188.930,-564.054,2.500,-189.330,-565.754,2.500,-188.930,-564.054,2.500,-188.930,-564.054,2.500,-189.330,-565.754,0.000,-188.930,-565.754,0.000,-189.330,-564.054,0.000,-188.930,-565.754,0.000,-189.330,-564.054,0.000,-189.330,-564.054,0.000,-188.930,-565.754,2.500,-188.930,-565.754,0.000,-188.930,-564.054,2.500,-188.930,-565.754,0.000,-188.930,-564.054,0.000,-188.930,-564.054,2.500,-188.930,-564.054,2.500,-189.330,-564.054,0.000,-189.330,-565.754,2.500,-189.330,-564.054,0.000,-189.330,-565.754,0.000,-189.330,-565.754,2.500,-189.330,-541.254,2.500,-188.930,-541.254,0.000,-188.930,-541.254,2.500,-189.330,-541.254,0.000,-188.930,-541.254,0.000,-189.330,-541.254,2.500,-189.330,-542.954,2.500,-189.330,-542.954,0.000,-189.330,-542.954,2.500,-188.930,-542.954,0.000,-189.330,-542.954,0.000,-188.930,-542.954,2.500,-188.930,-542.954,2.500,-189.330,-542.954,2.500,-188.930,-541.254,2.500,-189.330,-542.954,2.500,-188.930,-541.254,2.500,-188.930,-541.254,2.500,-189.330,-542.954,0.000,-188.930,-542.954,0.000,-189.330,-541.254,0.000,-188.930,-542.954,0.000,-189.330,-541.254,0.000,-189.330,-541.254,0.000,-188.930;;443726
Mesh;24;;-557.000,9.286,-190.000,-557.000,-0.000,-190.000,-557.000,9.286,-202.000,-557.000,-0.000,-190.000,-557.000,-0.000,-202.000,-557.000,9.286,-202.000,-567.400,9.286,-202.000,-567.400,-0.000,-202.000,-567.400,9.286,-190.000,-567.400,-0.000,-202.000,-567.400,-0.000,-190.000,-567.400,9.286,-190.000,-567.400,9.286,-190.000,-567.400,-0.000,-190.000,-557.000,9.286,-190.000,-567.400,-0.000,-190.000,-557.000,-0.000,-190.000,-557.000,9.286,-190.000,-557.000,9.286,-202.000,-557.000,-0.000,-202.000,-567.400,9.286,-202.000,-557.000,-0.000,-202.000,-567.400,-0.000,-202.000,-567.400,9.286,-202.000;;ffffffT1024
Mesh;72;;-545.600,8.125,-190.000,-545.600,0.000,-190.000,-545.600,8.125,-202.000,-545.600,0.000,-190.000,-545.600,0.000,-202.000,-545.600,8.125,-202.000,-556.000,8.125,-202.000,-556.000,0.000,-202.000,-556.000,8.125,-190.000,-556.000,0.000,-202.000,-556.000,0.000,-190.000,-556.000,8.125,-190.000,-556.000,8.125,-190.000,-556.000,0.000,-190.000,-545.600,8.125,-190.000,-556.000,0.000,-190.000,-545.600,0.000,-190.000,-545.600,8.125,-190.000,-545.600,8.125,-202.000,-545.600,0.000,-202.000,-556.000,8.125,-202.000,-545.600,0.000,-202.000,-556.000,0.000,-202.000,-556.000,8.125,-202.000,-500.000,8.951,-190.000,-500.000,-0.000,-190.000,-500.000,8.951,-202.000,-500.000,-0.000,-190.000,-500.000,-0.000,-202.000,-500.000,8.951,-202.000,-510.400,8.951,-202.000,-510.400,-0.000,-202.000,-510.400,8.951,-190.000,-510.400,-0.000,-202.000,-510.400,-0.000,-190.000,-510.400,8.951,-190.000,-510.400,8.951,-190.000,-510.400,-0.000,-190.000,-500.000,8.951,-190.000,-510.400,-0.000,-190.000,-500.000,-0.000,-190.000,-500.000,8.951,-190.000,-500.000,8.951,-202.000,-500.000,-0.000,-202.000,-510.400,8.951,-202.000,-500.000,-0.000,-202.000,-510.400,-0.000,-202.000,-510.400,8.951,-202.000,-351.800,7.817,-190.000,-351.800,0.000,-190.000,-351.800,7.817,-202.000,-351.800,0.000,-190.000,-351.800,0.000,-202.000,-351.800,7.817,-202.000,-362.200,7.817,-202.000,-362.200,0.000,-202.000,-362.200,7.817,-190.000,-362.200,0.000,-202.000,-362.200,0.000,-190.000,-362.200,7.817,-190.000,-362.200,7.817,-190.000,-362.200,0.000,-190.000,-351.800,7.817,-190.000,-362.200,0.000,-190.000,-351.800,0.000,-190.000,-351.800,7.817,-190.000,-351.800,7.817,-202.000,-351.800,0.000,-202.000,-362.200,7.817,-202.000,-351.800,0.000,-202.000,-362.200,0.000,-202.000,-362.200,7.817,-202.000;;ffffffT1024
Mesh;324;;-552.654,2.500,-188.930,-552.654,0.000,-188.930,-552.654,2.500,-189.330,-552.654,0.000,-188.930,-552.654,0.000,-189.330,-552.654,2.500,-189.330,-554.354,2.500,-189.330,-554.354,0.000,-189.330,-554.354,2.500,-188.930,-554.354,0.000,-189.330,-554.354,0.000,-188.930,-554.354,2.500,-188.930,-554.354,2.500,-189.330,-554.354,2.500,-188.930,-552.654,2.500,-189.330,-554.354,2.500,-188.930,-552.654,2.500,-188.930,-552.654,2.500,-189.330,-554.354,0.000,-188.930,-554.354,0.000,-189.330,-552.654,0.000,-188.930,-554.354,0.000,-189.330,-552.654,0.000,-189.330,-552.654,0.000,-188.930,-554.354,2.500,-188.930,-554.354,0.000,-188.930,-552.654,2.500,-188.930,-554.354,0.000,-188.930,-552.654,0.000,-188.930,-552.654,2.500,-188.930,-552.654,2.500,-189.330,-552.654,0.000,-189.330,-554.354,2.500,-189.330,-552.654,0.000,-189.330,-554.354,0.000,-189.330,-554.354,2.500,-189.330,-529.854,2.500,-188.930,-529.854,0.000,-188.930,-529.854,2.500,-189.330,-529.854,0.000,-188.930,-529.854,0.000,-189.330,-529.854,2.500,-189.330,-531.554,2.500,-189.330,-531.554,0.000,-189.330,-531.554,2.500,-188.930,-531.554,0.000,-189.330,-531.554,0.000,-188.930,-531.554,2.500,-188.930,-531.554,2.500,-189.330,-531.554,2.500,-188.930,-529.854,2.500,-189.330,-531.554,2.500,-188.930,-529.854,2.500,-188.930,-529.854,2.500,-189.330,-531.554,0.000,-188.930,-531.554,0.000,-189.330,-529.854,0.000,-188.930,-531.554,0.000,-189.330,-529.854,0.000,-189.330,-529.854,0.000,-188.930,-531.554,2.500,-188.930,-531.554,0.000,-188.930,-529.854,2.500,-188.930,-531.554,0.000,-188.930,-529.854,0.000,-188.930,-529.854,2.500,-188.930,-529.854,2.500,-189.330,-529.854,0.000,-189.330,-531.554,2.500,-189.330,-529.854,0.000,-189.330,-531.554,0.000,-189.330,-531.554,2.500,-189.330,-495.654,2.500,-188.930,-495.654,0.000,-188.930,-495.654,2.500,-189.330,-495.654,0.000,-188.930,-495.654,0.000,-189.330,-495.654,2.500,-189.330,-497.354,2.500,-189.330,-497.354,0.000,-189.330,-497.354,2.500,-188.930,-497.354,0.000,-189.330,-497.354,0.000,-188.930,-497.354,2.500,-188.930,-497.354,2.500,-189.330,-497.354,2.500,-188.930,-495.654,2.500,-189.330,-497.354,2.500,-188.930,-495.654,2.500,-188.930,-495.654,2.500,-189.330,-497.354,0.000,-188.930,-497.354,0.000,-189.330,-495.654,0.000,-188.930,-497.354,0.000,-189.330,-495.654,0.000,-189.330,-495.654,0.000,-188.930;;54382a
Mesh;24;;-522.800,9.081,-190.000,-522.800,0.000,-190.000,-522.800,9.081,-202.000,-522.800,0.000,-190.000,-522.800,0.000,-202.000,-522.800,9.081,-202.000,-533.200,9.081,-202.000,-533.200,0.000,-202.000,-533.200,9.081,-190.000,-533.200,0.000,-202.000,-533.200,0.000,-190.000,-533.200,9.081,-190.000,-533.200,9.081,-190.000,-533.200,0.000,-190.000,-522.800,9.081,-190.000,-533.200,0.000,-190.000,-522.800,0.000,-190.000,-522.800,9.081,-190.000,-522.800,9.081,-202.000,-522.800,0.000,-202.000,-533.200,9.081,-202.000,-522.800,0.000,-202.000,-533.200,0.000,-202.000,-533.200,9.081,-202.000;;ffffffT1024
Mesh;120;;-511.400,8.856,-190.000,-511.400,-0.000,-190.000,-511.400,8.856,-202.000,-511.400,-0.000,-190.000,-511.400,-0.000,-202.000,-511.400,8.856,-202.000,-521.800,8.856,-202.000,-521.800,-0.000,-202.000,-521.800,8.856,-190.000,-521.800,-0.000,-202.000,-521.800,-0.000,-190.000,-521.800,8.856,-190.000,-521.800,8.856,-190.000,-521.800,-0.000,-190.000,-511.400,8.856,-190.000,-521.800,-0.000,-190.000,-511.400,-0.000,-190.000,-511.400,8.856,-190.000,-511.400,8.856,-202.000,-511.400,-0.000,-202.000,-521.800,8.856,-202.000,-511.400,-0.000,-202.000,-521.800,-0.000,-202.000,-521.800,8.856,-202.000,-488.600,8.195,-190.000,-488.600,-0.000,-190.000,-488.600,8.195,-202.000,-488.600,-0.000,-190.000,-488.600,-0.000,-202.000,-488.600,8.195,-202.000,-499.000,8.195,-202.000,-499.000,-0.000,-202.000,-499.000,8.195,-190.000,-499.000,-0.000,-202.000,-499.000,-0.000,-190.000,-499.000,8.195,-190.000,-499.000,8.195,-190.000,-499.000,-0.000,-190.000,-488.600,8.195,-190.000,-499.000,-0.000,-190.000,-488.600,-0.000,-190.000,-488.600,8.195,-190.000,-488.600,8.195,-202.000,-488.600,-0.000,-202.000,-499.000,8.195,-202.000,-488.600,-0.000,-202.000,-499.000,-0.000,-202.000,-499.000,8.195,-202.000,-454.400,8.884,-190.000,-454.400,0.000,-190.000,-454.400,8.884,-202.000,-454.400,0.000,-190.000,-454.400,0.000,-202.000,-454.400,8.884,-202.000,-464.800,8.884,-202.000,-464.800,0.000,-202.000,-464.800,8.884,-190.000,-464.800,0.000,-202.000,-464.800,0.000,-190.000,-464.800,8.884,-190.000,-464.800,8.884,-190.000,-464.800,0.000,-190.000,-454.400,8.884,-190.000,-464.800,0.000,-190.000,-454.400,0.000,-190.000,-454.400,8.884,-190.000,-454.400,8.884,-202.000,-454.400,0.000,-202.000,-464.800,8.884,-202.000,-454.400,0.000,-202.000,-464.800,0.000,-202.000,-464.800,8.884,-202.000,-374.600,8.180,-190.000,-374.600,0.000,-190.000,-374.600,8.180,-202.000,-374.600,0.000,-190.000,-374.600,0.000,-202.000,-374.600,8.180,-202.000,-385.000,8.180,-202.000,-385.000,0.000,-202.000,-385.000,8.180,-190.000,-385.000,0.000,-202.000,-385.000,0.000,-190.000,-385.000,8.180,-190.000,-385.000,8.180,-190.000,-385.000,0.000,-190.000,-374.600,8.180,-190.000,-385.000,0.000,-190.000,-374.600,0.000,-190.000,-374.600,8.180,-190.000,-374.600,8.180,-202.000,-374.600,0.000,-202.000,-385.000,8.180,-202.000,-374.600,0.000,-202.000,-385.000,0.000,-202.000,-385.000,8.180,-202.000;;ffffffT1024
Mesh;108;;-507.054,2.500,-188.930,-507.054,0.000,-188.930,-507.054,2.500,-189.330,-507.054,0.000,-188.930,-507.054,0.000,-189.330,-507.054,2.500,-189.330,-508.754,2.500,-189.330,-508.754,0.000,-189.330,-508.754,2.500,-188.930,-508.754,0.000,-189.330,-508.754,0.000,-188.930,-508.754,2.500,-188.930,-508.754,2.500,-189.330,-508.754,2.500,-188.930,-507.054,2.500,-189.330,-508.754,2.500,-188.930,-507.054,2.500,-188.930,-507.054,2.500,-189.330,-508.754,0.000,-188.930,-508.754,0.000,-189.330,-507.054,0.000,-188.930,-508.754,0.000,-189.330,-507.054,0.000,-189.330,-507.054,0.000,-188.930,-508.754,2.500,-188.930,-508.754,0.000,-188.930,-507.054,2.500,-188.930,-508.754,0.000,-188.930,-507.054,0.000,-188.930,-507.054,2.500,-188.930,-507.054,2.500,-189.330,-507.054,0.000,-189.330,-508.754,2.500,-189.330,-507.054,0.000,-189.330,-508.754,0.000,-189.330,-508.754,2.500,-189.330,-472.854,2.500,-188.930,-472.854,0.000,-188.930,-472.854,2.500,-189.330,-472.854,0.000,-188.930,-472.854,0.000,-189.330,-472.854,2.500,-189.330,-474.554,2.500,-189.330,-474.554,0.000,-189.330,-474.554,2.500,-188.930,-474.554,0.000,-189.330,-474.554,0.000,-188.930,-474.554,2.500,-188.930,-474.554,2.500,-189.330,-474.554,2.500,-188.930,-472.854,2.500,-189.330,-474.554,2.500,-188.930,-472.854,2.500,-188.930,-472.854,2.500,-189.330,-474.554,0.000,-188.930,-474.554,0.000,-189.330,-472.854,0.000,-188.930,-474.554,0.000,-189.330,-472.854,0.000,-189.330,-472.854,0.000,-188.930,-474.554,2.500,-188.930,-474.554,0.000,-188.930,-472.854,2.500,-188.930,-474.554,0.000,-188.930,-472.854,0.000,-188.930,-472.854,2.500,-188.930,-472.854,2.500,-189.330,-472.854,0.000,-189.330,-474.554,2.500,-189.330,-472.854,0.000,-189.330,-474.554,0.000,-189.330,-474.554,2.500,-189.330,-324.654,2.500,-188.930,-324.654,0.000,-188.930,-324.654,2.500,-189.330,-324.654,0.000,-188.930,-324.654,0.000,-189.330,-324.654,2.500,-189.330,-326.354,2.500,-189.330,-326.354,0.000,-189.330,-326.354,2.500,-188.930,-326.354,0.000,-189.330,-326.354,0.000,-188.930,-326.354,2.500,-188.930,-326.354,2.500,-189.330,-326.354,2.500,-188.930,-324.654,2.500,-189.330,-326.354,2.500,-188.930,-324.654,2.500,-188.930,-324.654,2.500,-189.330,-326.354,0.000,-188.930,-326.354,0.000,-189.330,-324.654,0.000,-188.930,-326.354,0.000,-189.330,-324.654,0.000,-189.330,-324.654,0.000,-188.930;;2e3e50
Mesh;24;;-477.200,7.720,-190.000,-477.200,0.000,-190.000,-477.200,7.720,-202.000,-477.200,0.000,-190.000,-477.200,0.000,-202.000,-477.200,7.720,-202.000,-487.600,7.720,-202.000,-487.600,0.000,-202.000,-487.600,7.720,-190.000,-487.600,0.000,-202.000,-487.600,0.000,-190.000,-487.600,7.720,-190.000,-487.600,7.720,-190.000,-487.600,0.000,-190.000,-477.200,7.720,-190.000,-487.600,0.000,-190.000,-477.200,0.000,-190.000,-477.200,7.720,-190.000,-477.200,7.720,-202.000,-477.200,0.000,-202.000,-487.600,7.720,-202.000,-477.200,0.000,-202.000,-487.600,0.000,-202.000,-487.600,7.720,-202.000;;ffffffT1024
Mesh;72;;-340.400,9.136,-190.000,-340.400,-0.000,-190.000,-340.400,9.136,-202.000,-340.400,-0.000,-190.000,-340.400,-0.000,-202.000,-340.400,9.136,-202.000,-350.800,9.136,-202.000,-350.800,-0.000,-202.000,-350.800,9.136,-190.000,-350.800,-0.000,-202.000,-350.800,-0.000,-190.000,-350.800,9.136,-190.000,-350.800,9.136,-190.000,-350.800,-0.000,-190.000,-340.400,9.136,-190.000,-350.800,-0.000,-190.000,-340.400,-0.000,-190.000,-340.400,9.136,-190.000,-340.400,9.136,-202.000,-340.400,-0.000,-202.000,-350.800,9.136,-202.000,-340.400,-0.000,-202.000,-350.800,-0.000,-202.000,-350.800,9.136,-202.000,-306.200,9.027,-190.000,-306.200,0.000,-190.000,-306.200,9.027,-202.000,-306.200,0.000,-190.000,-306.200,0.000,-202.000,-306.200,9.027,-202.000,-316.600,9.027,-202.000,-316.600,0.000,-202.000,-316.600,9.027,-190.000,-316.600,0.000,-202.000,-316.600,0.000,-190.000,-316.600,9.027,-190.000,-316.600,9.027,-190.000,-316.600,0.000,-190.000,-306.200,9.027,-190.000,-316.600,0.000,-190.000,-306.200,0.000,-190.000,-306.200,9.027,-190.000,-306.200,9.027,-202.000,-306.200,0.000,-202.000,-316.600,9.027,-202.000,-306.200,0.000,-202.000,-316.600,0.000,-202.000,-316.600,9.027,-202.000,-294.800,8.580,-190.000,-294.800,0.000,-190.000,-294.800,8.580,-202.000,-294.800,0.000,-190.000,-294.800,0.000,-202.000,-294.800,8.580,-202.000,-305.200,8.580,-202.000,-305.200,0.000,-202.000,-305.200,8.580,-190.000,-305.200,0.000,-202.000,-305.200,0.000,-190.000,-305.200,8.580,-190.000,-305.200,8.580,-190.000,-305.200,0.000,-190.000,-294.800,8.580,-190.000,-305.200,0.000,-190.000,-294.800,0.000,-190.000,-294.800,8.580,-190.000,-294.800,8.580,-202.000,-294.800,0.000,-202.000,-305.200,8.580,-202.000,-294.800,0.000,-202.000,-305.200,0.000,-202.000,-305.200,8.580,-202.000;;ffffffT1024
Mesh;48;;-589.000,15.000,-280.000,-589.000,0.000,-280.000,-589.000,15.000,-312.000,-589.000,0.000,-280.000,-589.000,0.000,-312.000,-589.000,15.000,-312.000,-647.000,15.000,-312.000,-647.000,0.000,-312.000,-647.000,15.000,-280.000,-647.000,0.000,-312.000,-647.000,0.000,-280.000,-647.000,15.000,-280.000,-647.000,15.000,-280.000,-647.000,0.000,-280.000,-589.000,15.000,-280.000,-647.000,0.000,-280.000,-589.000,0.000,-280.000,-589.000,15.000,-280.000,-589.000,15.000,-312.000,-589.000,0.000,-312.000,-647.000,15.000,-312.000,-589.000,0.000,-312.000,-647.000,0.000,-312.000,-647.000,15.000,-312.000,-589.000,15.000,-216.000,-589.000,0.000,-216.000,-589.000,15.000,-248.000,-589.000,0.000,-216.000,-589.000,0.000,-248.000,-589.000,15.000,-248.000,-647.000,15.000,-248.000,-647.000,0.000,-248.000,-647.000,15.000,-216.000,-647.000,0.000,-248.000,-647.000,0.000,-216.000,-647.000,15.000,-216.000,-647.000,15.000,-216.000,-647.000,0.000,-216.000,-589.000,15.000,-216.000,-647.000,0.000,-216.000,-589.000,0.000,-216.000,-589.000,15.000,-216.000,-589.000,15.000,-248.000,-589.000,0.000,-248.000,-647.000,15.000,-248.000,-589.000,0.000,-248.000,-647.000,0.000,-248.000,-647.000,15.000,-248.000;;ffffffT1024
Mesh;180;;-614.000,5.200,-277.100,-614.000,4.800,-277.100,-614.000,5.200,-280.100,-614.000,4.800,-277.100,-614.000,4.800,-280.100,-614.000,5.200,-280.100,-622.000,5.200,-280.100,-622.000,4.800,-280.100,-622.000,5.200,-277.100,-622.000,4.800,-280.100,-622.000,4.800,-277.100,-622.000,5.200,-277.100,-622.000,5.200,-280.100,-622.000,5.200,-277.100,-614.000,5.200,-280.100,-622.000,5.200,-277.100,-614.000,5.200,-277.100,-614.000,5.200,-280.100,-622.000,4.800,-277.100,-622.000,4.800,-280.100,-614.000,4.800,-277.100,-622.000,4.800,-280.100,-614.000,4.800,-280.100,-614.000,4.800,-277.100,-622.000,5.200,-277.100,-622.000,4.800,-277.100,-614.000,5.200,-277.100,-622.000,4.800,-277.100,-614.000,4.800,-277.100,-614.000,5.200,-277.100,-614.000,5.200,-280.100,-614.000,4.800,-280.100,-622.000,5.200,-280.100,-614.000,4.800,-280.100,-622.000,4.800,-280.100,-622.000,5.200,-280.100,-614.000,5.200,-213.100,-614.000,4.800,-213.100,-614.000,5.200,-216.100,-614.000,4.800,-213.100,-614.000,4.800,-216.100,-614.000,5.200,-216.100,-622.000,5.200,-216.100,-622.000,4.800,-216.100,-622.000,5.200,-213.100,-622.000,4.800,-216.100,-622.000,4.800,-213.100,-622.000,5.200,-213.100,-622.000,5.200,-216.100,-622.000,5.200,-213.100,-614.000,5.200,-216.100,-622.000,5.200,-213.100,-614.000,5.200,-213.100,-614.000,5.200,-216.100,-622.000,4.800,-213.100,-622.000,4.800,-216.100,-614.000,4.800,-213.100,-622.000,4.800,-216.100,-614.000,4.800,-216.100,-614.000,4.800,-213.100,-622.000,5.200,-213.100,-622.000,4.800,-213.100,-614.000,5.200,-213.100,-622.000,4.800,-213.100,-614.000,4.800,-213.100,-614.000,5.200,-213.100,-614.000,5.200,-216.100,-614.000,4.800,-216.100,-622.000,5.200,-216.100,-614.000,4.800,-216.100,-622.000,4.800,-216.100,-622.000,5.200,-216.100,-296.000,5.200,-270.100,-296.000,4.800,-270.100,-296.000,5.200,-273.100,-296.000,4.800,-270.100,-296.000,4.800,-273.100,-296.000,5.200,-273.100,-304.000,5.200,-273.100,-304.000,4.800,-273.100,-304.000,5.200,-270.100,-304.000,4.800,-273.100,-304.000,4.800,-270.100,-304.000,5.200,-270.100,-304.000,5.200,-273.100,-304.000,5.200,-270.100,-296.000,5.200,-273.100,-304.000,5.200,-270.100,-296.000,5.200,-270.100,-296.000,5.200,-273.100,-304.000,4.800,-270.100,-304.000,4.800,-273.100,-296.000,4.800,-270.100,-304.000,4.800,-273.100,-296.000,4.800,-273.100,-296.000,4.800,-270.100;;5d6d7e
Mesh;1440;;-621.400,4.800,-277.240,-621.400,-0.000,-277.240,-621.320,4.800,-277.261,-621.400,-0.000,-277.240,-621.320,-0.000,-277.261,-621.320,4.800,-277.261,-621.320,4.800,-277.261,-621.320,-0.000,-277.261,-621.261,4.800,-277.320,-621.320,-0.000,-277.261,-621.261,-0.000,-277.320,-621.261,4.800,-277.320,-621.261,4.800,-277.320,-621.261,-0.000,-277.320,-621.240,4.800,-277.400,-621.261,-0.000,-277.320,-621.240,-0.000,-277.400,-621.240,4.800,-277.400,-621.240,4.800,-277.400,-621.240,-0.000,-277.400,-621.261,4.800,-277.480,-621.240,-0.000,-277.400,-621.261,-0.000,-277.480,-621.261,4.800,-277.480,-621.261,4.800,-277.480,-621.261,-0.000,-277.480,-621.320,4.800,-277.539,-621.261,-0.000,-277.480,-621.320,-0.000,-277.539,-621.320,4.800,-277.539,-621.320,4.800,-277.539,-621.320,-0.000,-277.539,-621.400,4.800,-277.560,-621.320,-0.000,-277.539,-621.400,-0.000,-277.560,-621.400,4.800,-277.560,-621.400,4.800,-277.560,-621.400,-0.000,-277.560,-621.480,4.800,-277.539,-621.400,-0.000,-277.560,-621.480,-0.000,-277.539,-621.480,4.800,-277.539,-621.480,4.800,-277.539,-621.480,-0.000,-277.539,-621.539,4.800,-277.480,-621.480,-0.000,-277.539,-621.539,-0.000,-277.480,-621.539,4.800,-277.480,-621.539,4.800,-277.480,-621.539,-0.000,-277.480,-621.560,4.800,-277.400,-621.539,-0.000,-277.480,-621.560,-0.000,-277.400,-621.560,4.800,-277.400,-621.560,4.800,-277.400,-621.560,-0.000,-277.400,-621.539,4.800,-277.320,-621.560,-0.000,-277.400,-621.539,-0.000,-277.320,-621.539,4.800,-277.320,-621.539,4.800,-277.320,-621.539,-0.000,-277.320,-621.480,4.800,-277.261,-621.539,-0.000,-277.320,-621.480,-0.000,-277.261,-621.480,4.800,-277.261,-621.480,4.800,-277.261,-621.480,-0.000,-277.261,-621.400,4.800,-277.240,-621.480,-0.000,-277.261,-621.400,-0.000,-277.240,-621.400,4.800,-277.240,-621.400,4.800,-277.240,-621.320,4.800,-277.261,-621.400,4.800,-277.400,-621.320,4.800,-277.261,-621.261,4.800,-277.320,-621.400,4.800,-277.400,-621.261,4.800,-277.320,-621.240,4.800,-277.400,-621.400,4.800,-277.400,-621.240,4.800,-277.400,-621.261,4.800,-277.480,-621.400,4.800,-277.400,-621.261,4.800,-277.480,-621.320,4.800,-277.539,-621.400,4.800,-277.400,-621.320,4.800,-277.539,-621.400,4.800,-277.560,-621.400,4.800,-277.400,-621.400,4.800,-277.560,-621.480,4.800,-277.539,-621.400,4.800,-277.400,-621.480,4.800,-277.539,-621.539,4.800,-277.480,-621.400,4.800,-277.400;;4a5154
Mesh;24;;-270.000,15.000,-273.000,-270.000,0.000,-273.000,-270.000,15.000,-307.000,-270.000,0.000,-273.000,-270.000,0.000,-307.000,-270.000,15.000,-307.000,-330.000,15.000,-307.000,-330.000,0.000,-307.000,-330.000,15.000,-273.000,-330.000,0.000,-307.000,-330.000,0.000,-273.000,-330.000,15.000,-273.000,-330.000,15.000,-273.000,-330.000,0.000,-273.000,-270.000,15.000,-273.000,-330.000,0.000,-273.000,-270.000,0.000,-273.000,-270.000,15.000,-273.000,-270.000,15.000,-307.000,-270.000,0.000,-307.000,-330.000,15.000,-307.000,-270.000,0.000,-307.000,-330.000,0.000,-307.000,-330.000,15.000,-307.000;;ffffffT1024
Mesh;48;;-238.000,13.000,-210.000,-238.000,0.000,-210.000,-238.000,13.000,-238.000,-238.000,0.000,-210.000,-238.000,0.000,-238.000,-238.000,13.000,-238.000,-286.000,13.000,-238.000,-286.000,0.000,-238.000,-286.000,13.000,-210.000,-286.000,0.000,-238.000,-286.000,0.000,-210.000,-286.000,13.000,-210.000,-286.000,13.000,-210.000,-286.000,0.000,-210.000,-238.000,13.000,-210.000,-286.000,0.000,-210.000,-238.000,0.000,-210.000,-238.000,13.000,-210.000,-238.000,13.000,-238.000,-238.000,0.000,-238.000,-286.000,13.000,-238.000,-238.000,0.000,-238.000,-286.000,0.000,-238.000,-286.000,13.000,-238.000,-595.000,12.000,-96.000,-595.000,0.000,-96.000,-595.000,12.000,-124.000,-595.000,0.000,-96.000,-595.000,0.000,-124.000,-595.000,12.000,-124.000,-645.000,12.000,-124.000,-645.000,0.000,-124.000,-645.000,12.000,-96.000,-645.000,0.000,-124.000,-645.000,0.000,-96.000,-645.000,12.000,-96.000,-645.000,12.000,-96.000,-645.000,0.000,-96.000,-595.000,12.000,-96.000,-645.000,0.000,-96.000,-595.000,0.000,-96.000,-595.000,12.000,-96.000,-595.000,12.000,-124.000,-595.000,0.000,-124.000,-645.000,12.000,-124.000,-595.000,0.000,-124.000,-645.000,0.000,-124.000,-645.000,12.000,-124.000;;ffffffT1024
Mesh;504;;-708.505,7.385,120.428,-708.505,0.500,120.428,-708.505,7.385,109.572,-708.505,0.500,120.428,-708.505,0.500,109.572,-708.505,7.385,109.572,-719.495,7.385,109.572,-719.495,0.500,109.572,-719.495,7.385,120.428,-719.495,0.500,109.572,-719.495,0.500,120.428,-719.495,7.385,120.428,-719.495,7.385,120.428,-719.495,0.500,120.428,-708.505,7.385,120.428,-719.495,0.500,120.428,-708.505,0.500,120.428,-708.505,7.385,120.428,-708.505,7.385,109.572,-708.505,0.500,109.572,-719.495,7.385,109.572,-708.505,0.500,109.572,-719.495,0.500,109.572,-719.495,7.385,109.572,-702.960,3.400,118.654,-702.960,-0.000,118.654,-702.960,3.400,109.969,-702.960,-0.000,118.654,-702.960,-0.000,109.969,-702.960,3.400,109.969,-709.005,3.400,109.969,-709.005,-0.000,109.969,-709.005,3.400,118.654,-709.005,-0.000,109.969,-709.005,-0.000,118.654,-709.005,3.400,118.654,-709.005,3.400,118.654,-709.005,-0.000,118.654,-702.960,3.400,118.654,-709.005,-0.000,118.654,-702.960,-0.000,118.654,-702.960,3.400,118.654,-702.960,3.400,109.969,-702.960,-0.000,109.969,-709.005,3.400,109.969,-702.960,-0.000,109.969,-709.005,-0.000,109.969,-709.005,3.400,109.969,-720.841,7.505,170.279,-720.841,0.500,170.279,-720.841,7.505,179.721,-720.841,0.500,170.279,-720.841,0.500,179.721,-720.841,7.505,179.721,-707.159,7.505,179.721,-707.159,0.500,179.721,-707.159,7.505,170.279,-707.159,0.500,179.721,-707.159,0.500,170.279,-707.159,7.505,170.279,-707.159,7.505,170.279,-707.159,0.500,170.279,-720.841,7.505,170.279,-707.159,0.500,170.279,-720.841,0.500,170.279,-720.841,7.505,170.279,-720.841,7.505,179.721,-720.841,0.500,179.721,-707.159,7.505,179.721,-720.841,0.500,179.721,-707.159,0.500,179.721,-707.159,7.505,179.721,-727.867,3.400,171.522,-727.867,-0.000,171.522,-727.867,3.400,179.077,-727.867,-0.000,171.522,-727.867,-0.000,179.077,-727.867,3.400,179.077,-720.341,3.400,179.077,-720.341,-0.000,179.077,-720.341,3.400,171.522,-720.341,-0.000,179.077,-720.341,-0.000,171.522,-720.341,3.400,171.522,-720.341,3.400,171.522,-720.341,-0.000,171.522,-727.867,3.400,171.522,-720.341,-0.000,171.522,-727.867,-0.000,171.522,-727.867,3.400,171.522,-727.867,3.400,179.077,-727.867,-0.000,179.077,-720.341,3.400,179.077,-727.867,-0.000,179.077,-720.341,-0.000,179.077,-720.341,3.400,179.077;;ffffffT128
Mesh;60;;-719.495,7.385,109.572,-719.495,7.385,120.428,-708.505,7.385,109.572,-719.495,7.385,120.428,-708.505,7.385,120.428,-708.505,7.385,109.572,-720.103,7.385,108.979,-720.103,7.385,121.021,-720.103,10.898,115.000,-707.897,10.898,115.000,-707.897,7.385,121.021,-707.897,7.385,108.979,-720.103,7.385,108.979,-720.103,10.898,115.000,-707.897,7.385,108.979,-720.103,10.898,115.000,-707.897,10.898,115.000,-707.897,7.385,108.979,-720.103,10.898,115.000,-720.103,7.385,121.021,-707.897,10.898,115.000,-720.103,7.385,121.021,-707.897,7.385,121.021,-707.897,10.898,115.000,-720.103,7.385,121.021,-720.103,7.385,108.979,-707.897,7.385,121.021,-720.103,7.385,108.979,-707.897,7.385,108.979,-707.897,7.385,121.021,-709.005,3.400,109.969,-709.005,3.400,118.654,-702.960,3.400,109.969,-709.005,3.400,118.654,-702.960,3.400,118.654,-702.960,3.400,109.969,-702.360,3.400,109.369,-709.605,3.400,109.369,-705.983,5.200,109.369,-705.983,5.200,119.254,-709.605,3.400,119.254,-702.360,3.400,119.254,-702.360,3.400,109.369,-705.983,5.200,109.369,-702.360,3.400,119.254,-705.983,5.200,109.369,-705.983,5.200,119.254,-702.360,3.400,119.254,-705.983,5.200,109.369,-709.605,3.400,109.369,-705.983,5.200,119.254,-709.605,3.400,109.369,-709.605,3.400,119.254,-705.983,5.200,119.254,-709.605,3.400,109.369,-702.360,3.400,109.369,-709.605,3.400,119.254,-702.360,3.400,109.369,-702.360,3.400,119.254,-709.605,3.400,119.254;;5a5048T2048
Mesh;1080;;-714.419,2.600,120.948,-714.419,0.000,120.948,-714.419,2.600,120.548,-714.419,0.000,120.948,-714.419,0.000,120.548,-714.419,2.600,120.548,-716.219,2.600,120.548,-716.219,0.000,120.548,-716.219,2.600,120.948,-716.219,0.000,120.548,-716.219,0.000,120.948,-716.219,2.600,120.948,-716.219,2.600,120.548,-716.219,2.600,120.948,-714.419,2.600,120.548,-716.219,2.600,120.948,-714.419,2.600,120.948,-714.419,2.600,120.548,-716.219,0.000,120.948,-716.219,0.000,120.548,-714.419,0.000,120.948,-716.219,0.000,120.548,-714.419,0.000,120.548,-714.419,0.000,120.948,-716.219,2.600,120.948,-716.219,0.000,120.948,-714.419,2.600,120.948,-716.219,0.000,120.948,-714.419,0.000,120.948,-714.419,2.600,120.948,-714.419,2.600,120.548,-714.419,0.000,120.548,-716.219,2.600,120.548,-714.419,0.000,120.548,-716.219,0.000,120.548,-716.219,2.600,120.548,-680.752,2.400,120.761,-680.752,-0.000,120.761,-680.752,2.400,120.361,-680.752,-0.000,120.761,-680.752,-0.000,120.361,-680.752,2.400,120.361,-682.452,2.400,120.361,-682.452,-0.000,120.361,-682.452,2.400,120.761,-682.452,-0.000,120.361,-682.452,-0.000,120.761,-682.452,2.400,120.761,-682.452,2.400,120.361,-682.452,2.400,120.761,-680.752,2.400,120.361,-682.452,2.400,120.761,-680.752,2.400,120.761,-680.752,2.400,120.361,-682.452,-0.000,120.761,-682.452,-0.000,120.361,-680.752,-0.000,120.761,-682.452,-0.000,120.361,-680.752,-0.000,120.361,-680.752,-0.000,120.761,-682.452,2.400,120.761,-682.452,-0.000,120.761,-680.752,2.400,120.761,-682.452,-0.000,120.761,-680.752,-0.000,120.761,-680.752,2.400,120.761,-680.752,2.400,120.361,-680.752,-0.000,120.361,-682.452,2.400,120.361,-680.752,-0.000,120.361,-682.452,-0.000,120.361,-682.452,2.400,120.361,-745.308,2.600,169.910,-745.308,0.000,169.910,-745.308,2.600,170.310,-745.308,0.000,169.910,-745.308,0.000,170.310,-745.308,2.600,170.310,-743.508,2.600,170.310,-743.508,0.000,170.310,-743.508,2.600,169.910,-743.508,0.000,170.310,-743.508,0.000,169.910,-743.508,2.600,169.910,-743.508,2.600,170.310,-743.508,2.600,169.910,-745.308,2.600,170.310,-743.508,2.600,169.910,-745.308,2.600,169.910,-745.308,2.600,170.310,-743.508,0.000,169.910,-743.508,0.000,170.310,-745.308,0.000,169.910,-743.508,0.000,170.310,-745.308,0.000,170.310,-745.308,0.000,169.910;;7a3b2e
Mesh;600;;-708.159,2.950,118.674,-708.159,0.250,118.674,-703.807,2.950,118.674,-708.159,0.250,118.674,-703.807,0.250,118.674,-703.807,2.950,118.674,-671.100,2.550,117.911,-671.100,0.250,117.911,-665.251,2.550,117.911,-671.100,0.250,117.911,-665.251,0.250,117.911,-665.251,2.550,117.911,-784.204,2.950,170.229,-784.204,0.250,170.229,-788.806,2.950,170.229,-784.204,0.250,170.229,-788.806,0.250,170.229,-788.806,2.950,170.229,-753.154,2.950,170.246,-753.154,0.250,170.246,-758.407,2.950,170.246,-753.154,0.250,170.246,-758.407,0.250,170.246,-758.407,2.950,170.246,-721.395,2.950,171.502,-721.395,0.250,171.502,-726.813,2.950,171.502,-721.395,0.250,171.502,-726.813,0.250,171.502,-726.813,2.950,171.502,-688.835,2.950,169.621,-688.835,0.250,169.621,-693.869,2.950,169.621,-688.835,0.250,169.621,-693.869,0.250,169.621,-693.869,2.950,169.621,-772.603,2.950,289.905,-772.603,0.250,289.905,-768.556,2.950,289.905,-772.603,0.250,289.905,-768.556,0.250,289.905,-768.556,2.950,289.905,-740.383,2.950,290.591,-740.383,0.250,290.591,-736.185,2.950,290.591,-740.383,0.250,290.591,-736.185,0.250,290.591,-736.185,2.950,290.591,-704.214,2.550,291.173,-704.214,0.250,291.173,-698.948,2.550,291.173,-704.214,0.250,291.173,-698.948,0.250,291.173,-698.948,2.550,291.173,-675.105,2.950,293.015,-675.105,0.250,293.015,-670.031,2.950,293.015,-675.105,0.250,293.015,-670.031,0.250,293.015,-670.031,2.950,293.015,-591.937,2.950,119.647,-591.937,0.250,119.647,-587.432,2.950,119.647,-591.937,0.250,119.647,-587.432,0.250,119.647,-587.432,2.950,119.647,-564.280,2.950,118.591,-564.280,0.250,118.591,-559.463,2.950,118.591,-564.280,0.250,118.591,-559.463,0.250,118.591,-559.463,2.950,118.591,-538.246,2.950,119.252,-538.246,0.250,119.252,-534.228,2.950,119.252,-538.246,0.250,119.252,-534.228,0.250,119.252,-534.228,2.950,119.252,-509.688,2.950,118.283,-509.688,0.250,118.283,-504.739,2.950,118.283,-509.688,0.250,118.283,-504.739,0.250,118.283,-504.739,2.950,118.283,-483.507,2.950,118.886,-483.507,0.250,118.886,-479.257,2.950,118.886,-483.507,0.250,118.886,-479.257,0.250,118.886,-479.257,2.950,118.886,-455.342,2.950,119.863,-455.342,0.250,119.863,-450.430,2.950,119.863,-455.342,0.250,119.863,-450.430,0.250,119.863,-450.430,2.950,119.863;;ffffffT128
Mesh;540;;-708.400,0.320,118.654,-708.400,0.320,126.654,-703.565,0.320,118.654,-708.400,0.320,126.654,-703.565,0.320,126.654,-703.565,0.320,118.654,-783.949,0.320,170.249,-783.949,0.320,162.249,-789.061,0.320,170.249,-783.949,0.320,162.249,-789.061,0.320,162.249,-789.061,0.320,170.249,-752.862,0.320,170.266,-752.862,0.320,162.266,-758.698,0.320,170.266,-752.862,0.320,162.266,-758.698,0.320,162.266,-758.698,0.320,170.266,-721.094,0.320,171.522,-721.094,0.320,163.522,-727.114,0.320,171.522,-721.094,0.320,163.522,-727.114,0.320,163.522,-727.114,0.320,171.522,-688.556,0.320,169.641,-688.556,0.320,161.641,-694.149,0.320,169.641,-688.556,0.320,161.641,-694.149,0.320,161.641,-694.149,0.320,169.641,-772.828,0.320,289.885,-772.828,0.320,297.885,-768.331,0.320,289.885,-772.828,0.320,297.885,-768.331,0.320,297.885,-768.331,0.320,289.885,-740.616,0.320,290.571,-740.616,0.320,298.571,-735.952,0.320,290.571,-740.616,0.320,298.571,-735.952,0.320,298.571,-735.952,0.320,290.571,-675.387,0.320,292.995,-675.387,0.320,300.995,-669.749,0.320,292.995,-675.387,0.320,300.995,-669.749,0.320,300.995,-669.749,0.320,292.995,-592.187,0.320,119.627,-592.187,0.320,127.627,-587.182,0.320,119.627,-592.187,0.320,127.627,-587.182,0.320,127.627,-587.182,0.320,119.627,-564.548,0.320,118.571,-564.548,0.320,126.571,-559.195,0.320,118.571,-564.548,0.320,126.571,-559.195,0.320,126.571,-559.195,0.320,118.571,-538.469,0.320,119.232,-538.469,0.320,127.232,-534.005,0.320,119.232,-538.469,0.320,127.232,-534.005,0.320,127.232,-534.005,0.320,119.232,-509.963,0.320,118.263,-509.963,0.320,126.263,-504.464,0.320,118.263,-509.963,0.320,126.263,-504.464,0.320,126.263,-504.464,0.320,118.263,-483.743,0.320,118.866,-483.743,0.320,126.866,-479.020,0.320,118.866,-483.743,0.320,126.866,-479.020,0.320,126.866,-479.020,0.320,118.866,-455.615,0.320,119.843,-455.615,0.320,127.843,-450.157,0.320,119.843,-455.615,0.320,127.843,-450.157,0.320,127.843,-450.157,0.320,119.843,-604.701,0.320,171.967,-604.701,0.320,163.967,-610.410,0.320,171.967,-604.701,0.320,163.967,-610.410,0.320,163.967,-610.410,0.320,171.967,-576.037,0.320,171.550,-576.037,0.320,163.550,-580.586,0.320,171.550,-576.037,0.320,163.550,-580.586,0.320,163.550,-580.586,0.320,171.550;;8f9296
Mesh;36;;-710.203,11.090,113.329,-710.203,8.290,113.329,-710.203,11.090,112.329,-710.203,8.290,113.329,-710.203,8.290,112.329,-710.203,11.090,112.329,-711.203,11.090,112.329,-711.203,8.290,112.329,-711.203,11.090,113.329,-711.203,8.290,112.329,-711.203,8.290,113.329,-711.203,11.090,113.329,-711.203,11.090,112.329,-711.203,11.090,113.329,-710.203,11.090,112.329,-711.203,11.090,113.329,-710.203,11.090,113.329,-710.203,11.090,112.329,-711.203,8.290,113.329,-711.203,8.290,112.329,-710.203,8.290,113.329,-711.203,8.290,112.329,-710.203,8.290,112.329,-710.203,8.290,113.329,-711.203,11.090,113.329,-711.203,8.290,113.329,-710.203,11.090,113.329,-711.203,8.290,113.329,-710.203,8.290,113.329,-710.203,11.090,113.329,-710.203,11.090,112.329,-710.203,8.290,112.329,-711.203,11.090,112.329,-710.203,8.290,112.329,-711.203,8.290,112.329,-711.203,11.090,112.329;;ffffffT128
Mesh;48;;-672.053,4.396,120.241,-672.053,0.400,120.241,-672.053,4.396,109.759,-672.053,0.400,120.241,-672.053,0.400,109.759,-672.053,4.396,109.759,-691.947,4.396,109.759,-691.947,0.400,109.759,-691.947,4.396,120.241,-691.947,0.400,109.759,-691.947,0.400,120.241,-691.947,4.396,120.241,-691.947,4.396,120.241,-691.947,0.400,120.241,-672.053,4.396,120.241,-691.947,0.400,120.241,-672.053,0.400,120.241,-672.053,4.396,120.241,-672.053,4.396,109.759,-672.053,0.400,109.759,-691.947,4.396,109.759,-672.053,0.400,109.759,-691.947,0.400,109.759,-691.947,4.396,109.759,-663.998,2.900,117.891,-663.998,-0.000,117.891,-663.998,2.900,110.030,-663.998,-0.000,117.891,-663.998,-0.000,110.030,-663.998,2.900,110.030,-672.353,2.900,110.030,-672.353,-0.000,110.030,-672.353,2.900,117.891,-672.353,-0.000,110.030,-672.353,-0.000,117.891,-672.353,2.900,117.891,-672.353,2.900,117.891,-672.353,-0.000,117.891,-663.998,2.900,117.891,-672.353,-0.000,117.891,-663.998,-0.000,117.891,-663.998,2.900,117.891,-663.998,2.900,110.030,-663.998,-0.000,110.030,-672.353,2.900,110.030,-663.998,-0.000,110.030,-672.353,-0.000,110.030,-672.353,2.900,110.030;;ffffffT1024
Mesh;84;;-691.947,4.396,109.759,-691.947,4.396,120.241,-672.053,4.396,109.759,-691.947,4.396,120.241,-672.053,4.396,120.241,-672.053,4.396,109.759,-681.992,5.346,115.008,-674.138,3.346,122.862,-681.985,5.346,114.985,-674.138,3.346,122.862,-667.078,3.346,100.078,-681.985,5.346,114.985,-681.985,5.346,114.985,-667.078,3.346,100.078,-682.008,5.346,114.992,-667.078,3.346,100.078,-689.862,3.346,107.138,-682.008,5.346,114.992,-682.008,5.346,114.992,-689.862,3.346,107.138,-682.015,5.346,115.015,-689.862,3.346,107.138,-696.922,3.346,129.922,-682.015,5.346,115.015,-682.015,5.346,115.015,-696.922,3.346,129.922,-681.992,5.346,115.008,-696.922,3.346,129.922,-674.138,3.346,122.862,-681.992,5.346,115.008,-681.992,5.346,115.008,-681.985,5.346,114.985,-682.000,5.346,115.000,-681.985,5.346,114.985,-682.008,5.346,114.992,-682.000,5.346,115.000,-682.008,5.346,114.992,-682.015,5.346,115.015,-682.000,5.346,115.000,-682.015,5.346,115.015,-681.992,5.346,115.008,-682.000,5.346,115.000,-667.078,3.346,100.078,-674.138,3.346,122.862,-682.000,3.346,115.000,-689.862,3.346,107.138,-667.078,3.346,100.078,-682.000,3.346,115.000,-696.922,3.346,129.922,-689.862,3.346,107.138,-682.000,3.346,115.000,-674.138,3.346,122.862,-696.922,3.346,129.922,-682.000,3.346,115.000,-672.353,2.900,110.030,-672.353,2.900,117.891,-663.998,2.900,110.030,-672.353,2.900,117.891,-663.998,2.900,117.891,-663.998,2.900,110.030,-663.398,2.900,109.430,-672.953,2.900,109.430,-668.176,4.300,109.430,-668.176,4.300,118.491,-672.953,2.900,118.491,-663.398,2.900,118.491,-663.398,2.900,109.430,-668.176,4.300,109.430,-663.398,2.900,118.491,-668.176,4.300,109.430,-668.176,4.300,118.491,-663.398,2.900,118.491,-668.176,4.300,109.430,-672.953,2.900,109.430,-668.176,4.300,118.491,-672.953,2.900,109.430,-672.953,2.900,118.491,-668.176,4.300,118.491,-672.953,2.900,109.430,-663.398,2.900,109.430,-672.953,2.900,118.491,-663.398,2.900,109.430,-663.398,2.900,118.491,-672.953,2.900,118.491;;54504aT2048
Mesh;384;;-783.810,7.016,169.619,-783.810,0.500,169.619,-783.810,7.016,180.381,-783.810,0.500,169.619,-783.810,0.500,180.381,-783.810,7.016,180.381,-772.190,7.016,180.381,-772.190,0.500,180.381,-772.190,7.016,169.619,-772.190,0.500,180.381,-772.190,0.500,169.619,-772.190,7.016,169.619,-772.190,7.016,169.619,-772.190,0.500,169.619,-783.810,7.016,169.619,-772.190,0.500,169.619,-783.810,0.500,169.619,-783.810,7.016,169.619,-783.810,7.016,180.381,-783.810,0.500,180.381,-772.190,7.016,180.381,-783.810,0.500,180.381,-772.190,0.500,180.381,-772.190,7.016,180.381,-789.701,3.400,170.249,-789.701,-0.000,170.249,-789.701,3.400,178.858,-789.701,-0.000,170.249,-789.701,-0.000,178.858,-789.701,3.400,178.858,-783.310,3.400,178.858,-783.310,-0.000,178.858,-783.310,3.400,170.249,-783.310,-0.000,178.858,-783.310,-0.000,170.249,-783.310,3.400,170.249,-783.310,3.400,170.249,-783.310,-0.000,170.249,-789.701,3.400,170.249,-783.310,-0.000,170.249,-789.701,-0.000,170.249,-789.701,3.400,170.249,-789.701,3.400,178.858,-789.701,-0.000,178.858,-783.310,3.400,178.858,-789.701,-0.000,178.858,-783.310,-0.000,178.858,-783.310,3.400,178.858,-675.592,7.191,292.761,-675.592,0.500,292.761,-675.592,7.191,281.239,-675.592,0.500,292.761,-675.592,0.500,281.239,-675.592,7.191,281.239,-688.408,7.191,281.239,-688.408,0.500,281.239,-688.408,7.191,292.761,-688.408,0.500,281.239,-688.408,0.500,292.761,-688.408,7.191,292.761,-688.408,7.191,292.761,-688.408,0.500,292.761,-675.592,7.191,292.761,-688.408,0.500,292.761,-675.592,0.500,292.761,-675.592,7.191,292.761,-675.592,7.191,281.239,-675.592,0.500,281.239,-688.408,7.191,281.239,-675.592,0.500,281.239,-688.408,0.500,281.239,-688.408,7.191,281.239,-669.044,3.400,292.995,-669.044,-0.000,292.995,-669.044,3.400,283.777,-669.044,-0.000,292.995,-669.044,-0.000,283.777,-669.044,3.400,283.777,-676.092,3.400,283.777,-676.092,-0.000,283.777,-676.092,3.400,292.995,-676.092,-0.000,283.777,-676.092,-0.000,292.995,-676.092,3.400,292.995,-676.092,3.400,292.995,-676.092,-0.000,292.995,-669.044,3.400,292.995,-676.092,-0.000,292.995,-669.044,-0.000,292.995,-669.044,3.400,292.995,-669.044,3.400,283.777,-669.044,-0.000,283.777,-676.092,3.400,283.777,-669.044,-0.000,283.777,-676.092,-0.000,283.777,-676.092,3.400,283.777;;ffffffT1024
Mesh;60;;-772.190,7.016,180.381,-772.190,7.016,169.619,-783.810,7.016,180.381,-772.190,7.016,169.619,-783.810,7.016,169.619,-783.810,7.016,180.381,-771.542,7.016,180.937,-771.542,7.016,169.063,-771.542,10.536,175.000,-784.458,10.536,175.000,-784.458,7.016,169.063,-784.458,7.016,180.937,-771.542,7.016,180.937,-771.542,10.536,175.000,-784.458,7.016,180.937,-771.542,10.536,175.000,-784.458,10.536,175.000,-784.458,7.016,180.937,-771.542,10.536,175.000,-771.542,7.016,169.063,-784.458,10.536,175.000,-771.542,7.016,169.063,-784.458,7.016,169.063,-784.458,10.536,175.000,-771.542,7.016,169.063,-771.542,7.016,180.937,-784.458,7.016,169.063,-771.542,7.016,180.937,-784.458,7.016,180.937,-784.458,7.016,169.063,-783.310,3.400,178.858,-783.310,3.400,170.249,-789.701,3.400,178.858,-783.310,3.400,170.249,-789.701,3.400,170.249,-789.701,3.400,178.858,-790.301,3.400,179.458,-782.710,3.400,179.458,-786.505,5.200,179.458,-786.505,5.200,169.649,-782.710,3.400,169.649,-790.301,3.400,169.649,-790.301,3.400,179.458,-786.505,5.200,179.458,-790.301,3.400,169.649,-786.505,5.200,179.458,-786.505,5.200,169.649,-790.301,3.400,169.649,-786.505,5.200,179.458,-782.710,3.400,179.458,-786.505,5.200,169.649,-782.710,3.400,179.458,-782.710,3.400,169.649,-786.505,5.200,169.649,-782.710,3.400,179.458,-790.301,3.400,179.458,-782.710,3.400,169.649,-790.301,3.400,179.458,-790.301,3.400,169.649,-782.710,3.400,169.649;;54504aT2048
Mesh;1548;;-777.506,2.600,169.099,-777.506,0.000,169.099,-777.506,2.600,169.499,-777.506,0.000,169.099,-777.506,0.000,169.499,-777.506,2.600,169.499,-775.706,2.600,169.499,-775.706,0.000,169.499,-775.706,2.600,169.099,-775.706,0.000,169.499,-775.706,0.000,169.099,-775.706,2.600,169.099,-775.706,2.600,169.499,-775.706,2.600,169.099,-777.506,2.600,169.499,-775.706,2.600,169.099,-777.506,2.600,169.099,-777.506,2.600,169.499,-775.706,0.000,169.099,-775.706,0.000,169.499,-777.506,0.000,169.099,-775.706,0.000,169.499,-777.506,0.000,169.499,-777.506,0.000,169.099,-775.706,2.600,169.099,-775.706,0.000,169.099,-777.506,2.600,169.099,-775.706,0.000,169.099,-777.506,0.000,169.099,-777.506,2.600,169.099,-777.506,2.600,169.499,-777.506,0.000,169.499,-775.706,2.600,169.499,-777.506,0.000,169.499,-775.706,0.000,169.499,-775.706,2.600,169.499,-713.258,2.600,169.759,-713.258,0.000,169.759,-713.258,2.600,170.159,-713.258,0.000,169.759,-713.258,0.000,170.159,-713.258,2.600,170.159,-711.458,2.600,170.159,-711.458,0.000,170.159,-711.458,2.600,169.759,-711.458,0.000,170.159,-711.458,0.000,169.759,-711.458,2.600,169.759,-711.458,2.600,170.159,-711.458,2.600,169.759,-713.258,2.600,170.159,-711.458,2.600,169.759,-713.258,2.600,169.759,-713.258,2.600,170.159,-711.458,0.000,169.759,-711.458,0.000,170.159,-713.258,0.000,169.759,-711.458,0.000,170.159,-713.258,0.000,170.159,-713.258,0.000,169.759,-711.458,2.600,169.759,-711.458,0.000,169.759,-713.258,2.600,169.759,-711.458,0.000,169.759,-713.258,0.000,169.759,-713.258,2.600,169.759,-713.258,2.600,170.159,-713.258,0.000,170.159,-711.458,2.600,170.159,-713.258,0.000,170.159,-711.458,0.000,170.159,-711.458,2.600,170.159,-681.374,2.600,169.399,-681.374,0.000,169.399,-681.374,2.600,169.799,-681.374,0.000,169.399,-681.374,0.000,169.799,-681.374,2.600,169.799,-679.574,2.600,169.799,-679.574,0.000,169.799,-679.574,2.600,169.399,-679.574,0.000,169.799,-679.574,0.000,169.399,-679.574,2.600,169.399,-679.574,2.600,169.799,-679.574,2.600,169.399,-681.374,2.600,169.799,-679.574,2.600,169.399,-681.374,2.600,169.399,-681.374,2.600,169.799,-679.574,0.000,169.399,-679.574,0.000,169.799,-681.374,0.000,169.399,-679.574,0.000,169.799,-681.374,0.000,169.799,-681.374,0.000,169.399;;2e4a5f
Mesh;36;;-781.986,10.724,176.652,-781.986,7.924,176.652,-781.986,10.724,177.652,-781.986,7.924,176.652,-781.986,7.924,177.652,-781.986,10.724,177.652,-780.986,10.724,177.652,-780.986,7.924,177.652,-780.986,10.724,176.652,-780.986,7.924,177.652,-780.986,7.924,176.652,-780.986,10.724,176.652,-780.986,10.724,177.652,-780.986,10.724,176.652,-781.986,10.724,177.652,-780.986,10.724,176.652,-781.986,10.724,176.652,-781.986,10.724,177.652,-780.986,7.924,176.652,-780.986,7.924,177.652,-781.986,7.924,176.652,-780.986,7.924,177.652,-781.986,7.924,177.652,-781.986,7.924,176.652,-780.986,10.724,176.652,-780.986,7.924,176.652,-781.986,10.724,176.652,-780.986,7.924,176.652,-781.986,7.924,176.652,-781.986,10.724,176.652,-781.986,10.724,177.652,-781.986,7.924,177.652,-780.986,10.724,177.652,-781.986,7.924,177.652,-780.986,7.924,177.652,-780.986,10.724,177.652;;ffffffT128
Mesh;432;;-752.632,6.985,170.430,-752.632,0.500,170.430,-752.632,6.985,179.570,-752.632,0.500,170.430,-752.632,0.500,179.570,-752.632,6.985,179.570,-739.368,6.985,179.570,-739.368,0.500,179.570,-739.368,6.985,170.430,-739.368,0.500,179.570,-739.368,0.500,170.430,-739.368,6.985,170.430,-739.368,6.985,170.430,-739.368,0.500,170.430,-752.632,6.985,170.430,-739.368,0.500,170.430,-752.632,0.500,170.430,-752.632,6.985,170.430,-752.632,6.985,179.570,-752.632,0.500,179.570,-739.368,6.985,179.570,-752.632,0.500,179.570,-739.368,0.500,179.570,-739.368,6.985,179.570,-759.428,3.400,170.266,-759.428,-0.000,170.266,-759.428,3.400,177.578,-759.428,-0.000,170.266,-759.428,-0.000,177.578,-759.428,3.400,177.578,-752.132,3.400,177.578,-752.132,-0.000,177.578,-752.132,3.400,170.266,-752.132,-0.000,177.578,-752.132,-0.000,170.266,-752.132,3.400,170.266,-752.132,3.400,170.266,-752.132,-0.000,170.266,-759.428,3.400,170.266,-752.132,-0.000,170.266,-759.428,-0.000,170.266,-759.428,3.400,170.266,-759.428,3.400,177.578,-759.428,-0.000,177.578,-752.132,3.400,177.578,-759.428,-0.000,177.578,-752.132,-0.000,177.578,-752.132,3.400,177.578,-455.797,7.833,120.388,-455.797,0.500,120.388,-455.797,7.833,109.612,-455.797,0.500,120.388,-455.797,0.500,109.612,-455.797,7.833,109.612,-468.203,7.833,109.612,-468.203,0.500,109.612,-468.203,7.833,120.388,-468.203,0.500,109.612,-468.203,0.500,120.388,-468.203,7.833,120.388,-468.203,7.833,120.388,-468.203,0.500,120.388,-455.797,7.833,120.388,-468.203,0.500,120.388,-455.797,0.500,120.388,-455.797,7.833,120.388,-455.797,7.833,109.612,-455.797,0.500,109.612,-468.203,7.833,109.612,-455.797,0.500,109.612,-468.203,0.500,109.612,-468.203,7.833,109.612,-449.475,3.400,119.843,-449.475,-0.000,119.843,-449.475,3.400,111.222,-449.475,-0.000,119.843,-449.475,-0.000,111.222,-449.475,3.400,111.222,-456.297,3.400,111.222,-456.297,-0.000,111.222,-456.297,3.400,119.843,-456.297,-0.000,111.222,-456.297,-0.000,119.843,-456.297,3.400,119.843,-456.297,3.400,119.843,-456.297,-0.000,119.843,-449.475,3.400,119.843,-456.297,-0.000,119.843,-449.475,-0.000,119.843,-449.475,3.400,119.843,-449.475,3.400,111.222,-449.475,-0.000,111.222,-456.297,3.400,111.222,-449.475,-0.000,111.222,-456.297,-0.000,111.222,-456.297,3.400,111.222;;ffffffT128
Mesh;60;;-739.368,6.985,179.570,-739.368,6.985,170.430,-752.632,6.985,179.570,-739.368,6.985,170.430,-752.632,6.985,170.430,-752.632,6.985,179.570,-753.232,6.985,180.170,-738.768,6.985,180.170,-746.000,10.690,180.170,-746.000,10.690,169.830,-738.768,6.985,169.830,-753.232,6.985,169.830,-753.232,6.985,180.170,-746.000,10.690,180.170,-753.232,6.985,169.830,-746.000,10.690,180.170,-746.000,10.690,169.830,-753.232,6.985,169.830,-746.000,10.690,180.170,-738.768,6.985,180.170,-746.000,10.690,169.830,-738.768,6.985,180.170,-738.768,6.985,169.830,-746.000,10.690,169.830,-738.768,6.985,180.170,-753.232,6.985,180.170,-738.768,6.985,169.830,-753.232,6.985,180.170,-753.232,6.985,169.830,-738.768,6.985,169.830,-752.132,3.400,177.578,-752.132,3.400,170.266,-759.428,3.400,177.578,-752.132,3.400,170.266,-759.428,3.400,170.266,-759.428,3.400,177.578,-760.028,3.400,178.178,-751.532,3.400,178.178,-755.780,5.200,178.178,-755.780,5.200,169.666,-751.532,3.400,169.666,-760.028,3.400,169.666,-760.028,3.400,178.178,-755.780,5.200,178.178,-760.028,3.400,169.666,-755.780,5.200,178.178,-755.780,5.200,169.666,-760.028,3.400,169.666,-755.780,5.200,178.178,-751.532,3.400,178.178,-755.780,5.200,169.666,-751.532,3.400,178.178,-751.532,3.400,169.666,-755.780,5.200,169.666,-751.532,3.400,178.178,-760.028,3.400,178.178,-751.532,3.400,169.666,-760.028,3.400,178.178,-760.028,3.400,169.666,-751.532,3.400,169.666;;54504aT2048
Mesh;36;;-750.479,10.767,176.328,-750.479,7.967,176.328,-750.479,10.767,177.328,-750.479,7.967,176.328,-750.479,7.967,177.328,-750.479,10.767,177.328,-749.479,10.767,177.328,-749.479,7.967,177.328,-749.479,10.767,176.328,-749.479,7.967,177.328,-749.479,7.967,176.328,-749.479,10.767,176.328,-749.479,10.767,177.328,-749.479,10.767,176.328,-750.479,10.767,177.328,-749.479,10.767,176.328,-750.479,10.767,176.328,-750.479,10.767,177.328,-749.479,7.967,176.328,-749.479,7.967,177.328,-750.479,7.967,176.328,-749.479,7.967,177.328,-750.479,7.967,177.328,-750.479,7.967,176.328,-749.479,10.767,176.328,-749.479,7.967,176.328,-750.479,10.767,176.328,-749.479,7.967,176.328,-750.479,7.967,176.328,-750.479,10.767,176.328,-750.479,10.767,177.328,-750.479,7.967,177.328,-749.479,10.767,177.328,-750.479,7.967,177.328,-749.479,7.967,177.328,-749.479,10.767,177.328;;ffffffT128
Mesh;60;;-707.159,7.505,179.721,-707.159,7.505,170.279,-720.841,7.505,179.721,-707.159,7.505,170.279,-720.841,7.505,170.279,-720.841,7.505,179.721,-721.441,7.505,180.321,-706.559,7.505,180.321,-714.000,10.033,180.321,-714.000,10.033,169.679,-706.559,7.505,169.679,-721.441,7.505,169.679,-721.441,7.505,180.321,-714.000,10.033,180.321,-721.441,7.505,169.679,-714.000,10.033,180.321,-714.000,10.033,169.679,-721.441,7.505,169.679,-714.000,10.033,180.321,-706.559,7.505,180.321,-714.000,10.033,169.679,-706.559,7.505,180.321,-706.559,7.505,169.679,-714.000,10.033,169.679,-706.559,7.505,180.321,-721.441,7.505,180.321,-706.559,7.505,169.679,-721.441,7.505,180.321,-721.441,7.505,169.679,-706.559,7.505,169.679,-720.341,3.400,179.077,-720.341,3.400,171.522,-727.867,3.400,179.077,-720.341,3.400,171.522,-727.867,3.400,171.522,-727.867,3.400,179.077,-728.467,3.400,179.676,-719.741,3.400,179.676,-724.104,5.200,179.676,-724.104,5.200,170.922,-719.741,3.400,170.922,-728.467,3.400,170.922,-728.467,3.400,179.676,-724.104,5.200,179.676,-728.467,3.400,170.922,-724.104,5.200,179.676,-724.104,5.200,170.922,-728.467,3.400,170.922,-724.104,5.200,179.676,-719.741,3.400,179.676,-724.104,5.200,170.922,-719.741,3.400,179.676,-719.741,3.400,170.922,-724.104,5.200,170.922,-719.741,3.400,179.676,-728.467,3.400,179.676,-719.741,3.400,170.922,-728.467,3.400,179.676,-728.467,3.400,170.922,-719.741,3.400,170.922;;5a5048T2048
Mesh;432;;-688.356,7.078,169.919,-688.356,0.500,169.919,-688.356,7.078,180.081,-688.356,0.500,169.919,-688.356,0.500,180.081,-688.356,7.078,180.081,-675.644,7.078,180.081,-675.644,0.500,180.081,-675.644,7.078,169.919,-675.644,0.500,180.081,-675.644,0.500,169.919,-675.644,7.078,169.919,-675.644,7.078,169.919,-675.644,0.500,169.919,-688.356,7.078,169.919,-675.644,0.500,169.919,-688.356,0.500,169.919,-688.356,7.078,169.919,-688.356,7.078,180.081,-688.356,0.500,180.081,-675.644,7.078,180.081,-688.356,0.500,180.081,-675.644,0.500,180.081,-675.644,7.078,180.081,-694.848,3.400,169.641,-694.848,-0.000,169.641,-694.848,3.400,177.770,-694.848,-0.000,169.641,-694.848,-0.000,177.770,-694.848,3.400,177.770,-687.856,3.400,177.770,-687.856,-0.000,177.770,-687.856,3.400,169.641,-687.856,-0.000,177.770,-687.856,-0.000,169.641,-687.856,3.400,169.641,-687.856,3.400,169.641,-687.856,-0.000,169.641,-694.848,3.400,169.641,-687.856,-0.000,169.641,-694.848,-0.000,169.641,-694.848,3.400,169.641,-694.848,3.400,177.770,-694.848,-0.000,177.770,-687.856,3.400,177.770,-694.848,-0.000,177.770,-687.856,-0.000,177.770,-687.856,3.400,177.770,-383.481,6.285,170.049,-383.481,0.500,170.049,-383.481,6.285,179.951,-383.481,0.500,170.049,-383.481,0.500,179.951,-383.481,6.285,179.951,-372.519,6.285,179.951,-372.519,0.500,179.951,-372.519,6.285,170.049,-372.519,0.500,179.951,-372.519,0.500,170.049,-372.519,6.285,170.049,-372.519,6.285,170.049,-372.519,0.500,170.049,-383.481,6.285,170.049,-372.519,0.500,170.049,-383.481,0.500,170.049,-383.481,6.285,170.049,-383.481,6.285,179.951,-383.481,0.500,179.951,-372.519,6.285,179.951,-383.481,0.500,179.951,-372.519,0.500,179.951,-372.519,6.285,179.951,-389.010,3.400,171.894,-389.010,-0.000,171.894,-389.010,3.400,179.815,-389.010,-0.000,171.894,-389.010,-0.000,179.815,-389.010,3.400,179.815,-382.981,3.400,179.815,-382.981,-0.000,179.815,-382.981,3.400,171.894,-382.981,-0.000,179.815,-382.981,-0.000,171.894,-382.981,3.400,171.894,-382.981,3.400,171.894,-382.981,-0.000,171.894,-389.010,3.400,171.894,-382.981,-0.000,171.894,-389.010,-0.000,171.894,-389.010,3.400,171.894,-389.010,3.400,179.815,-389.010,-0.000,179.815,-382.981,3.400,179.815,-389.010,-0.000,179.815,-382.981,-0.000,179.815,-382.981,3.400,179.815;;ffffffT128
Mesh;60;;-675.644,7.078,180.081,-675.644,7.078,169.919,-688.356,7.078,180.081,-675.644,7.078,169.919,-688.356,7.078,169.919,-688.356,7.078,180.081,-674.893,7.078,180.561,-674.893,7.078,169.439,-674.893,10.693,175.000,-689.107,10.693,175.000,-689.107,7.078,169.439,-689.107,7.078,180.561,-674.893,7.078,180.561,-674.893,10.693,175.000,-689.107,7.078,180.561,-674.893,10.693,175.000,-689.107,10.693,175.000,-689.107,7.078,180.561,-674.893,10.693,175.000,-674.893,7.078,169.439,-689.107,10.693,175.000,-674.893,7.078,169.439,-689.107,7.078,169.439,-689.107,10.693,175.000,-674.893,7.078,169.439,-674.893,7.078,180.561,-689.107,7.078,169.439,-674.893,7.078,180.561,-689.107,7.078,180.561,-689.107,7.078,169.439,-687.856,3.400,177.770,-687.856,3.400,169.641,-694.848,3.400,177.770,-687.856,3.400,169.641,-694.848,3.400,169.641,-694.848,3.400,177.770,-695.448,3.400,178.370,-687.256,3.400,178.370,-691.352,5.200,178.370,-691.352,5.200,169.041,-687.256,3.400,169.041,-695.448,3.400,169.041,-695.448,3.400,178.370,-691.352,5.200,178.370,-695.448,3.400,169.041,-691.352,5.200,178.370,-691.352,5.200,169.041,-695.448,3.400,169.041,-691.352,5.200,178.370,-687.256,3.400,178.370,-691.352,5.200,169.041,-687.256,3.400,178.370,-687.256,3.400,169.041,-691.352,5.200,169.041,-687.256,3.400,178.370,-695.448,3.400,178.370,-687.256,3.400,169.041,-695.448,3.400,178.370,-695.448,3.400,169.041,-687.256,3.400,169.041;;54504aT2048
Mesh;36;;-686.314,10.824,176.532,-686.314,8.024,176.532,-686.314,10.824,177.532,-686.314,8.024,176.532,-686.314,8.024,177.532,-686.314,10.824,177.532,-685.314,10.824,177.532,-685.314,8.024,177.532,-685.314,10.824,176.532,-685.314,8.024,177.532,-685.314,8.024,176.532,-685.314,10.824,176.532,-685.314,10.824,177.532,-685.314,10.824,176.532,-686.314,10.824,177.532,-685.314,10.824,176.532,-686.314,10.824,176.532,-686.314,10.824,177.532,-685.314,8.024,176.532,-685.314,8.024,177.532,-686.314,8.024,176.532,-685.314,8.024,177.532,-686.314,8.024,177.532,-686.314,8.024,176.532,-685.314,10.824,176.532,-685.314,8.024,176.532,-686.314,10.824,176.532,-685.314,8.024,176.532,-686.314,8.024,176.532,-686.314,10.824,176.532,-686.314,10.824,177.532,-686.314,8.024,177.532,-685.314,10.824,177.532,-686.314,8.024,177.532,-685.314,8.024,177.532,-685.314,10.824,177.532;;ffffffT128
Mesh;576;;-772.890,7.043,292.147,-772.890,0.500,292.147,-772.890,7.043,281.853,-772.890,0.500,292.147,-772.890,0.500,281.853,-772.890,7.043,281.853,-783.110,7.043,281.853,-783.110,0.500,281.853,-783.110,7.043,292.147,-783.110,0.500,281.853,-783.110,0.500,292.147,-783.110,7.043,292.147,-783.110,7.043,292.147,-783.110,0.500,292.147,-772.890,7.043,292.147,-783.110,0.500,292.147,-772.890,0.500,292.147,-772.890,7.043,292.147,-772.890,7.043,281.853,-772.890,0.500,281.853,-783.110,7.043,281.853,-772.890,0.500,281.853,-783.110,0.500,281.853,-783.110,7.043,281.853,-767.769,3.400,289.885,-767.769,-0.000,289.885,-767.769,3.400,281.650,-767.769,-0.000,289.885,-767.769,-0.000,281.650,-767.769,3.400,281.650,-773.390,3.400,281.650,-773.390,-0.000,281.650,-773.390,3.400,289.885,-773.390,-0.000,281.650,-773.390,-0.000,289.885,-773.390,3.400,289.885,-773.390,3.400,289.885,-773.390,-0.000,289.885,-767.769,3.400,289.885,-773.390,-0.000,289.885,-767.769,-0.000,289.885,-767.769,3.400,289.885,-767.769,3.400,281.650,-767.769,-0.000,281.650,-773.390,3.400,281.650,-767.769,-0.000,281.650,-773.390,-0.000,281.650,-773.390,3.400,281.650,-591.991,7.018,292.626,-591.991,0.500,292.626,-591.991,7.018,281.374,-591.991,0.500,292.626,-591.991,0.500,281.374,-591.991,7.018,281.374,-604.009,7.018,281.374,-604.009,0.500,281.374,-604.009,7.018,292.626,-604.009,0.500,281.374,-604.009,0.500,292.626,-604.009,7.018,292.626,-604.009,7.018,292.626,-604.009,0.500,292.626,-591.991,7.018,292.626,-604.009,0.500,292.626,-591.991,0.500,292.626,-591.991,7.018,292.626,-591.991,7.018,281.374,-591.991,0.500,281.374,-604.009,7.018,281.374,-591.991,0.500,281.374,-604.009,0.500,281.374,-604.009,7.018,281.374,-585.881,3.400,290.657,-585.881,-0.000,290.657,-585.881,3.400,281.656,-585.881,-0.000,290.657,-585.881,-0.000,281.656,-585.881,3.400,281.656,-592.491,3.400,281.656,-592.491,-0.000,281.656,-592.491,3.400,290.657,-592.491,-0.000,281.656,-592.491,-0.000,290.657,-592.491,3.400,290.657,-592.491,3.400,290.657,-592.491,-0.000,290.657,-585.881,3.400,290.657,-592.491,-0.000,290.657,-585.881,-0.000,290.657,-585.881,3.400,290.657,-585.881,3.400,281.656,-585.881,-0.000,281.656,-592.491,3.400,281.656,-585.881,-0.000,281.656,-592.491,-0.000,281.656,-592.491,3.400,281.656;;ffffffT128
Mesh;60;;-783.110,7.043,281.853,-783.110,7.043,292.147,-772.890,7.043,281.853,-783.110,7.043,292.147,-772.890,7.043,292.147,-772.890,7.043,281.853,-783.706,7.043,281.249,-783.706,7.043,292.751,-783.706,10.661,287.000,-772.294,10.661,287.000,-772.294,7.043,292.751,-772.294,7.043,281.249,-783.706,7.043,281.249,-783.706,10.661,287.000,-772.294,7.043,281.249,-783.706,10.661,287.000,-772.294,10.661,287.000,-772.294,7.043,281.249,-783.706,10.661,287.000,-783.706,7.043,292.751,-772.294,10.661,287.000,-783.706,7.043,292.751,-772.294,7.043,292.751,-772.294,10.661,287.000,-783.706,7.043,292.751,-783.706,7.043,281.249,-772.294,7.043,292.751,-783.706,7.043,281.249,-772.294,7.043,281.249,-772.294,7.043,292.751,-773.390,3.400,281.650,-773.390,3.400,289.885,-767.769,3.400,281.650,-773.390,3.400,289.885,-767.769,3.400,289.885,-767.769,3.400,281.650,-767.169,3.400,281.050,-773.990,3.400,281.050,-770.579,5.200,281.050,-770.579,5.200,290.485,-773.990,3.400,290.485,-767.169,3.400,290.485,-767.169,3.400,281.050,-770.579,5.200,281.050,-767.169,3.400,290.485,-770.579,5.200,281.050,-770.579,5.200,290.485,-767.169,3.400,290.485,-770.579,5.200,281.050,-773.990,3.400,281.050,-770.579,5.200,290.485,-773.990,3.400,281.050,-773.990,3.400,290.485,-770.579,5.200,290.485,-773.990,3.400,281.050,-767.169,3.400,281.050,-773.990,3.400,290.485,-767.169,3.400,281.050,-767.169,3.400,290.485,-773.990,3.400,290.485;;6d4c3dT2048
Mesh;336;;-740.699,7.432,292.573,-740.699,0.500,292.573,-740.699,7.432,281.427,-740.699,0.500,292.573,-740.699,0.500,281.427,-740.699,7.432,281.427,-751.301,7.432,281.427,-751.301,0.500,281.427,-751.301,7.432,292.573,-751.301,0.500,281.427,-751.301,0.500,292.573,-751.301,7.432,292.573,-751.301,7.432,292.573,-751.301,0.500,292.573,-740.699,7.432,292.573,-751.301,0.500,292.573,-740.699,0.500,292.573,-740.699,7.432,292.573,-740.699,7.432,281.427,-740.699,0.500,281.427,-751.301,7.432,281.427,-740.699,0.500,281.427,-751.301,0.500,281.427,-751.301,7.432,281.427,-735.369,3.400,290.571,-735.369,-0.000,290.571,-735.369,3.400,281.654,-735.369,-0.000,290.571,-735.369,-0.000,281.654,-735.369,3.400,281.654,-741.199,3.400,281.654,-741.199,-0.000,281.654,-741.199,3.400,290.571,-741.199,-0.000,281.654,-741.199,-0.000,290.571,-741.199,3.400,290.571,-741.199,3.400,290.571,-741.199,-0.000,290.571,-735.369,3.400,290.571,-741.199,-0.000,290.571,-735.369,-0.000,290.571,-735.369,3.400,290.571,-735.369,3.400,281.654,-735.369,-0.000,281.654,-741.199,3.400,281.654,-735.369,-0.000,281.654,-741.199,-0.000,281.654,-741.199,3.400,281.654,-468.882,7.997,169.499,-468.882,0.500,169.499,-468.882,7.997,180.501,-468.882,0.500,169.499,-468.882,0.500,180.501,-468.882,7.997,180.501,-455.118,7.997,180.501,-455.118,0.500,180.501,-455.118,7.997,169.499,-455.118,0.500,180.501,-455.118,0.500,169.499,-455.118,7.997,169.499,-455.118,7.997,169.499,-455.118,0.500,169.499,-468.882,7.997,169.499,-455.118,0.500,169.499,-468.882,0.500,169.499,-468.882,7.997,169.499,-468.882,7.997,180.501,-468.882,0.500,180.501,-455.118,7.997,180.501,-468.882,0.500,180.501,-455.118,0.500,180.501,-455.118,7.997,180.501,-475.953,3.400,171.661,-475.953,-0.000,171.661,-475.953,3.400,180.463,-475.953,-0.000,171.661,-475.953,-0.000,180.463,-475.953,3.400,180.463,-468.382,3.400,180.463,-468.382,-0.000,180.463,-468.382,3.400,171.661,-468.382,-0.000,180.463,-468.382,-0.000,171.661,-468.382,3.400,171.661,-468.382,3.400,171.661,-468.382,-0.000,171.661,-475.953,3.400,171.661,-468.382,-0.000,171.661,-475.953,-0.000,171.661,-475.953,3.400,171.661,-475.953,3.400,180.463,-475.953,-0.000,180.463,-468.382,3.400,180.463,-475.953,-0.000,180.463,-468.382,-0.000,180.463,-468.382,3.400,180.463;;ffffffT1024
Mesh;60;;-751.301,7.432,281.427,-751.301,7.432,292.573,-740.699,7.432,281.427,-751.301,7.432,292.573,-740.699,7.432,292.573,-740.699,7.432,281.427,-740.099,7.432,280.827,-751.901,7.432,280.827,-746.000,9.973,280.827,-746.000,9.973,293.173,-751.901,7.432,293.173,-740.099,7.432,293.173,-740.099,7.432,280.827,-746.000,9.973,280.827,-740.099,7.432,293.173,-746.000,9.973,280.827,-746.000,9.973,293.173,-740.099,7.432,293.173,-746.000,9.973,280.827,-751.901,7.432,280.827,-746.000,9.973,293.173,-751.901,7.432,280.827,-751.901,7.432,293.173,-746.000,9.973,293.173,-751.901,7.432,280.827,-740.099,7.432,280.827,-751.901,7.432,293.173,-740.099,7.432,280.827,-740.099,7.432,293.173,-751.901,7.432,293.173,-741.199,3.400,281.654,-741.199,3.400,290.571,-735.369,3.400,281.654,-741.199,3.400,290.571,-735.369,3.400,290.571,-735.369,3.400,281.654,-734.769,3.400,281.054,-741.799,3.400,281.054,-738.284,5.200,281.054,-738.284,5.200,291.171,-741.799,3.400,291.171,-734.769,3.400,291.171,-734.769,3.400,281.054,-738.284,5.200,281.054,-734.769,3.400,291.171,-738.284,5.200,281.054,-738.284,5.200,291.171,-734.769,3.400,291.171,-738.284,5.200,281.054,-741.799,3.400,281.054,-738.284,5.200,291.171,-741.799,3.400,281.054,-741.799,3.400,291.171,-738.284,5.200,291.171,-741.799,3.400,281.054,-734.769,3.400,281.054,-741.799,3.400,291.171,-734.769,3.400,281.054,-734.769,3.400,291.171,-741.799,3.400,291.171;;6b5a4dT2048
Mesh;552;;-705.043,4.799,292.184,-705.043,0.400,292.184,-705.043,4.799,281.816,-705.043,0.400,292.184,-705.043,0.400,281.816,-705.043,4.799,281.816,-722.957,4.799,281.816,-722.957,0.400,281.816,-722.957,4.799,292.184,-722.957,0.400,281.816,-722.957,0.400,292.184,-722.957,4.799,292.184,-722.957,4.799,292.184,-722.957,0.400,292.184,-705.043,4.799,292.184,-722.957,0.400,292.184,-705.043,0.400,292.184,-705.043,4.799,292.184,-705.043,4.799,281.816,-705.043,0.400,281.816,-722.957,4.799,281.816,-705.043,0.400,281.816,-722.957,0.400,281.816,-722.957,4.799,281.816,-697.819,2.900,291.153,-697.819,-0.000,291.153,-697.819,2.900,283.378,-697.819,-0.000,291.153,-697.819,-0.000,283.378,-697.819,2.900,283.378,-705.343,2.900,283.378,-705.343,-0.000,283.378,-705.343,2.900,291.153,-705.343,-0.000,283.378,-705.343,-0.000,291.153,-705.343,2.900,291.153,-705.343,2.900,291.153,-705.343,-0.000,291.153,-697.819,2.900,291.153,-705.343,-0.000,291.153,-697.819,-0.000,291.153,-697.819,2.900,291.153,-697.819,2.900,283.378,-697.819,-0.000,283.378,-705.343,2.900,283.378,-697.819,-0.000,283.378,-705.343,-0.000,283.378,-705.343,2.900,283.378,-564.717,6.675,119.860,-564.717,0.500,119.860,-564.717,6.675,110.140,-564.717,0.500,119.860,-564.717,0.500,110.140,-564.717,6.675,110.140,-576.883,6.675,110.140,-576.883,0.500,110.140,-576.883,6.675,119.860,-576.883,0.500,110.140,-576.883,0.500,119.860,-576.883,6.675,119.860,-576.883,6.675,119.860,-576.883,0.500,119.860,-564.717,6.675,119.860,-576.883,0.500,119.860,-564.717,0.500,119.860,-564.717,6.675,119.860,-564.717,6.675,110.140,-564.717,0.500,110.140,-576.883,6.675,110.140,-564.717,0.500,110.140,-576.883,0.500,110.140,-576.883,6.675,110.140,-558.526,3.400,118.571,-558.526,-0.000,118.571,-558.526,3.400,110.795,-558.526,-0.000,118.571,-558.526,-0.000,110.795,-558.526,3.400,110.795,-565.217,3.400,110.795,-565.217,-0.000,110.795,-565.217,3.400,118.571,-565.217,-0.000,110.795,-565.217,-0.000,118.571,-565.217,3.400,118.571,-565.217,3.400,118.571,-565.217,-0.000,118.571,-558.526,3.400,118.571,-565.217,-0.000,118.571,-558.526,-0.000,118.571,-558.526,3.400,118.571,-558.526,3.400,110.795,-558.526,-0.000,110.795,-565.217,3.400,110.795,-558.526,-0.000,110.795,-565.217,-0.000,110.795,-565.217,3.400,110.795;;ffffffT128
Mesh;84;;-722.957,4.799,281.816,-722.957,4.799,292.184,-705.043,4.799,281.816,-722.957,4.799,292.184,-705.043,4.799,292.184,-705.043,4.799,281.816,-713.992,5.749,287.008,-706.224,3.749,294.776,-713.987,5.749,286.987,-706.224,3.749,294.776,-700.563,3.749,273.563,-713.987,5.749,286.987,-713.987,5.749,286.987,-700.563,3.749,273.563,-714.008,5.749,286.992,-700.563,3.749,273.563,-721.776,3.749,279.224,-714.008,5.749,286.992,-714.008,5.749,286.992,-721.776,3.749,279.224,-714.013,5.749,287.013,-721.776,3.749,279.224,-727.437,3.749,300.437,-714.013,5.749,287.013,-714.013,5.749,287.013,-727.437,3.749,300.437,-713.992,5.749,287.008,-727.437,3.749,300.437,-706.224,3.749,294.776,-713.992,5.749,287.008,-713.992,5.749,287.008,-713.987,5.749,286.987,-714.000,5.749,287.000,-713.987,5.749,286.987,-714.008,5.749,286.992,-714.000,5.749,287.000,-714.008,5.749,286.992,-714.013,5.749,287.013,-714.000,5.749,287.000,-714.013,5.749,287.013,-713.992,5.749,287.008,-714.000,5.749,287.000,-700.563,3.749,273.563,-706.224,3.749,294.776,-714.000,3.749,287.000,-721.776,3.749,279.224,-700.563,3.749,273.563,-714.000,3.749,287.000,-727.437,3.749,300.437,-721.776,3.749,279.224,-714.000,3.749,287.000,-706.224,3.749,294.776,-727.437,3.749,300.437,-714.000,3.749,287.000,-705.343,2.900,283.378,-705.343,2.900,291.153,-697.819,2.900,283.378,-705.343,2.900,291.153,-697.819,2.900,291.153,-697.819,2.900,283.378,-697.219,2.900,282.778,-705.943,2.900,282.778,-701.581,4.300,282.778,-701.581,4.300,291.753,-705.943,2.900,291.753,-697.219,2.900,291.753,-697.219,2.900,282.778,-701.581,4.300,282.778,-697.219,2.900,291.753,-701.581,4.300,282.778,-701.581,4.300,291.753,-697.219,2.900,291.753,-701.581,4.300,282.778,-705.943,2.900,282.778,-701.581,4.300,291.753,-705.943,2.900,282.778,-705.943,2.900,291.753,-701.581,4.300,291.753,-705.943,2.900,282.778,-697.219,2.900,282.778,-705.943,2.900,291.753,-697.219,2.900,282.778,-697.219,2.900,291.753,-705.943,2.900,291.753;;54504aT2048
Mesh;60;;-688.408,7.191,281.239,-688.408,7.191,292.761,-675.592,7.191,281.239,-688.408,7.191,292.761,-675.592,7.191,292.761,-675.592,7.191,281.239,-689.075,7.191,280.700,-689.075,7.191,293.300,-689.075,10.106,287.000,-674.925,10.106,287.000,-674.925,7.191,293.300,-674.925,7.191,280.700,-689.075,7.191,280.700,-689.075,10.106,287.000,-674.925,7.191,280.700,-689.075,10.106,287.000,-674.925,10.106,287.000,-674.925,7.191,280.700,-689.075,10.106,287.000,-689.075,7.191,293.300,-674.925,10.106,287.000,-689.075,7.191,293.300,-674.925,7.191,293.300,-674.925,10.106,287.000,-689.075,7.191,293.300,-689.075,7.191,280.700,-674.925,7.191,293.300,-689.075,7.191,280.700,-674.925,7.191,280.700,-674.925,7.191,293.300,-676.092,3.400,283.777,-676.092,3.400,292.995,-669.044,3.400,283.777,-676.092,3.400,292.995,-669.044,3.400,292.995,-669.044,3.400,283.777,-668.444,3.400,283.177,-676.692,3.400,283.177,-672.568,5.200,283.177,-672.568,5.200,293.595,-676.692,3.400,293.595,-668.444,3.400,293.595,-668.444,3.400,283.177,-672.568,5.200,283.177,-668.444,3.400,293.595,-672.568,5.200,283.177,-672.568,5.200,293.595,-668.444,3.400,293.595,-672.568,5.200,283.177,-676.692,3.400,283.177,-672.568,5.200,293.595,-676.692,3.400,283.177,-676.692,3.400,293.595,-672.568,5.200,293.595,-676.692,3.400,283.177,-668.444,3.400,283.177,-676.692,3.400,293.595,-668.444,3.400,283.177,-668.444,3.400,293.595,-676.692,3.400,293.595;;54504aT2048
Mesh;1116;;-682.638,2.600,293.281,-682.638,0.000,293.281,-682.638,2.600,292.881,-682.638,0.000,293.281,-682.638,0.000,292.881,-682.638,2.600,292.881,-684.438,2.600,292.881,-684.438,0.000,292.881,-684.438,2.600,293.281,-684.438,0.000,292.881,-684.438,0.000,293.281,-684.438,2.600,293.281,-684.438,2.600,292.881,-684.438,2.600,293.281,-682.638,2.600,292.881,-684.438,2.600,293.281,-682.638,2.600,293.281,-682.638,2.600,292.881,-684.438,0.000,293.281,-684.438,0.000,292.881,-682.638,0.000,293.281,-684.438,0.000,292.881,-682.638,0.000,292.881,-682.638,0.000,293.281,-684.438,2.600,293.281,-684.438,0.000,293.281,-682.638,2.600,293.281,-684.438,0.000,293.281,-682.638,0.000,293.281,-682.638,2.600,293.281,-682.638,2.600,292.881,-682.638,0.000,292.881,-684.438,2.600,292.881,-682.638,0.000,292.881,-684.438,0.000,292.881,-684.438,2.600,292.881,-598.465,2.600,121.160,-598.465,0.000,121.160,-598.465,2.600,120.760,-598.465,0.000,121.160,-598.465,0.000,120.760,-598.465,2.600,120.760,-600.265,2.600,120.760,-600.265,0.000,120.760,-600.265,2.600,121.160,-600.265,0.000,120.760,-600.265,0.000,121.160,-600.265,2.600,121.160,-600.265,2.600,120.760,-600.265,2.600,121.160,-598.465,2.600,120.760,-600.265,2.600,121.160,-598.465,2.600,121.160,-598.465,2.600,120.760,-600.265,0.000,121.160,-600.265,0.000,120.760,-598.465,0.000,121.160,-600.265,0.000,120.760,-598.465,0.000,120.760,-598.465,0.000,121.160,-600.265,2.600,121.160,-600.265,0.000,121.160,-598.465,2.600,121.160,-600.265,0.000,121.160,-598.465,0.000,121.160,-598.465,2.600,121.160,-598.465,2.600,120.760,-598.465,0.000,120.760,-600.265,2.600,120.760,-598.465,0.000,120.760,-600.265,0.000,120.760,-600.265,2.600,120.760,-543.918,2.600,120.487,-543.918,0.000,120.487,-543.918,2.600,120.087,-543.918,0.000,120.487,-543.918,0.000,120.087,-543.918,2.600,120.087,-545.718,2.600,120.087,-545.718,0.000,120.087,-545.718,2.600,120.487,-545.718,0.000,120.087,-545.718,0.000,120.487,-545.718,2.600,120.487,-545.718,2.600,120.087,-545.718,2.600,120.487,-543.918,2.600,120.087,-545.718,2.600,120.487,-543.918,2.600,120.487,-543.918,2.600,120.087,-545.718,0.000,120.487,-545.718,0.000,120.087,-543.918,0.000,120.487,-545.718,0.000,120.087,-543.918,0.000,120.087,-543.918,0.000,120.487;;4a5d3a
Mesh;36;;-677.655,10.657,285.196,-677.655,7.857,285.196,-677.655,10.657,284.196,-677.655,7.857,285.196,-677.655,7.857,284.196,-677.655,10.657,284.196,-678.655,10.657,284.196,-678.655,7.857,284.196,-678.655,10.657,285.196,-678.655,7.857,284.196,-678.655,7.857,285.196,-678.655,10.657,285.196,-678.655,10.657,284.196,-678.655,10.657,285.196,-677.655,10.657,284.196,-678.655,10.657,285.196,-677.655,10.657,285.196,-677.655,10.657,284.196,-678.655,7.857,285.196,-678.655,7.857,284.196,-677.655,7.857,285.196,-678.655,7.857,284.196,-677.655,7.857,284.196,-677.655,7.857,285.196,-678.655,10.657,285.196,-678.655,7.857,285.196,-677.655,10.657,285.196,-678.655,7.857,285.196,-677.655,7.857,285.196,-677.655,10.657,285.196,-677.655,10.657,284.196,-677.655,7.857,284.196,-678.655,10.657,284.196,-677.655,7.857,284.196,-678.655,7.857,284.196,-678.655,10.657,284.196;;ffffffT128
Mesh;480;;-592.312,7.784,120.640,-592.312,0.500,120.640,-592.312,7.784,109.360,-592.312,0.500,120.640,-592.312,0.500,109.360,-592.312,7.784,109.360,-603.688,7.784,109.360,-603.688,0.500,109.360,-603.688,7.784,120.640,-603.688,0.500,109.360,-603.688,0.500,120.640,-603.688,7.784,120.640,-603.688,7.784,120.640,-603.688,0.500,120.640,-592.312,7.784,120.640,-603.688,0.500,120.640,-592.312,0.500,120.640,-592.312,7.784,120.640,-592.312,7.784,109.360,-592.312,0.500,109.360,-603.688,7.784,109.360,-592.312,0.500,109.360,-603.688,0.500,109.360,-603.688,7.784,109.360,-586.556,3.400,119.627,-586.556,-0.000,119.627,-586.556,3.400,110.603,-586.556,-0.000,119.627,-586.556,-0.000,110.603,-586.556,3.400,110.603,-592.812,3.400,110.603,-592.812,-0.000,110.603,-592.812,3.400,119.627,-592.812,-0.000,110.603,-592.812,-0.000,119.627,-592.812,3.400,119.627,-592.812,3.400,119.627,-592.812,-0.000,119.627,-586.556,3.400,119.627,-592.812,-0.000,119.627,-586.556,-0.000,119.627,-586.556,3.400,119.627,-586.556,3.400,110.603,-586.556,-0.000,110.603,-592.812,3.400,110.603,-586.556,-0.000,110.603,-592.812,-0.000,110.603,-592.812,3.400,110.603,-220.779,6.714,169.579,-220.779,0.500,169.579,-220.779,6.714,180.421,-220.779,0.500,169.579,-220.779,0.500,180.421,-220.779,6.714,180.421,-208.554,6.714,180.421,-208.554,0.500,180.421,-208.554,6.714,169.579,-208.554,0.500,180.421,-208.554,0.500,169.579,-208.554,6.714,169.579,-208.554,6.714,169.579,-208.554,0.500,169.579,-220.779,6.714,169.579,-208.554,0.500,169.579,-220.779,0.500,169.579,-220.779,6.714,169.579,-220.779,6.714,180.421,-220.779,0.500,180.421,-208.554,6.714,180.421,-220.779,0.500,180.421,-208.554,0.500,180.421,-208.554,6.714,180.421,-227.002,3.400,170.207,-227.002,-0.000,170.207,-227.002,3.400,178.880,-227.002,-0.000,170.207,-227.002,-0.000,178.880,-227.002,3.400,178.880,-220.279,3.400,178.880,-220.279,-0.000,178.880,-220.279,3.400,170.207,-220.279,-0.000,178.880,-220.279,-0.000,170.207,-220.279,3.400,170.207,-220.279,3.400,170.207,-220.279,-0.000,170.207,-227.002,3.400,170.207,-220.279,-0.000,170.207,-227.002,-0.000,170.207,-227.002,3.400,170.207,-227.002,3.400,178.880,-227.002,-0.000,178.880,-220.279,3.400,178.880,-227.002,-0.000,178.880,-220.279,-0.000,178.880,-220.279,3.400,178.880;;ffffffT128
Mesh;60;;-603.688,7.784,109.360,-603.688,7.784,120.640,-592.312,7.784,109.360,-603.688,7.784,120.640,-592.312,7.784,120.640,-592.312,7.784,109.360,-604.293,7.784,108.765,-604.293,7.784,121.235,-604.293,11.253,115.000,-591.707,11.253,115.000,-591.707,7.784,121.235,-591.707,7.784,108.765,-604.293,7.784,108.765,-604.293,11.253,115.000,-591.707,7.784,108.765,-604.293,11.253,115.000,-591.707,11.253,115.000,-591.707,7.784,108.765,-604.293,11.253,115.000,-604.293,7.784,121.235,-591.707,11.253,115.000,-604.293,7.784,121.235,-591.707,7.784,121.235,-591.707,11.253,115.000,-604.293,7.784,121.235,-604.293,7.784,108.765,-591.707,7.784,121.235,-604.293,7.784,108.765,-591.707,7.784,108.765,-591.707,7.784,121.235,-592.812,3.400,110.603,-592.812,3.400,119.627,-586.556,3.400,110.603,-592.812,3.400,119.627,-586.556,3.400,119.627,-586.556,3.400,110.603,-585.956,3.400,110.003,-593.412,3.400,110.003,-589.684,5.200,110.003,-589.684,5.200,120.227,-593.412,3.400,120.227,-585.956,3.400,120.227,-585.956,3.400,110.003,-589.684,5.200,110.003,-585.956,3.400,120.227,-589.684,5.200,110.003,-589.684,5.200,120.227,-585.956,3.400,120.227,-589.684,5.200,110.003,-593.412,3.400,110.003,-589.684,5.200,120.227,-593.412,3.400,110.003,-593.412,3.400,120.227,-589.684,5.200,120.227,-593.412,3.400,110.003,-585.956,3.400,110.003,-593.412,3.400,120.227,-585.956,3.400,110.003,-585.956,3.400,120.227,-593.412,3.400,120.227;;4d5560T2048
Mesh;60;;-576.883,6.675,110.140,-576.883,6.675,119.860,-564.717,6.675,110.140,-576.883,6.675,119.860,-564.717,6.675,119.860,-564.717,6.675,110.140,-564.117,6.675,109.540,-577.483,6.675,109.540,-570.800,10.218,109.540,-570.800,10.218,120.460,-577.483,6.675,120.460,-564.117,6.675,120.460,-564.117,6.675,109.540,-570.800,10.218,109.540,-564.117,6.675,120.460,-570.800,10.218,109.540,-570.800,10.218,120.460,-564.117,6.675,120.460,-570.800,10.218,109.540,-577.483,6.675,109.540,-570.800,10.218,120.460,-577.483,6.675,109.540,-577.483,6.675,120.460,-570.800,10.218,120.460,-577.483,6.675,109.540,-564.117,6.675,109.540,-577.483,6.675,120.460,-564.117,6.675,109.540,-564.117,6.675,120.460,-577.483,6.675,120.460,-565.217,3.400,110.795,-565.217,3.400,118.571,-558.526,3.400,110.795,-565.217,3.400,118.571,-558.526,3.400,118.571,-558.526,3.400,110.795,-557.926,3.400,110.195,-565.817,3.400,110.195,-561.872,5.200,110.195,-561.872,5.200,119.171,-565.817,3.400,119.171,-557.926,3.400,119.171,-557.926,3.400,110.195,-561.872,5.200,110.195,-557.926,3.400,119.171,-561.872,5.200,110.195,-561.872,5.200,119.171,-557.926,3.400,119.171,-561.872,5.200,110.195,-565.817,3.400,110.195,-561.872,5.200,119.171,-565.817,3.400,110.195,-565.817,3.400,119.171,-561.872,5.200,119.171,-565.817,3.400,110.195,-557.926,3.400,110.195,-565.817,3.400,119.171,-557.926,3.400,110.195,-557.926,3.400,119.171,-565.817,3.400,119.171;;4d5560T2048
Mesh;192;;-538.527,7.230,119.967,-538.527,0.500,119.967,-538.527,7.230,110.033,-538.527,0.500,119.967,-538.527,0.500,110.033,-538.527,7.230,110.033,-548.673,7.230,110.033,-548.673,0.500,110.033,-548.673,7.230,119.967,-548.673,0.500,110.033,-548.673,0.500,119.967,-548.673,7.230,119.967,-548.673,7.230,119.967,-548.673,0.500,119.967,-538.527,7.230,119.967,-548.673,0.500,119.967,-538.527,0.500,119.967,-538.527,7.230,119.967,-538.527,7.230,110.033,-538.527,0.500,110.033,-548.673,7.230,110.033,-538.527,0.500,110.033,-548.673,0.500,110.033,-548.673,7.230,110.033,-533.447,3.400,119.232,-533.447,-0.000,119.232,-533.447,3.400,111.284,-533.447,-0.000,119.232,-533.447,-0.000,111.284,-533.447,3.400,111.284,-539.027,3.400,111.284,-539.027,-0.000,111.284,-539.027,3.400,119.232,-539.027,-0.000,111.284,-539.027,-0.000,119.232,-539.027,3.400,119.232,-539.027,3.400,119.232,-539.027,-0.000,119.232,-533.447,3.400,119.232,-539.027,-0.000,119.232,-533.447,-0.000,119.232,-533.447,3.400,119.232,-533.447,3.400,111.284,-533.447,-0.000,111.284,-539.027,3.400,111.284,-533.447,-0.000,111.284,-539.027,-0.000,111.284,-539.027,3.400,111.284,-494.439,6.294,169.295,-494.439,0.500,169.295,-494.439,6.294,180.705,-494.439,0.500,169.295,-494.439,0.500,180.705,-494.439,6.294,180.705,-483.961,6.294,180.705,-483.961,0.500,180.705,-483.961,6.294,169.295,-483.961,0.500,180.705,-483.961,0.500,169.295,-483.961,6.294,169.295,-483.961,6.294,169.295,-483.961,0.500,169.295,-494.439,6.294,169.295,-483.961,0.500,169.295,-494.439,0.500,169.295,-494.439,6.294,169.295,-494.439,6.294,180.705,-494.439,0.500,180.705,-483.961,6.294,180.705,-494.439,0.500,180.705,-483.961,0.500,180.705,-483.961,6.294,180.705,-499.702,3.400,171.482,-499.702,-0.000,171.482,-499.702,3.400,180.610,-499.702,-0.000,171.482,-499.702,-0.000,180.610,-499.702,3.400,180.610,-493.939,3.400,180.610,-493.939,-0.000,180.610,-493.939,3.400,171.482,-493.939,-0.000,180.610,-493.939,-0.000,171.482,-493.939,3.400,171.482,-493.939,3.400,171.482,-493.939,-0.000,171.482,-499.702,3.400,171.482,-493.939,-0.000,171.482,-499.702,-0.000,171.482,-499.702,3.400,171.482,-499.702,3.400,180.610,-499.702,-0.000,180.610,-493.939,3.400,180.610,-499.702,-0.000,180.610,-493.939,-0.000,180.610,-493.939,3.400,180.610;;ffffffT1024
Mesh;60;;-548.673,7.230,110.033,-548.673,7.230,119.967,-538.527,7.230,110.033,-548.673,7.230,119.967,-538.527,7.230,119.967,-538.527,7.230,110.033,-549.286,7.230,109.445,-549.286,7.230,120.555,-549.286,10.104,115.000,-537.914,10.104,115.000,-537.914,7.230,120.555,-537.914,7.230,109.445,-549.286,7.230,109.445,-549.286,10.104,115.000,-537.914,7.230,109.445,-549.286,10.104,115.000,-537.914,10.104,115.000,-537.914,7.230,109.445,-549.286,10.104,115.000,-549.286,7.230,120.555,-537.914,10.104,115.000,-549.286,7.230,120.555,-537.914,7.230,120.555,-537.914,10.104,115.000,-549.286,7.230,120.555,-549.286,7.230,109.445,-537.914,7.230,120.555,-549.286,7.230,109.445,-537.914,7.230,109.445,-537.914,7.230,120.555,-539.027,3.400,111.284,-539.027,3.400,119.232,-533.447,3.400,111.284,-539.027,3.400,119.232,-533.447,3.400,119.232,-533.447,3.400,111.284,-532.847,3.400,110.684,-539.627,3.400,110.684,-536.237,5.200,110.684,-536.237,5.200,119.832,-539.627,3.400,119.832,-532.847,3.400,119.832,-532.847,3.400,110.684,-536.237,5.200,110.684,-532.847,3.400,119.832,-536.237,5.200,110.684,-536.237,5.200,119.832,-532.847,3.400,119.832,-536.237,5.200,110.684,-539.627,3.400,110.684,-536.237,5.200,119.832,-539.627,3.400,110.684,-539.627,3.400,119.832,-536.237,5.200,119.832,-539.627,3.400,110.684,-532.847,3.400,110.684,-539.627,3.400,119.832,-532.847,3.400,110.684,-532.847,3.400,119.832,-539.627,3.400,119.832;;6d4c3dT2048
Mesh;144;;-510.151,6.332,119.565,-510.151,0.500,119.565,-510.151,6.332,110.435,-510.151,0.500,119.565,-510.151,0.500,110.435,-510.151,6.332,110.435,-522.649,6.332,110.435,-522.649,0.500,110.435,-522.649,6.332,119.565,-522.649,0.500,110.435,-522.649,0.500,119.565,-522.649,6.332,119.565,-522.649,6.332,119.565,-522.649,0.500,119.565,-510.151,6.332,119.565,-522.649,0.500,119.565,-510.151,0.500,119.565,-510.151,6.332,119.565,-510.151,6.332,110.435,-510.151,0.500,110.435,-522.649,6.332,110.435,-510.151,0.500,110.435,-522.649,0.500,110.435,-522.649,6.332,110.435,-503.776,3.400,118.263,-503.776,-0.000,118.263,-503.776,3.400,110.958,-503.776,-0.000,118.263,-503.776,-0.000,110.958,-503.776,3.400,110.958,-510.651,3.400,110.958,-510.651,-0.000,110.958,-510.651,3.400,118.263,-510.651,-0.000,110.958,-510.651,-0.000,118.263,-510.651,3.400,118.263,-510.651,3.400,118.263,-510.651,-0.000,118.263,-503.776,3.400,118.263,-510.651,-0.000,118.263,-503.776,-0.000,118.263,-503.776,3.400,118.263,-503.776,3.400,110.958,-503.776,-0.000,110.958,-510.651,3.400,110.958,-503.776,-0.000,110.958,-510.651,-0.000,110.958,-510.651,3.400,110.958,-315.120,6.572,120.807,-315.120,0.500,120.807,-315.120,6.572,109.193,-315.120,0.500,120.807,-315.120,0.500,109.193,-315.120,6.572,109.193,-328.880,6.572,109.193,-328.880,0.500,109.193,-328.880,6.572,120.807,-328.880,0.500,109.193,-328.880,0.500,120.807,-328.880,6.572,120.807,-328.880,6.572,120.807,-328.880,0.500,120.807,-315.120,6.572,120.807,-328.880,0.500,120.807,-315.120,0.500,120.807,-315.120,6.572,120.807,-315.120,6.572,109.193,-315.120,0.500,109.193,-328.880,6.572,109.193,-315.120,0.500,109.193,-328.880,0.500,109.193,-328.880,6.572,109.193,-308.052,3.400,120.090,-308.052,-0.000,120.090,-308.052,3.400,110.798,-308.052,-0.000,120.090,-308.052,-0.000,110.798,-308.052,3.400,110.798,-315.620,3.400,110.798,-315.620,-0.000,110.798,-315.620,3.400,120.090,-315.620,-0.000,110.798,-315.620,-0.000,120.090,-315.620,3.400,120.090,-315.620,3.400,120.090,-315.620,-0.000,120.090,-308.052,3.400,120.090,-315.620,-0.000,120.090,-308.052,-0.000,120.090,-308.052,3.400,120.090,-308.052,3.400,110.798,-308.052,-0.000,110.798,-315.620,3.400,110.798,-308.052,-0.000,110.798,-315.620,-0.000,110.798,-315.620,3.400,110.798;;ffffffT1024
Mesh;60;;-522.649,6.332,110.435,-522.649,6.332,119.565,-510.151,6.332,110.435,-522.649,6.332,119.565,-510.151,6.332,119.565,-510.151,6.332,110.435,-523.471,6.332,109.996,-523.471,6.332,120.004,-523.471,9.311,115.000,-509.329,9.311,115.000,-509.329,6.332,120.004,-509.329,6.332,109.996,-523.471,6.332,109.996,-523.471,9.311,115.000,-509.329,6.332,109.996,-523.471,9.311,115.000,-509.329,9.311,115.000,-509.329,6.332,109.996,-523.471,9.311,115.000,-523.471,6.332,120.004,-509.329,9.311,115.000,-523.471,6.332,120.004,-509.329,6.332,120.004,-509.329,9.311,115.000,-523.471,6.332,120.004,-523.471,6.332,109.996,-509.329,6.332,120.004,-523.471,6.332,109.996,-509.329,6.332,109.996,-509.329,6.332,120.004,-510.651,3.400,110.958,-510.651,3.400,118.263,-503.776,3.400,110.958,-510.651,3.400,118.263,-503.776,3.400,118.263,-503.776,3.400,110.958,-503.176,3.400,110.358,-511.251,3.400,110.358,-507.214,5.200,110.358,-507.214,5.200,118.863,-511.251,3.400,118.863,-503.176,3.400,118.863,-503.176,3.400,110.358,-507.214,5.200,110.358,-503.176,3.400,118.863,-507.214,5.200,110.358,-507.214,5.200,118.863,-503.176,3.400,118.863,-507.214,5.200,110.358,-511.251,3.400,110.358,-507.214,5.200,118.863,-511.251,3.400,110.358,-511.251,3.400,118.863,-507.214,5.200,118.863,-511.251,3.400,110.358,-503.176,3.400,110.358,-511.251,3.400,118.863,-503.176,3.400,110.358,-503.176,3.400,118.863,-511.251,3.400,118.863;;6d4c3dT2048
Mesh;36;;-512.150,9.824,113.674,-512.150,7.024,113.674,-512.150,9.824,112.674,-512.150,7.024,113.674,-512.150,7.024,112.674,-512.150,9.824,112.674,-513.150,9.824,112.674,-513.150,7.024,112.674,-513.150,9.824,113.674,-513.150,7.024,112.674,-513.150,7.024,113.674,-513.150,9.824,113.674,-513.150,9.824,112.674,-513.150,9.824,113.674,-512.150,9.824,112.674,-513.150,9.824,113.674,-512.150,9.824,113.674,-512.150,9.824,112.674,-513.150,7.024,113.674,-513.150,7.024,112.674,-512.150,7.024,113.674,-513.150,7.024,112.674,-512.150,7.024,112.674,-512.150,7.024,113.674,-513.150,9.824,113.674,-513.150,7.024,113.674,-512.150,9.824,113.674,-513.150,7.024,113.674,-512.150,7.024,113.674,-512.150,9.824,113.674,-512.150,9.824,112.674,-512.150,7.024,112.674,-513.150,9.824,112.674,-512.150,7.024,112.674,-513.150,7.024,112.674,-513.150,9.824,112.674;;ffffffT128
Mesh;60;;-494.567,6.729,109.537,-494.567,6.729,120.463,-483.833,6.729,109.537,-494.567,6.729,120.463,-483.833,6.729,120.463,-483.833,6.729,109.537,-483.233,6.729,108.937,-495.167,6.729,108.937,-489.200,10.196,108.937,-489.200,10.196,121.063,-495.167,6.729,121.063,-483.233,6.729,121.063,-483.233,6.729,108.937,-489.200,10.196,108.937,-483.233,6.729,121.063,-489.200,10.196,108.937,-489.200,10.196,121.063,-483.233,6.729,121.063,-489.200,10.196,108.937,-495.167,6.729,108.937,-489.200,10.196,121.063,-495.167,6.729,108.937,-495.167,6.729,121.063,-489.200,10.196,121.063,-495.167,6.729,108.937,-483.233,6.729,108.937,-495.167,6.729,121.063,-483.233,6.729,108.937,-483.233,6.729,121.063,-495.167,6.729,121.063,-484.333,3.400,110.124,-484.333,3.400,118.866,-478.430,3.400,110.124,-484.333,3.400,118.866,-478.430,3.400,118.866,-478.430,3.400,110.124,-477.830,3.400,109.524,-484.933,3.400,109.524,-481.382,5.200,109.524,-481.382,5.200,119.466,-484.933,3.400,119.466,-477.830,3.400,119.466,-477.830,3.400,109.524,-481.382,5.200,109.524,-477.830,3.400,119.466,-481.382,5.200,109.524,-481.382,5.200,119.466,-477.830,3.400,119.466,-481.382,5.200,109.524,-484.933,3.400,109.524,-481.382,5.200,119.466,-484.933,3.400,109.524,-484.933,3.400,119.466,-481.382,5.200,119.466,-484.933,3.400,109.524,-477.830,3.400,109.524,-484.933,3.400,119.466,-477.830,3.400,109.524,-477.830,3.400,119.466,-484.933,3.400,119.466;;5a5048T2048
Mesh;36;;-485.480,10.416,113.315,-485.480,7.616,113.315,-485.480,10.416,112.315,-485.480,7.616,113.315,-485.480,7.616,112.315,-485.480,10.416,112.315,-486.480,10.416,112.315,-486.480,7.616,112.315,-486.480,10.416,113.315,-486.480,7.616,112.315,-486.480,7.616,113.315,-486.480,10.416,113.315,-486.480,10.416,112.315,-486.480,10.416,113.315,-485.480,10.416,112.315,-486.480,10.416,113.315,-485.480,10.416,113.315,-485.480,10.416,112.315,-486.480,7.616,113.315,-486.480,7.616,112.315,-485.480,7.616,113.315,-486.480,7.616,112.315,-485.480,7.616,112.315,-485.480,7.616,113.315,-486.480,10.416,113.315,-486.480,7.616,113.315,-485.480,10.416,113.315,-486.480,7.616,113.315,-485.480,7.616,113.315,-485.480,10.416,113.315,-485.480,10.416,112.315,-485.480,7.616,112.315,-486.480,10.416,112.315,-485.480,7.616,112.315,-486.480,7.616,112.315,-486.480,10.416,112.315;;ffffffT128
Mesh;60;;-468.203,7.833,109.612,-468.203,7.833,120.388,-455.797,7.833,109.612,-468.203,7.833,120.388,-455.797,7.833,120.388,-455.797,7.833,109.612,-455.197,7.833,109.012,-468.803,7.833,109.012,-462.000,11.474,109.012,-462.000,11.474,120.988,-468.803,7.833,120.988,-455.197,7.833,120.988,-455.197,7.833,109.012,-462.000,11.474,109.012,-455.197,7.833,120.988,-462.000,11.474,109.012,-462.000,11.474,120.988,-455.197,7.833,120.988,-462.000,11.474,109.012,-468.803,7.833,109.012,-462.000,11.474,120.988,-468.803,7.833,109.012,-468.803,7.833,120.988,-462.000,11.474,120.988,-468.803,7.833,109.012,-455.197,7.833,109.012,-468.803,7.833,120.988,-455.197,7.833,109.012,-455.197,7.833,120.988,-468.803,7.833,120.988,-456.297,3.400,111.222,-456.297,3.400,119.843,-449.475,3.400,111.222,-456.297,3.400,119.843,-449.475,3.400,119.843,-449.475,3.400,111.222,-448.875,3.400,110.622,-456.897,3.400,110.622,-452.886,5.200,110.622,-452.886,5.200,120.443,-456.897,3.400,120.443,-448.875,3.400,120.443,-448.875,3.400,110.622,-452.886,5.200,110.622,-448.875,3.400,120.443,-452.886,5.200,110.622,-452.886,5.200,120.443,-448.875,3.400,120.443,-452.886,5.200,110.622,-456.897,3.400,110.622,-452.886,5.200,120.443,-456.897,3.400,110.622,-456.897,3.400,120.443,-452.886,5.200,120.443,-456.897,3.400,110.622,-448.875,3.400,110.622,-456.897,3.400,120.443,-448.875,3.400,110.622,-448.875,3.400,120.443,-456.897,3.400,120.443;;4d5560T2048
Mesh;60;;-591.513,6.886,180.245,-591.513,6.886,169.755,-604.487,6.886,180.245,-591.513,6.886,169.755,-604.487,6.886,169.755,-604.487,6.886,180.245,-590.770,6.886,180.730,-590.770,6.886,169.270,-590.770,10.481,175.000,-605.230,10.481,175.000,-605.230,6.886,169.270,-605.230,6.886,180.730,-590.770,6.886,180.730,-590.770,10.481,175.000,-605.230,6.886,180.730,-590.770,10.481,175.000,-605.230,10.481,175.000,-605.230,6.886,180.730,-590.770,10.481,175.000,-590.770,6.886,169.270,-605.230,10.481,175.000,-590.770,6.886,169.270,-605.230,6.886,169.270,-605.230,10.481,175.000,-590.770,6.886,169.270,-590.770,6.886,180.730,-605.230,6.886,169.270,-590.770,6.886,180.730,-605.230,6.886,180.730,-605.230,6.886,169.270,-603.987,3.400,180.359,-603.987,3.400,171.967,-611.124,3.400,180.359,-603.987,3.400,171.967,-611.124,3.400,171.967,-611.124,3.400,180.359,-611.724,3.400,180.959,-603.388,3.400,180.959,-607.556,5.200,180.959,-607.556,5.200,171.367,-603.388,3.400,171.367,-611.724,3.400,171.367,-611.724,3.400,180.959,-607.556,5.200,180.959,-611.724,3.400,171.367,-607.556,5.200,180.959,-607.556,5.200,171.367,-611.724,3.400,171.367,-607.556,5.200,180.959,-603.388,3.400,180.959,-607.556,5.200,171.367,-603.388,3.400,180.959,-603.388,3.400,171.367,-607.556,5.200,171.367,-603.388,3.400,180.959,-611.724,3.400,180.959,-603.388,3.400,171.367,-611.724,3.400,180.959,-611.724,3.400,171.367,-603.388,3.400,171.367;;54504aT2048
Mesh;36;;-602.393,10.624,176.598,-602.393,7.824,176.598,-602.393,10.624,177.598,-602.393,7.824,176.598,-602.393,7.824,177.598,-602.393,10.624,177.598,-601.393,10.624,177.598,-601.393,7.824,177.598,-601.393,10.624,176.598,-601.393,7.824,177.598,-601.393,7.824,176.598,-601.393,10.624,176.598,-601.393,10.624,177.598,-601.393,10.624,176.598,-602.393,10.624,177.598,-601.393,10.624,176.598,-602.393,10.624,176.598,-602.393,10.624,177.598,-601.393,7.824,176.598,-601.393,7.824,177.598,-602.393,7.824,176.598,-601.393,7.824,177.598,-602.393,7.824,177.598,-602.393,7.824,176.598,-601.393,10.624,176.598,-601.393,7.824,176.598,-602.393,10.624,176.598,-601.393,7.824,176.598,-602.393,7.824,176.598,-602.393,10.624,176.598,-602.393,10.624,177.598,-602.393,7.824,177.598,-601.393,10.624,177.598,-602.393,7.824,177.598,-601.393,7.824,177.598,-601.393,10.624,177.598;;ffffffT128
Mesh;60;;-565.631,6.832,179.503,-565.631,6.832,170.497,-575.969,6.832,179.503,-565.631,6.832,170.497,-575.969,6.832,170.497,-575.969,6.832,179.503,-564.943,6.832,180.026,-564.943,6.832,169.974,-564.943,10.602,175.000,-576.657,10.602,175.000,-576.657,6.832,169.974,-576.657,6.832,180.026,-564.943,6.832,180.026,-564.943,10.602,175.000,-576.657,6.832,180.026,-564.943,10.602,175.000,-576.657,10.602,175.000,-576.657,6.832,180.026,-564.943,10.602,175.000,-564.943,6.832,169.974,-576.657,10.602,175.000,-564.943,6.832,169.974,-576.657,6.832,169.974,-576.657,10.602,175.000,-564.943,6.832,169.974,-564.943,6.832,180.026,-576.657,6.832,169.974,-564.943,6.832,180.026,-576.657,6.832,180.026,-576.657,6.832,169.974,-575.469,3.400,178.754,-575.469,3.400,171.550,-581.154,3.400,178.754,-575.469,3.400,171.550,-581.154,3.400,171.550,-581.154,3.400,178.754,-581.754,3.400,179.354,-574.869,3.400,179.354,-578.312,5.200,179.354,-578.312,5.200,170.950,-574.869,3.400,170.950,-581.754,3.400,170.950,-581.754,3.400,179.354,-578.312,5.200,179.354,-581.754,3.400,170.950,-578.312,5.200,179.354,-578.312,5.200,170.950,-581.754,3.400,170.950,-578.312,5.200,179.354,-574.869,3.400,179.354,-578.312,5.200,170.950,-574.869,3.400,179.354,-574.869,3.400,170.950,-578.312,5.200,170.950,-574.869,3.400,179.354,-581.754,3.400,179.354,-574.869,3.400,170.950,-581.754,3.400,179.354,-581.754,3.400,170.950,-574.869,3.400,170.950;;4d5560T2048
Mesh;96;;-552.990,4.662,169.094,-552.990,0.400,169.094,-552.990,4.662,180.906,-552.990,0.400,169.094,-552.990,0.400,180.906,-552.990,4.662,180.906,-534.210,4.662,180.906,-534.210,0.400,180.906,-534.210,4.662,169.094,-534.210,0.400,180.906,-534.210,0.400,169.094,-534.210,4.662,169.094,-534.210,4.662,169.094,-534.210,0.400,169.094,-552.990,4.662,169.094,-534.210,0.400,169.094,-552.990,0.400,169.094,-552.990,4.662,169.094,-552.990,4.662,180.906,-552.990,0.400,180.906,-534.210,4.662,180.906,-552.990,0.400,180.906,-534.210,0.400,180.906,-534.210,4.662,180.906,-560.577,2.900,169.640,-560.577,-0.000,169.640,-560.577,2.900,178.499,-560.577,-0.000,169.640,-560.577,-0.000,178.499,-560.577,2.900,178.499,-552.690,2.900,178.499,-552.690,-0.000,178.499,-552.690,2.900,169.640,-552.690,-0.000,178.499,-552.690,-0.000,169.640,-552.690,2.900,169.640,-552.690,2.900,169.640,-552.690,-0.000,169.640,-560.577,2.900,169.640,-552.690,-0.000,169.640,-560.577,-0.000,169.640,-560.577,2.900,169.640,-560.577,2.900,178.499,-560.577,-0.000,178.499,-552.690,2.900,178.499,-560.577,-0.000,178.499,-552.690,-0.000,178.499,-552.690,2.900,178.499,-525.318,4.481,169.454,-525.318,0.400,169.454,-525.318,4.481,180.546,-525.318,0.400,169.454,-525.318,0.400,180.546,-525.318,4.481,180.546,-507.482,4.481,180.546,-507.482,0.400,180.546,-507.482,4.481,169.454,-507.482,0.400,180.546,-507.482,0.400,169.454,-507.482,4.481,169.454,-507.482,4.481,169.454,-507.482,0.400,169.454,-525.318,4.481,169.454,-507.482,0.400,169.454,-525.318,0.400,169.454,-525.318,4.481,169.454,-525.318,4.481,180.546,-525.318,0.400,180.546,-507.482,4.481,180.546,-525.318,0.400,180.546,-507.482,0.400,180.546,-507.482,4.481,180.546,-532.510,2.900,171.624,-532.510,-0.000,171.624,-532.510,2.900,179.943,-532.510,-0.000,171.624,-532.510,-0.000,179.943,-532.510,2.900,179.943,-525.018,2.900,179.943,-525.018,-0.000,179.943,-525.018,2.900,171.624,-525.018,-0.000,179.943,-525.018,-0.000,171.624,-525.018,2.900,171.624,-525.018,2.900,171.624,-525.018,-0.000,171.624,-532.510,2.900,171.624,-525.018,-0.000,171.624,-532.510,-0.000,171.624,-532.510,2.900,171.624,-532.510,2.900,179.943,-532.510,-0.000,179.943,-525.018,2.900,179.943,-532.510,-0.000,179.943,-525.018,-0.000,179.943,-525.018,2.900,179.943;;ffffffT1024
Mesh;84;;-534.210,4.662,180.906,-534.210,4.662,169.094,-552.990,4.662,180.906,-534.210,4.662,169.094,-552.990,4.662,169.094,-552.990,4.662,180.906,-543.609,5.612,174.991,-552.460,3.612,166.140,-543.614,5.612,175.014,-552.460,3.612,166.140,-557.686,3.612,189.086,-543.614,5.612,175.014,-543.614,5.612,175.014,-557.686,3.612,189.086,-543.591,5.612,175.009,-557.686,3.612,189.086,-534.740,3.612,183.860,-543.591,5.612,175.009,-543.591,5.612,175.009,-534.740,3.612,183.860,-543.586,5.612,174.986,-534.740,3.612,183.860,-529.514,3.612,160.914,-543.586,5.612,174.986,-543.586,5.612,174.986,-529.514,3.612,160.914,-543.609,5.612,174.991,-529.514,3.612,160.914,-552.460,3.612,166.140,-543.609,5.612,174.991,-543.609,5.612,174.991,-543.614,5.612,175.014,-543.600,5.612,175.000,-543.614,5.612,175.014,-543.591,5.612,175.009,-543.600,5.612,175.000,-543.591,5.612,175.009,-543.586,5.612,174.986,-543.600,5.612,175.000,-543.586,5.612,174.986,-543.609,5.612,174.991,-543.600,5.612,175.000,-557.686,3.612,189.086,-552.460,3.612,166.140,-543.600,3.612,175.000,-534.740,3.612,183.860,-557.686,3.612,189.086,-543.600,3.612,175.000,-529.514,3.612,160.914,-534.740,3.612,183.860,-543.600,3.612,175.000,-552.460,3.612,166.140,-529.514,3.612,160.914,-543.600,3.612,175.000,-552.690,2.900,178.499,-552.690,2.900,169.640,-560.577,2.900,178.499,-552.690,2.900,169.640,-560.577,2.900,169.640,-560.577,2.900,178.499,-561.177,2.900,179.099,-552.090,2.900,179.099,-556.633,4.300,179.099,-556.633,4.300,169.040,-552.090,2.900,169.040,-561.177,2.900,169.040,-561.177,2.900,179.099,-556.633,4.300,179.099,-561.177,2.900,169.040,-556.633,4.300,179.099,-556.633,4.300,169.040,-561.177,2.900,169.040,-556.633,4.300,179.099,-552.090,2.900,179.099,-556.633,4.300,169.040,-552.090,2.900,179.099,-552.090,2.900,169.040,-556.633,4.300,169.040,-552.090,2.900,179.099,-561.177,2.900,179.099,-552.090,2.900,169.040,-561.177,2.900,179.099,-561.177,2.900,169.040,-552.090,2.900,169.040;;54504aT2048
Mesh;36;;-549.684,7.262,176.912,-549.684,5.062,176.912,-549.684,7.262,177.812,-549.684,5.062,176.912,-549.684,5.062,177.812,-549.684,7.262,177.812,-548.784,7.262,177.812,-548.784,5.062,177.812,-548.784,7.262,176.912,-548.784,5.062,177.812,-548.784,5.062,176.912,-548.784,7.262,176.912,-548.784,7.262,177.812,-548.784,7.262,176.912,-549.684,7.262,177.812,-548.784,7.262,176.912,-549.684,7.262,176.912,-549.684,7.262,177.812,-548.784,5.062,176.912,-548.784,5.062,177.812,-549.684,5.062,176.912,-548.784,5.062,177.812,-549.684,5.062,177.812,-549.684,5.062,176.912,-548.784,7.262,176.912,-548.784,5.062,176.912,-549.684,7.262,176.912,-548.784,5.062,176.912,-549.684,5.062,176.912,-549.684,7.262,176.912,-549.684,7.262,177.812,-549.684,5.062,177.812,-548.784,7.262,177.812,-549.684,5.062,177.812,-548.784,5.062,177.812,-548.784,7.262,177.812;;ffffffT128
Mesh;84;;-507.482,4.481,180.546,-507.482,4.481,169.454,-525.318,4.481,180.546,-507.482,4.481,169.454,-525.318,4.481,169.454,-525.318,4.481,180.546,-516.408,5.431,174.992,-524.720,3.431,166.680,-516.413,5.431,175.013,-524.720,3.431,166.680,-529.779,3.431,188.379,-516.413,5.431,175.013,-516.413,5.431,175.013,-529.779,3.431,188.379,-516.392,5.431,175.008,-529.779,3.431,188.379,-508.080,3.431,183.320,-516.392,5.431,175.008,-516.392,5.431,175.008,-508.080,3.431,183.320,-516.387,5.431,174.987,-508.080,3.431,183.320,-503.021,3.431,161.621,-516.387,5.431,174.987,-516.387,5.431,174.987,-503.021,3.431,161.621,-516.408,5.431,174.992,-503.021,3.431,161.621,-524.720,3.431,166.680,-516.408,5.431,174.992,-516.408,5.431,174.992,-516.413,5.431,175.013,-516.400,5.431,175.000,-516.413,5.431,175.013,-516.392,5.431,175.008,-516.400,5.431,175.000,-516.392,5.431,175.008,-516.387,5.431,174.987,-516.400,5.431,175.000,-516.387,5.431,174.987,-516.408,5.431,174.992,-516.400,5.431,175.000,-529.779,3.431,188.379,-524.720,3.431,166.680,-516.400,3.431,175.000,-508.080,3.431,183.320,-529.779,3.431,188.379,-516.400,3.431,175.000,-503.021,3.431,161.621,-508.080,3.431,183.320,-516.400,3.431,175.000,-524.720,3.431,166.680,-503.021,3.431,161.621,-516.400,3.431,175.000,-525.018,2.900,179.943,-525.018,2.900,171.624,-532.510,2.900,179.943,-525.018,2.900,171.624,-532.510,2.900,171.624,-532.510,2.900,179.943,-533.110,2.900,180.543,-524.418,2.900,180.543,-528.764,4.300,180.543,-528.764,4.300,171.024,-524.418,2.900,171.024,-533.110,2.900,171.024,-533.110,2.900,180.543,-528.764,4.300,180.543,-533.110,2.900,171.024,-528.764,4.300,180.543,-528.764,4.300,171.024,-533.110,2.900,171.024,-528.764,4.300,180.543,-524.418,2.900,180.543,-528.764,4.300,171.024,-524.418,2.900,180.543,-524.418,2.900,171.024,-528.764,4.300,171.024,-524.418,2.900,180.543,-533.110,2.900,180.543,-524.418,2.900,171.024,-533.110,2.900,180.543,-533.110,2.900,171.024,-524.418,2.900,171.024;;6b5a4dT2048
Mesh;60;;-483.961,6.294,180.705,-483.961,6.294,169.295,-494.439,6.294,180.705,-483.961,6.294,169.295,-494.439,6.294,169.295,-494.439,6.294,180.705,-495.039,6.294,181.305,-483.361,6.294,181.305,-489.200,9.338,181.305,-489.200,9.338,168.695,-483.361,6.294,168.695,-495.039,6.294,168.695,-495.039,6.294,181.305,-489.200,9.338,181.305,-495.039,6.294,168.695,-489.200,9.338,181.305,-489.200,9.338,168.695,-495.039,6.294,168.695,-489.200,9.338,181.305,-483.361,6.294,181.305,-489.200,9.338,168.695,-483.361,6.294,181.305,-483.361,6.294,168.695,-489.200,9.338,168.695,-483.361,6.294,181.305,-495.039,6.294,181.305,-483.361,6.294,168.695,-495.039,6.294,181.305,-495.039,6.294,168.695,-483.361,6.294,168.695,-493.939,3.400,180.610,-493.939,3.400,171.482,-499.702,3.400,180.610,-493.939,3.400,171.482,-499.702,3.400,171.482,-499.702,3.400,180.610,-500.302,3.400,181.210,-493.339,3.400,181.210,-496.820,5.200,181.210,-496.820,5.200,170.882,-493.339,3.400,170.882,-500.302,3.400,170.882,-500.302,3.400,181.210,-496.820,5.200,181.210,-500.302,3.400,170.882,-496.820,5.200,181.210,-496.820,5.200,170.882,-500.302,3.400,170.882,-496.820,5.200,181.210,-493.339,3.400,181.210,-496.820,5.200,170.882,-493.339,3.400,181.210,-493.339,3.400,170.882,-496.820,5.200,170.882,-493.339,3.400,181.210,-500.302,3.400,181.210,-493.339,3.400,170.882,-500.302,3.400,181.210,-500.302,3.400,170.882,-493.339,3.400,170.882;;4d5560T2048
Mesh;60;;-455.118,7.997,180.501,-455.118,7.997,169.499,-468.882,7.997,180.501,-455.118,7.997,169.499,-468.882,7.997,169.499,-468.882,7.997,180.501,-454.367,7.997,180.981,-454.367,7.997,169.019,-454.367,11.189,175.000,-469.633,11.189,175.000,-469.633,7.997,169.019,-469.633,7.997,180.981,-454.367,7.997,180.981,-454.367,11.189,175.000,-469.633,7.997,180.981,-454.367,11.189,175.000,-469.633,11.189,175.000,-469.633,7.997,180.981,-454.367,11.189,175.000,-454.367,7.997,169.019,-469.633,11.189,175.000,-454.367,7.997,169.019,-469.633,7.997,169.019,-469.633,11.189,175.000,-454.367,7.997,169.019,-454.367,7.997,180.981,-469.633,7.997,169.019,-454.367,7.997,180.981,-469.633,7.997,180.981,-469.633,7.997,169.019,-468.382,3.400,180.463,-468.382,3.400,171.661,-475.953,3.400,180.463,-468.382,3.400,171.661,-475.953,3.400,171.661,-475.953,3.400,180.463,-476.553,3.400,181.063,-467.782,3.400,181.063,-472.168,5.200,181.063,-472.168,5.200,171.061,-467.782,3.400,171.061,-476.553,3.400,171.061,-476.553,3.400,181.063,-472.168,5.200,181.063,-476.553,3.400,171.061,-472.168,5.200,181.063,-472.168,5.200,171.061,-476.553,3.400,171.061,-472.168,5.200,181.063,-467.782,3.400,181.063,-472.168,5.200,171.061,-467.782,3.400,181.063,-467.782,3.400,171.061,-472.168,5.200,171.061,-467.782,3.400,181.063,-476.553,3.400,181.063,-467.782,3.400,171.061,-476.553,3.400,181.063,-476.553,3.400,171.061,-467.782,3.400,171.061;;5a5048T2048
Mesh;60;;-604.009,7.018,281.374,-604.009,7.018,292.626,-591.991,7.018,281.374,-604.009,7.018,292.626,-591.991,7.018,292.626,-591.991,7.018,281.374,-604.650,7.018,280.812,-604.650,7.018,293.188,-604.650,9.973,287.000,-591.350,9.973,287.000,-591.350,7.018,293.188,-591.350,7.018,280.812,-604.650,7.018,280.812,-604.650,9.973,287.000,-591.350,7.018,280.812,-604.650,9.973,287.000,-591.350,9.973,287.000,-591.350,7.018,280.812,-604.650,9.973,287.000,-604.650,7.018,293.188,-591.350,9.973,287.000,-604.650,7.018,293.188,-591.350,7.018,293.188,-591.350,9.973,287.000,-604.650,7.018,293.188,-604.650,7.018,280.812,-591.350,7.018,293.188,-604.650,7.018,280.812,-591.350,7.018,280.812,-591.350,7.018,293.188,-592.491,3.400,281.656,-592.491,3.400,290.657,-585.881,3.400,281.656,-592.491,3.400,290.657,-585.881,3.400,290.657,-585.881,3.400,281.656,-585.281,3.400,281.056,-593.091,3.400,281.056,-589.186,5.200,281.056,-589.186,5.200,291.257,-593.091,3.400,291.257,-585.281,3.400,291.257,-585.281,3.400,281.056,-589.186,5.200,281.056,-585.281,3.400,291.257,-589.186,5.200,281.056,-589.186,5.200,291.257,-585.281,3.400,291.257,-589.186,5.200,281.056,-593.091,3.400,281.056,-589.186,5.200,291.257,-593.091,3.400,281.056,-593.091,3.400,291.257,-589.186,5.200,291.257,-593.091,3.400,281.056,-585.281,3.400,281.056,-593.091,3.400,291.257,-585.281,3.400,281.056,-585.281,3.400,291.257,-593.091,3.400,291.257;;54504aT2048
Mesh;504;;-565.443,6.136,292.864,-565.443,0.500,292.864,-565.443,6.136,281.136,-565.443,0.500,292.864,-565.443,0.500,281.136,-565.443,6.136,281.136,-576.157,6.136,281.136,-576.157,0.500,281.136,-576.157,6.136,292.864,-576.157,0.500,281.136,-576.157,0.500,292.864,-576.157,6.136,292.864,-576.157,6.136,292.864,-576.157,0.500,292.864,-565.443,6.136,292.864,-576.157,0.500,292.864,-565.443,0.500,292.864,-565.443,6.136,292.864,-565.443,6.136,281.136,-565.443,0.500,281.136,-576.157,6.136,281.136,-565.443,0.500,281.136,-576.157,0.500,281.136,-576.157,6.136,281.136,-560.051,3.400,292.740,-560.051,-0.000,292.740,-560.051,3.400,283.357,-560.051,-0.000,292.740,-560.051,-0.000,283.357,-560.051,3.400,283.357,-565.943,3.400,283.357,-565.943,-0.000,283.357,-565.943,3.400,292.740,-565.943,-0.000,283.357,-565.943,-0.000,292.740,-565.943,3.400,292.740,-565.943,3.400,292.740,-565.943,-0.000,292.740,-560.051,3.400,292.740,-565.943,-0.000,292.740,-560.051,-0.000,292.740,-560.051,3.400,292.740,-560.051,3.400,283.357,-560.051,-0.000,283.357,-565.943,3.400,283.357,-560.051,-0.000,283.357,-565.943,-0.000,283.357,-565.943,3.400,283.357,-482.435,7.509,291.728,-482.435,0.500,291.728,-482.435,7.509,282.272,-482.435,0.500,291.728,-482.435,0.500,282.272,-482.435,7.509,282.272,-495.965,7.509,282.272,-495.965,0.500,282.272,-495.965,7.509,291.728,-495.965,0.500,282.272,-495.965,0.500,291.728,-495.965,7.509,291.728,-495.965,7.509,291.728,-495.965,0.500,291.728,-482.435,7.509,291.728,-495.965,0.500,291.728,-482.435,0.500,291.728,-482.435,7.509,291.728,-482.435,7.509,282.272,-482.435,0.500,282.272,-495.965,7.509,282.272,-482.435,0.500,282.272,-495.965,0.500,282.272,-495.965,7.509,282.272,-475.494,3.400,292.144,-475.494,-0.000,292.144,-475.494,3.400,284.578,-475.494,-0.000,292.144,-475.494,-0.000,284.578,-475.494,3.400,284.578,-482.935,3.400,284.578,-482.935,-0.000,284.578,-482.935,3.400,292.144,-482.935,-0.000,284.578,-482.935,-0.000,292.144,-482.935,3.400,292.144,-482.935,3.400,292.144,-482.935,-0.000,292.144,-475.494,3.400,292.144,-482.935,-0.000,292.144,-475.494,-0.000,292.144,-475.494,3.400,292.144,-475.494,3.400,284.578,-475.494,-0.000,284.578,-482.935,3.400,284.578,-475.494,-0.000,284.578,-482.935,-0.000,284.578,-482.935,3.400,284.578;;ffffffT128
Mesh;60;;-576.157,6.136,281.136,-576.157,6.136,292.864,-565.443,6.136,281.136,-576.157,6.136,292.864,-565.443,6.136,292.864,-565.443,6.136,281.136,-564.843,6.136,280.536,-576.757,6.136,280.536,-570.800,9.900,280.536,-570.800,9.900,293.464,-576.757,6.136,293.464,-564.843,6.136,293.464,-564.843,6.136,280.536,-570.800,9.900,280.536,-564.843,6.136,293.464,-570.800,9.900,280.536,-570.800,9.900,293.464,-564.843,6.136,293.464,-570.800,9.900,280.536,-576.757,6.136,280.536,-570.800,9.900,293.464,-576.757,6.136,280.536,-576.757,6.136,293.464,-570.800,9.900,293.464,-576.757,6.136,280.536,-564.843,6.136,280.536,-576.757,6.136,293.464,-564.843,6.136,280.536,-564.843,6.136,293.464,-576.757,6.136,293.464,-565.943,3.400,283.357,-565.943,3.400,292.740,-560.051,3.400,283.357,-565.943,3.400,292.740,-560.051,3.400,292.740,-560.051,3.400,283.357,-559.451,3.400,282.757,-566.543,3.400,282.757,-562.997,5.200,282.757,-562.997,5.200,293.340,-566.543,3.400,293.340,-559.451,3.400,293.340,-559.451,3.400,282.757,-562.997,5.200,282.757,-559.451,3.400,293.340,-562.997,5.200,282.757,-562.997,5.200,293.340,-559.451,3.400,293.340,-562.997,5.200,282.757,-566.543,3.400,282.757,-562.997,5.200,293.340,-566.543,3.400,282.757,-566.543,3.400,293.340,-562.997,5.200,293.340,-566.543,3.400,282.757,-559.451,3.400,282.757,-566.543,3.400,293.340,-559.451,3.400,282.757,-559.451,3.400,293.340,-566.543,3.400,293.340;;6b5a4dT2048
Mesh;60;;-549.856,7.995,281.797,-549.856,7.995,292.203,-537.344,7.995,281.797,-549.856,7.995,292.203,-537.344,7.995,292.203,-537.344,7.995,281.797,-550.578,7.995,281.298,-550.578,7.995,292.702,-550.578,11.177,287.000,-536.622,11.177,287.000,-536.622,7.995,292.702,-536.622,7.995,281.298,-550.578,7.995,281.298,-550.578,11.177,287.000,-536.622,7.995,281.298,-550.578,11.177,287.000,-536.622,11.177,287.000,-536.622,7.995,281.298,-550.578,11.177,287.000,-550.578,7.995,292.702,-536.622,11.177,287.000,-550.578,7.995,292.702,-536.622,7.995,292.702,-536.622,11.177,287.000,-550.578,7.995,292.702,-550.578,7.995,281.298,-536.622,7.995,292.702,-550.578,7.995,281.298,-536.622,7.995,281.298,-536.622,7.995,292.702,-537.844,3.400,283.184,-537.844,3.400,291.509,-530.962,3.400,283.184,-537.844,3.400,291.509,-530.962,3.400,291.509,-530.962,3.400,283.184,-530.362,3.400,282.584,-538.444,3.400,282.584,-534.403,5.200,282.584,-534.403,5.200,292.109,-538.444,3.400,292.109,-530.362,3.400,292.109,-530.362,3.400,282.584,-534.403,5.200,282.584,-530.362,3.400,292.109,-534.403,5.200,282.584,-534.403,5.200,292.109,-530.362,3.400,292.109,-534.403,5.200,282.584,-538.444,3.400,282.584,-534.403,5.200,292.109,-538.444,3.400,282.584,-538.444,3.400,292.109,-534.403,5.200,292.109,-538.444,3.400,282.584,-530.362,3.400,282.584,-538.444,3.400,292.109,-530.362,3.400,282.584,-530.362,3.400,292.109,-538.444,3.400,292.109;;6b5a4dT2048
Mesh;36;;-539.346,11.568,285.419,-539.346,8.768,285.419,-539.346,11.568,284.419,-539.346,8.768,285.419,-539.346,8.768,284.419,-539.346,11.568,284.419,-540.346,11.568,284.419,-540.346,8.768,284.419,-540.346,11.568,285.419,-540.346,8.768,284.419,-540.346,8.768,285.419,-540.346,11.568,285.419,-540.346,11.568,284.419,-540.346,11.568,285.419,-539.346,11.568,284.419,-540.346,11.568,285.419,-539.346,11.568,285.419,-539.346,11.568,284.419,-540.346,8.768,285.419,-540.346,8.768,284.419,-539.346,8.768,285.419,-540.346,8.768,284.419,-539.346,8.768,284.419,-539.346,8.768,285.419,-540.346,11.568,285.419,-540.346,8.768,285.419,-539.346,11.568,285.419,-540.346,8.768,285.419,-539.346,8.768,285.419,-539.346,11.568,285.419,-539.346,11.568,284.419,-539.346,8.768,284.419,-540.346,11.568,284.419,-539.346,8.768,284.419,-540.346,8.768,284.419,-540.346,11.568,284.419;;ffffffT128
Mesh;60;;-522.268,6.877,281.051,-522.268,6.877,292.949,-510.532,6.877,281.051,-522.268,6.877,292.949,-510.532,6.877,292.949,-510.532,6.877,281.051,-522.859,6.877,280.442,-522.859,6.877,293.558,-522.859,10.586,287.000,-509.941,10.586,287.000,-509.941,6.877,293.558,-509.941,6.877,280.442,-522.859,6.877,280.442,-522.859,10.586,287.000,-509.941,6.877,280.442,-522.859,10.586,287.000,-509.941,10.586,287.000,-509.941,6.877,280.442,-522.859,10.586,287.000,-522.859,6.877,293.558,-509.941,10.586,287.000,-522.859,6.877,293.558,-509.941,6.877,293.558,-509.941,10.586,287.000,-522.859,6.877,293.558,-522.859,6.877,280.442,-509.941,6.877,293.558,-522.859,6.877,280.442,-509.941,6.877,280.442,-509.941,6.877,293.558,-511.032,3.400,282.294,-511.032,3.400,291.813,-504.578,3.400,282.294,-511.032,3.400,291.813,-504.578,3.400,291.813,-504.578,3.400,282.294,-503.978,3.400,281.694,-511.632,3.400,281.694,-507.805,5.200,281.694,-507.805,5.200,292.413,-511.632,3.400,292.413,-503.978,3.400,292.413,-503.978,3.400,281.694,-507.805,5.200,281.694,-503.978,3.400,292.413,-507.805,5.200,281.694,-507.805,5.200,292.413,-503.978,3.400,292.413,-507.805,5.200,281.694,-511.632,3.400,281.694,-507.805,5.200,292.413,-511.632,3.400,281.694,-511.632,3.400,292.413,-507.805,5.200,292.413,-511.632,3.400,281.694,-503.978,3.400,281.694,-511.632,3.400,292.413,-503.978,3.400,281.694,-503.978,3.400,292.413,-511.632,3.400,292.413;;5a5048T2048
Mesh;36;;-512.379,10.661,285.120,-512.379,7.861,285.120,-512.379,10.661,284.120,-512.379,7.861,285.120,-512.379,7.861,284.120,-512.379,10.661,284.120,-513.379,10.661,284.120,-513.379,7.861,284.120,-513.379,10.661,285.120,-513.379,7.861,284.120,-513.379,7.861,285.120,-513.379,10.661,285.120,-513.379,10.661,284.120,-513.379,10.661,285.120,-512.379,10.661,284.120,-513.379,10.661,285.120,-512.379,10.661,285.120,-512.379,10.661,284.120,-513.379,7.861,285.120,-513.379,7.861,284.120,-512.379,7.861,285.120,-513.379,7.861,284.120,-512.379,7.861,284.120,-512.379,7.861,285.120,-513.379,10.661,285.120,-513.379,7.861,285.120,-512.379,10.661,285.120,-513.379,7.861,285.120,-512.379,7.861,285.120,-512.379,10.661,285.120,-512.379,10.661,284.120,-512.379,7.861,284.120,-513.379,10.661,284.120,-512.379,7.861,284.120,-513.379,7.861,284.120,-513.379,10.661,284.120;;ffffffT128
Mesh;60;;-495.965,7.509,282.272,-495.965,7.509,291.728,-482.435,7.509,282.272,-495.965,7.509,291.728,-482.435,7.509,291.728,-482.435,7.509,282.272,-481.835,7.509,281.672,-496.565,7.509,281.672,-489.200,10.640,281.672,-489.200,10.640,292.328,-496.565,7.509,292.328,-481.835,7.509,292.328,-481.835,7.509,281.672,-489.200,10.640,281.672,-481.835,7.509,292.328,-489.200,10.640,281.672,-489.200,10.640,292.328,-481.835,7.509,292.328,-489.200,10.640,281.672,-496.565,7.509,281.672,-489.200,10.640,292.328,-496.565,7.509,281.672,-496.565,7.509,292.328,-489.200,10.640,292.328,-496.565,7.509,281.672,-481.835,7.509,281.672,-496.565,7.509,292.328,-481.835,7.509,281.672,-481.835,7.509,292.328,-496.565,7.509,292.328,-482.935,3.400,284.578,-482.935,3.400,292.144,-475.494,3.400,284.578,-482.935,3.400,292.144,-475.494,3.400,292.144,-475.494,3.400,284.578,-474.894,3.400,283.978,-483.535,3.400,283.978,-479.215,5.200,283.978,-479.215,5.200,292.744,-483.535,3.400,292.744,-474.894,3.400,292.744,-474.894,3.400,283.978,-479.215,5.200,283.978,-474.894,3.400,292.744,-479.215,5.200,283.978,-479.215,5.200,292.744,-474.894,3.400,292.744,-479.215,5.200,283.978,-483.535,3.400,283.978,-479.215,5.200,292.744,-483.535,3.400,283.978,-483.535,3.400,292.744,-479.215,5.200,292.744,-483.535,3.400,283.978,-474.894,3.400,283.978,-483.535,3.400,292.744,-474.894,3.400,283.978,-474.894,3.400,292.744,-483.535,3.400,292.744;;6d4c3dT2048
Mesh;36;;-484.641,11.061,285.609,-484.641,8.261,285.609,-484.641,11.061,284.609,-484.641,8.261,285.609,-484.641,8.261,284.609,-484.641,11.061,284.609,-485.641,11.061,284.609,-485.641,8.261,284.609,-485.641,11.061,285.609,-485.641,8.261,284.609,-485.641,8.261,285.609,-485.641,11.061,285.609,-485.641,11.061,284.609,-485.641,11.061,285.609,-484.641,11.061,284.609,-485.641,11.061,285.609,-484.641,11.061,285.609,-484.641,11.061,284.609,-485.641,8.261,285.609,-485.641,8.261,284.609,-484.641,8.261,285.609,-485.641,8.261,284.609,-484.641,8.261,284.609,-484.641,8.261,285.609,-485.641,11.061,285.609,-485.641,8.261,285.609,-484.641,11.061,285.609,-485.641,8.261,285.609,-484.641,8.261,285.609,-484.641,11.061,285.609,-484.641,11.061,284.609,-484.641,8.261,284.609,-485.641,11.061,284.609,-484.641,8.261,284.609,-485.641,8.261,284.609,-485.641,11.061,284.609;;ffffffT128
Mesh;60;;-467.540,6.262,281.088,-467.540,6.262,292.912,-456.460,6.262,281.088,-467.540,6.262,292.912,-456.460,6.262,292.912,-456.460,6.262,281.088,-455.860,6.262,280.488,-468.140,6.262,280.488,-462.000,9.476,280.488,-462.000,9.476,293.512,-468.140,6.262,293.512,-455.860,6.262,293.512,-455.860,6.262,280.488,-462.000,9.476,280.488,-455.860,6.262,293.512,-462.000,9.476,280.488,-462.000,9.476,293.512,-455.860,6.262,293.512,-462.000,9.476,280.488,-468.140,6.262,280.488,-462.000,9.476,293.512,-468.140,6.262,280.488,-468.140,6.262,293.512,-462.000,9.476,293.512,-468.140,6.262,280.488,-455.860,6.262,280.488,-468.140,6.262,293.512,-455.860,6.262,280.488,-455.860,6.262,293.512,-468.140,6.262,293.512,-456.960,3.400,281.924,-456.960,3.400,291.382,-450.866,3.400,281.924,-456.960,3.400,291.382,-450.866,3.400,291.382,-450.866,3.400,281.924,-450.266,3.400,281.324,-457.560,3.400,281.324,-453.913,5.200,281.324,-453.913,5.200,291.982,-457.560,3.400,291.982,-450.266,3.400,291.982,-450.266,3.400,281.324,-453.913,5.200,281.324,-450.266,3.400,291.982,-453.913,5.200,281.324,-453.913,5.200,291.982,-450.266,3.400,291.982,-453.913,5.200,281.324,-457.560,3.400,281.324,-453.913,5.200,291.982,-457.560,3.400,281.324,-457.560,3.400,291.982,-453.913,5.200,291.982,-457.560,3.400,281.324,-450.266,3.400,281.324,-457.560,3.400,291.982,-450.266,3.400,281.324,-450.266,3.400,291.982,-457.560,3.400,291.982;;4d5560T2048
Mesh;60;;-384.137,6.070,109.910,-384.137,6.070,120.090,-371.863,6.070,109.910,-384.137,6.070,120.090,-371.863,6.070,120.090,-371.863,6.070,109.910,-384.860,6.070,109.413,-384.860,6.070,120.587,-384.860,9.072,115.000,-371.140,9.072,115.000,-371.140,6.070,120.587,-371.140,6.070,109.413,-384.860,6.070,109.413,-384.860,9.072,115.000,-371.140,6.070,109.413,-384.860,9.072,115.000,-371.140,9.072,115.000,-371.140,6.070,109.413,-384.860,9.072,115.000,-384.860,6.070,120.587,-371.140,9.072,115.000,-384.860,6.070,120.587,-371.140,6.070,120.587,-371.140,9.072,115.000,-384.860,6.070,120.587,-384.860,6.070,109.413,-371.140,6.070,120.587,-384.860,6.070,109.413,-371.140,6.070,109.413,-371.140,6.070,120.587,-372.363,3.400,110.990,-372.363,3.400,119.133,-365.613,3.400,110.990,-372.363,3.400,119.133,-365.613,3.400,119.133,-365.613,3.400,110.990,-365.013,3.400,110.390,-372.963,3.400,110.390,-368.988,5.200,110.390,-368.988,5.200,119.733,-372.963,3.400,119.733,-365.013,3.400,119.733,-365.013,3.400,110.390,-368.988,5.200,110.390,-365.013,3.400,119.733,-368.988,5.200,110.390,-368.988,5.200,119.733,-365.013,3.400,119.733,-368.988,5.200,110.390,-372.963,3.400,110.390,-368.988,5.200,119.733,-372.963,3.400,110.390,-372.963,3.400,119.733,-368.988,5.200,119.733,-372.963,3.400,110.390,-365.013,3.400,110.390,-372.963,3.400,119.733,-365.013,3.400,110.390,-365.013,3.400,119.733,-372.963,3.400,119.733;;6b5a4dT2048
Mesh;36;;-373.818,9.571,113.464,-373.818,6.771,113.464,-373.818,9.571,112.464,-373.818,6.771,113.464,-373.818,6.771,112.464,-373.818,9.571,112.464,-374.818,9.571,112.464,-374.818,6.771,112.464,-374.818,9.571,113.464,-374.818,6.771,112.464,-374.818,6.771,113.464,-374.818,9.571,113.464,-374.818,9.571,112.464,-374.818,9.571,113.464,-373.818,9.571,112.464,-374.818,9.571,113.464,-373.818,9.571,113.464,-373.818,9.571,112.464,-374.818,6.771,113.464,-374.818,6.771,112.464,-373.818,6.771,113.464,-374.818,6.771,112.464,-373.818,6.771,112.464,-373.818,6.771,113.464,-374.818,9.571,113.464,-374.818,6.771,113.464,-373.818,9.571,113.464,-374.818,6.771,113.464,-373.818,6.771,113.464,-373.818,9.571,113.464,-373.818,9.571,112.464,-373.818,6.771,112.464,-374.818,9.571,112.464,-373.818,6.771,112.464,-374.818,6.771,112.464,-374.818,9.571,112.464;;ffffffT128
Mesh;240;;-343.617,6.743,120.930,-343.617,0.500,120.930,-343.617,6.743,109.070,-343.617,0.500,120.930,-343.617,0.500,109.070,-343.617,6.743,109.070,-356.383,6.743,109.070,-356.383,0.500,109.070,-356.383,6.743,120.930,-356.383,0.500,109.070,-356.383,0.500,120.930,-356.383,6.743,120.930,-356.383,6.743,120.930,-356.383,0.500,120.930,-343.617,6.743,120.930,-356.383,0.500,120.930,-343.617,0.500,120.930,-343.617,6.743,120.930,-343.617,6.743,109.070,-343.617,0.500,109.070,-356.383,6.743,109.070,-343.617,0.500,109.070,-356.383,0.500,109.070,-356.383,6.743,109.070,-337.095,3.400,120.330,-337.095,-0.000,120.330,-337.095,3.400,110.841,-337.095,-0.000,120.330,-337.095,-0.000,110.841,-337.095,3.400,110.841,-344.117,3.400,110.841,-344.117,-0.000,110.841,-344.117,3.400,120.330,-344.117,-0.000,110.841,-344.117,-0.000,120.330,-344.117,3.400,120.330,-344.117,3.400,120.330,-344.117,-0.000,120.330,-337.095,3.400,120.330,-344.117,-0.000,120.330,-337.095,-0.000,120.330,-337.095,3.400,120.330,-337.095,3.400,110.841,-337.095,-0.000,110.841,-344.117,3.400,110.841,-337.095,-0.000,110.841,-344.117,-0.000,110.841,-344.117,3.400,110.841,-259.539,7.708,120.667,-259.539,0.500,120.667,-259.539,7.708,109.333,-259.539,0.500,120.667,-259.539,0.500,109.333,-259.539,7.708,109.333,-272.461,7.708,109.333,-272.461,0.500,109.333,-272.461,7.708,120.667,-272.461,0.500,109.333,-272.461,0.500,120.667,-272.461,7.708,120.667,-272.461,7.708,120.667,-272.461,0.500,120.667,-259.539,7.708,120.667,-272.461,0.500,120.667,-259.539,0.500,120.667,-259.539,7.708,120.667,-259.539,7.708,109.333,-259.539,0.500,109.333,-272.461,7.708,109.333,-259.539,0.500,109.333,-272.461,0.500,109.333,-272.461,7.708,109.333,-252.933,3.400,120.036,-252.933,-0.000,120.036,-252.933,3.400,110.969,-252.933,-0.000,120.036,-252.933,-0.000,110.969,-252.933,3.400,110.969,-260.039,3.400,110.969,-260.039,-0.000,110.969,-260.039,3.400,120.036,-260.039,-0.000,110.969,-260.039,-0.000,120.036,-260.039,3.400,120.036,-260.039,3.400,120.036,-260.039,-0.000,120.036,-252.933,3.400,120.036,-260.039,-0.000,120.036,-252.933,-0.000,120.036,-252.933,3.400,120.036,-252.933,3.400,110.969,-252.933,-0.000,110.969,-260.039,3.400,110.969,-252.933,-0.000,110.969,-260.039,-0.000,110.969,-260.039,3.400,110.969;;ffffffT1024
Mesh;60;;-356.383,6.743,109.070,-356.383,6.743,120.930,-343.617,6.743,109.070,-356.383,6.743,120.930,-343.617,6.743,120.930,-343.617,6.743,109.070,-357.029,6.743,108.512,-357.029,6.743,121.488,-357.029,9.868,115.000,-342.971,9.868,115.000,-342.971,6.743,121.488,-342.971,6.743,108.512,-357.029,6.743,108.512,-357.029,9.868,115.000,-342.971,6.743,108.512,-357.029,9.868,115.000,-342.971,9.868,115.000,-342.971,6.743,108.512,-357.029,9.868,115.000,-357.029,6.743,121.488,-342.971,9.868,115.000,-357.029,6.743,121.488,-342.971,6.743,121.488,-342.971,9.868,115.000,-357.029,6.743,121.488,-357.029,6.743,108.512,-342.971,6.743,121.488,-357.029,6.743,108.512,-342.971,6.743,108.512,-342.971,6.743,121.488,-344.117,3.400,110.841,-344.117,3.400,120.330,-337.095,3.400,110.841,-344.117,3.400,120.330,-337.095,3.400,120.330,-337.095,3.400,110.841,-336.495,3.400,110.241,-344.717,3.400,110.241,-340.606,5.200,110.241,-340.606,5.200,120.930,-344.717,3.400,120.930,-336.495,3.400,120.930,-336.495,3.400,110.241,-340.606,5.200,110.241,-336.495,3.400,120.930,-340.606,5.200,110.241,-340.606,5.200,120.930,-336.495,3.400,120.930,-340.606,5.200,110.241,-344.717,3.400,110.241,-340.606,5.200,120.930,-344.717,3.400,110.241,-344.717,3.400,120.930,-340.606,5.200,120.930,-344.717,3.400,110.241,-336.495,3.400,110.241,-344.717,3.400,120.930,-336.495,3.400,110.241,-336.495,3.400,120.930,-344.717,3.400,120.930;;4d5560T2048
Mesh;36;;-345.670,10.293,113.128,-345.670,7.493,113.128,-345.670,10.293,112.128,-345.670,7.493,113.128,-345.670,7.493,112.128,-345.670,10.293,112.128,-346.670,10.293,112.128,-346.670,7.493,112.128,-346.670,10.293,113.128,-346.670,7.493,112.128,-346.670,7.493,113.128,-346.670,10.293,113.128,-346.670,10.293,112.128,-346.670,10.293,113.128,-345.670,10.293,112.128,-346.670,10.293,113.128,-345.670,10.293,113.128,-345.670,10.293,112.128,-346.670,7.493,113.128,-346.670,7.493,112.128,-345.670,7.493,113.128,-346.670,7.493,112.128,-345.670,7.493,112.128,-345.670,7.493,113.128,-346.670,10.293,113.128,-346.670,7.493,113.128,-345.670,10.293,113.128,-346.670,7.493,113.128,-345.670,7.493,113.128,-345.670,10.293,113.128,-345.670,10.293,112.128,-345.670,7.493,112.128,-346.670,10.293,112.128,-345.670,7.493,112.128,-346.670,7.493,112.128,-346.670,10.293,112.128;;ffffffT128
Mesh;60;;-328.880,6.572,109.193,-328.880,6.572,120.807,-315.120,6.572,109.193,-328.880,6.572,120.807,-315.120,6.572,120.807,-315.120,6.572,109.193,-314.520,6.572,108.593,-329.480,6.572,108.593,-322.000,9.522,108.593,-322.000,9.522,121.407,-329.480,6.572,121.407,-314.520,6.572,121.407,-314.520,6.572,108.593,-322.000,9.522,108.593,-314.520,6.572,121.407,-322.000,9.522,108.593,-322.000,9.522,121.407,-314.520,6.572,121.407,-322.000,9.522,108.593,-329.480,6.572,108.593,-322.000,9.522,121.407,-329.480,6.572,108.593,-329.480,6.572,121.407,-322.000,9.522,121.407,-329.480,6.572,108.593,-314.520,6.572,108.593,-329.480,6.572,121.407,-314.520,6.572,108.593,-314.520,6.572,121.407,-329.480,6.572,121.407,-315.620,3.400,110.798,-315.620,3.400,120.090,-308.052,3.400,110.798,-315.620,3.400,120.090,-308.052,3.400,120.090,-308.052,3.400,110.798,-307.452,3.400,110.198,-316.220,3.400,110.198,-311.836,5.200,110.198,-311.836,5.200,120.690,-316.220,3.400,120.690,-307.452,3.400,120.690,-307.452,3.400,110.198,-311.836,5.200,110.198,-307.452,3.400,120.690,-311.836,5.200,110.198,-311.836,5.200,120.690,-307.452,3.400,120.690,-311.836,5.200,110.198,-316.220,3.400,110.198,-311.836,5.200,120.690,-316.220,3.400,110.198,-316.220,3.400,120.690,-311.836,5.200,120.690,-316.220,3.400,110.198,-307.452,3.400,110.198,-316.220,3.400,120.690,-307.452,3.400,110.198,-307.452,3.400,120.690,-316.220,3.400,120.690;;5a5048T2048
Mesh;60;;-299.474,6.549,109.215,-299.474,6.549,120.785,-288.526,6.549,109.215,-299.474,6.549,120.785,-288.526,6.549,120.785,-288.526,6.549,109.215,-300.042,6.549,108.581,-300.042,6.549,121.419,-300.042,10.190,115.000,-287.958,10.190,115.000,-287.958,6.549,121.419,-287.958,6.549,108.581,-300.042,6.549,108.581,-300.042,10.190,115.000,-287.958,6.549,108.581,-300.042,10.190,115.000,-287.958,10.190,115.000,-287.958,6.549,108.581,-300.042,10.190,115.000,-300.042,6.549,121.419,-287.958,10.190,115.000,-300.042,6.549,121.419,-287.958,6.549,121.419,-287.958,10.190,115.000,-300.042,6.549,121.419,-300.042,6.549,108.581,-287.958,6.549,121.419,-300.042,6.549,108.581,-287.958,6.549,108.581,-287.958,6.549,121.419,-289.026,3.400,109.322,-289.026,3.400,118.578,-283.004,3.400,109.322,-289.026,3.400,118.578,-283.004,3.400,118.578,-283.004,3.400,109.322,-282.404,3.400,108.722,-289.626,3.400,108.722,-286.015,5.200,108.722,-286.015,5.200,119.178,-289.626,3.400,119.178,-282.404,3.400,119.178,-282.404,3.400,108.722,-286.015,5.200,108.722,-282.404,3.400,119.178,-286.015,5.200,108.722,-286.015,5.200,119.178,-282.404,3.400,119.178,-286.015,5.200,108.722,-289.626,3.400,108.722,-286.015,5.200,119.178,-289.626,3.400,108.722,-289.626,3.400,119.178,-286.015,5.200,119.178,-289.626,3.400,108.722,-282.404,3.400,108.722,-289.626,3.400,119.178,-282.404,3.400,108.722,-282.404,3.400,119.178,-289.626,3.400,119.178;;5a5048T2048
Mesh;36;;-290.215,10.305,113.186,-290.215,7.505,113.186,-290.215,10.305,112.186,-290.215,7.505,113.186,-290.215,7.505,112.186,-290.215,10.305,112.186,-291.215,10.305,112.186,-291.215,7.505,112.186,-291.215,10.305,113.186,-291.215,7.505,112.186,-291.215,7.505,113.186,-291.215,10.305,113.186,-291.215,10.305,112.186,-291.215,10.305,113.186,-290.215,10.305,112.186,-291.215,10.305,113.186,-290.215,10.305,113.186,-290.215,10.305,112.186,-291.215,7.505,113.186,-291.215,7.505,112.186,-290.215,7.505,113.186,-291.215,7.505,112.186,-290.215,7.505,112.186,-290.215,7.505,113.186,-291.215,10.305,113.186,-291.215,7.505,113.186,-290.215,10.305,113.186,-291.215,7.505,113.186,-290.215,7.505,113.186,-290.215,10.305,113.186,-290.215,10.305,112.186,-290.215,7.505,112.186,-291.215,10.305,112.186,-290.215,7.505,112.186,-291.215,7.505,112.186,-291.215,10.305,112.186;;ffffffT128
Mesh;60;;-272.461,7.708,109.333,-272.461,7.708,120.667,-259.539,7.708,109.333,-272.461,7.708,120.667,-259.539,7.708,120.667,-259.539,7.708,109.333,-258.939,7.708,108.733,-273.061,7.708,108.733,-266.000,11.017,108.733,-266.000,11.017,121.267,-273.061,7.708,121.267,-258.939,7.708,121.267,-258.939,7.708,108.733,-266.000,11.017,108.733,-258.939,7.708,121.267,-266.000,11.017,108.733,-266.000,11.017,121.267,-258.939,7.708,121.267,-266.000,11.017,108.733,-273.061,7.708,108.733,-266.000,11.017,121.267,-273.061,7.708,108.733,-273.061,7.708,121.267,-266.000,11.017,121.267,-273.061,7.708,108.733,-258.939,7.708,108.733,-273.061,7.708,121.267,-258.939,7.708,108.733,-258.939,7.708,121.267,-273.061,7.708,121.267,-260.039,3.400,110.969,-260.039,3.400,120.036,-252.933,3.400,110.969,-260.039,3.400,120.036,-252.933,3.400,120.036,-252.933,3.400,110.969,-252.333,3.400,110.369,-260.639,3.400,110.369,-256.486,5.200,110.369,-256.486,5.200,120.636,-260.639,3.400,120.636,-252.333,3.400,120.636,-252.333,3.400,110.369,-256.486,5.200,110.369,-252.333,3.400,120.636,-256.486,5.200,110.369,-256.486,5.200,120.636,-252.333,3.400,120.636,-256.486,5.200,110.369,-260.639,3.400,110.369,-256.486,5.200,120.636,-260.639,3.400,110.369,-260.639,3.400,120.636,-256.486,5.200,120.636,-260.639,3.400,110.369,-252.333,3.400,110.369,-260.639,3.400,120.636,-252.333,3.400,110.369,-252.333,3.400,120.636,-260.639,3.400,120.636;;6b5a4dT2048
Mesh;60;;-244.761,6.435,109.374,-244.761,6.435,120.626,-231.239,6.435,109.374,-244.761,6.435,120.626,-231.239,6.435,120.626,-231.239,6.435,109.374,-230.639,6.435,108.774,-245.361,6.435,108.774,-238.000,9.773,108.774,-238.000,9.773,121.226,-245.361,6.435,121.226,-230.639,6.435,121.226,-230.639,6.435,108.774,-238.000,9.773,108.774,-230.639,6.435,121.226,-238.000,9.773,108.774,-238.000,9.773,121.226,-230.639,6.435,121.226,-238.000,9.773,108.774,-245.361,6.435,108.774,-238.000,9.773,121.226,-245.361,6.435,108.774,-245.361,6.435,121.226,-238.000,9.773,121.226,-245.361,6.435,108.774,-230.639,6.435,108.774,-245.361,6.435,121.226,-230.639,6.435,108.774,-230.639,6.435,121.226,-245.361,6.435,121.226,-231.739,3.400,109.952,-231.739,3.400,118.953,-224.301,3.400,109.952,-231.739,3.400,118.953,-224.301,3.400,118.953,-224.301,3.400,109.952,-223.701,3.400,109.352,-232.339,3.400,109.352,-228.020,5.200,109.352,-228.020,5.200,119.553,-232.339,3.400,119.553,-223.701,3.400,119.553,-223.701,3.400,109.352,-228.020,5.200,109.352,-223.701,3.400,119.553,-228.020,5.200,109.352,-228.020,5.200,119.553,-223.701,3.400,119.553,-228.020,5.200,109.352,-232.339,3.400,109.352,-228.020,5.200,119.553,-232.339,3.400,109.352,-232.339,3.400,119.553,-228.020,5.200,119.553,-232.339,3.400,109.352,-223.701,3.400,109.352,-232.339,3.400,119.553,-223.701,3.400,109.352,-223.701,3.400,119.553,-232.339,3.400,119.553;;5a5048T2048
Mesh;36;;-233.443,10.070,113.250,-233.443,7.270,113.250,-233.443,10.070,112.250,-233.443,7.270,113.250,-233.443,7.270,112.250,-233.443,10.070,112.250,-234.443,10.070,112.250,-234.443,7.270,112.250,-234.443,10.070,113.250,-234.443,7.270,112.250,-234.443,7.270,113.250,-234.443,10.070,113.250,-234.443,10.070,112.250,-234.443,10.070,113.250,-233.443,10.070,112.250,-234.443,10.070,113.250,-233.443,10.070,113.250,-233.443,10.070,112.250,-234.443,7.270,113.250,-234.443,7.270,112.250,-233.443,7.270,113.250,-234.443,7.270,112.250,-233.443,7.270,112.250,-233.443,7.270,113.250,-234.443,10.070,113.250,-234.443,7.270,113.250,-233.443,10.070,113.250,-234.443,7.270,113.250,-233.443,7.270,113.250,-233.443,10.070,113.250,-233.443,10.070,112.250,-233.443,7.270,112.250,-234.443,10.070,112.250,-233.443,7.270,112.250,-234.443,7.270,112.250,-234.443,10.070,112.250;;ffffffT128
Mesh;60;;-216.836,6.490,109.037,-216.836,6.490,120.963,-203.164,6.490,109.037,-216.836,6.490,120.963,-203.164,6.490,120.963,-203.164,6.490,109.037,-217.524,6.490,108.514,-217.524,6.490,121.486,-217.524,9.941,115.000,-202.476,9.941,115.000,-202.476,6.490,121.486,-202.476,6.490,108.514,-217.524,6.490,108.514,-217.524,9.941,115.000,-202.476,6.490,108.514,-217.524,9.941,115.000,-202.476,9.941,115.000,-202.476,6.490,108.514,-217.524,9.941,115.000,-217.524,6.490,121.486,-202.476,9.941,115.000,-217.524,6.490,121.486,-202.476,6.490,121.486,-202.476,9.941,115.000,-217.524,6.490,121.486,-217.524,6.490,108.514,-202.476,6.490,121.486,-217.524,6.490,108.514,-202.476,6.490,108.514,-202.476,6.490,121.486,-203.664,3.400,108.735,-203.664,3.400,118.276,-196.145,3.400,108.735,-203.664,3.400,118.276,-196.145,3.400,118.276,-196.145,3.400,108.735,-195.545,3.400,108.135,-204.264,3.400,108.135,-199.905,5.200,108.135,-199.905,5.200,118.876,-204.264,3.400,118.876,-195.545,3.400,118.876,-195.545,3.400,108.135,-199.905,5.200,108.135,-195.545,3.400,118.876,-199.905,5.200,108.135,-199.905,5.200,118.876,-195.545,3.400,118.876,-199.905,5.200,108.135,-204.264,3.400,108.135,-199.905,5.200,118.876,-204.264,3.400,108.135,-204.264,3.400,118.876,-199.905,5.200,118.876,-204.264,3.400,108.135,-195.545,3.400,108.135,-204.264,3.400,118.876,-195.545,3.400,108.135,-195.545,3.400,118.876,-204.264,3.400,118.876;;4d5560T2048
Mesh;36;;-205.399,10.171,113.115,-205.399,7.371,113.115,-205.399,10.171,112.115,-205.399,7.371,113.115,-205.399,7.371,112.115,-205.399,10.171,112.115,-206.399,10.171,112.115,-206.399,7.371,112.115,-206.399,10.171,113.115,-206.399,7.371,112.115,-206.399,7.371,113.115,-206.399,10.171,113.115,-206.399,10.171,112.115,-206.399,10.171,113.115,-205.399,10.171,112.115,-206.399,10.171,113.115,-205.399,10.171,113.115,-205.399,10.171,112.115,-206.399,7.371,113.115,-206.399,7.371,112.115,-205.399,7.371,113.115,-206.399,7.371,112.115,-205.399,7.371,112.115,-205.399,7.371,113.115,-206.399,10.171,113.115,-206.399,7.371,113.115,-205.399,10.171,113.115,-206.399,7.371,113.115,-205.399,7.371,113.115,-205.399,10.171,113.115,-205.399,10.171,112.115,-205.399,7.371,112.115,-206.399,10.171,112.115,-205.399,7.371,112.115,-206.399,7.371,112.115,-206.399,10.171,112.115;;ffffffT128
Mesh;60;;-188.808,7.672,109.696,-188.808,7.672,120.304,-175.192,7.672,109.696,-188.808,7.672,120.304,-175.192,7.672,120.304,-175.192,7.672,109.696,-189.579,7.672,109.229,-189.579,7.672,120.771,-189.579,11.089,115.000,-174.421,11.089,115.000,-174.421,7.672,120.771,-174.421,7.672,109.229,-189.579,7.672,109.229,-189.579,11.089,115.000,-174.421,7.672,109.229,-189.579,11.089,115.000,-174.421,11.089,115.000,-174.421,7.672,109.229,-189.579,11.089,115.000,-189.579,7.672,120.771,-174.421,11.089,115.000,-189.579,7.672,120.771,-174.421,7.672,120.771,-174.421,11.089,115.000,-189.579,7.672,120.771,-189.579,7.672,109.229,-174.421,7.672,120.771,-189.579,7.672,109.229,-174.421,7.672,109.229,-174.421,7.672,120.771,-175.692,3.400,109.324,-175.692,3.400,117.810,-168.202,3.400,109.324,-175.692,3.400,117.810,-168.202,3.400,117.810,-168.202,3.400,109.324,-167.602,3.400,108.724,-176.292,3.400,108.724,-171.947,5.200,108.724,-171.947,5.200,118.410,-176.292,3.400,118.410,-167.602,3.400,118.410,-167.602,3.400,108.724,-171.947,5.200,108.724,-167.602,3.400,118.410,-171.947,5.200,108.724,-171.947,5.200,118.410,-167.602,3.400,118.410,-171.947,5.200,108.724,-176.292,3.400,108.724,-171.947,5.200,118.410,-176.292,3.400,108.724,-176.292,3.400,118.410,-171.947,5.200,118.410,-176.292,3.400,108.724,-167.602,3.400,108.724,-176.292,3.400,118.410,-167.602,3.400,108.724,-167.602,3.400,118.410,-176.292,3.400,118.410;;6d4c3dT2048
Mesh;60;;-372.519,6.285,179.951,-372.519,6.285,170.049,-383.481,6.285,179.951,-372.519,6.285,170.049,-383.481,6.285,170.049,-383.481,6.285,179.951,-371.855,6.285,180.493,-371.855,6.285,169.507,-371.855,9.593,175.000,-384.145,9.593,175.000,-384.145,6.285,169.507,-384.145,6.285,180.493,-371.855,6.285,180.493,-371.855,9.593,175.000,-384.145,6.285,180.493,-371.855,9.593,175.000,-384.145,9.593,175.000,-384.145,6.285,180.493,-371.855,9.593,175.000,-371.855,6.285,169.507,-384.145,9.593,175.000,-371.855,6.285,169.507,-384.145,6.285,169.507,-384.145,9.593,175.000,-371.855,6.285,169.507,-371.855,6.285,180.493,-384.145,6.285,169.507,-371.855,6.285,180.493,-384.145,6.285,180.493,-384.145,6.285,169.507,-382.981,3.400,179.815,-382.981,3.400,171.894,-389.010,3.400,179.815,-382.981,3.400,171.894,-389.010,3.400,171.894,-389.010,3.400,179.815,-389.611,3.400,180.415,-382.381,3.400,180.415,-385.996,5.200,180.415,-385.996,5.200,171.294,-382.381,3.400,171.294,-389.611,3.400,171.294,-389.611,3.400,180.415,-385.996,5.200,180.415,-389.611,3.400,171.294,-385.996,5.200,180.415,-385.996,5.200,171.294,-389.611,3.400,171.294,-385.996,5.200,180.415,-382.381,3.400,180.415,-385.996,5.200,171.294,-382.381,3.400,180.415,-382.381,3.400,171.294,-385.996,5.200,171.294,-382.381,3.400,180.415,-389.611,3.400,180.415,-382.381,3.400,171.294,-389.611,3.400,180.415,-389.611,3.400,171.294,-382.381,3.400,171.294;;5a5048T2048
Mesh;60;;-339.827,7.050,180.949,-339.827,7.050,169.051,-350.840,7.050,180.949,-339.827,7.050,169.051,-350.840,7.050,169.051,-350.840,7.050,180.949,-351.440,7.050,181.549,-339.227,7.050,181.549,-345.333,10.191,181.549,-345.333,10.191,168.451,-339.227,7.050,168.451,-351.440,7.050,168.451,-351.440,7.050,181.549,-345.333,10.191,181.549,-351.440,7.050,168.451,-345.333,10.191,181.549,-345.333,10.191,168.451,-351.440,7.050,168.451,-345.333,10.191,181.549,-339.227,7.050,181.549,-345.333,10.191,168.451,-339.227,7.050,181.549,-339.227,7.050,168.451,-345.333,10.191,168.451,-339.227,7.050,181.549,-351.440,7.050,181.549,-339.227,7.050,168.451,-351.440,7.050,181.549,-351.440,7.050,168.451,-339.227,7.050,168.451,-350.340,3.400,179.334,-350.340,3.400,169.815,-356.397,3.400,179.334,-350.340,3.400,169.815,-356.397,3.400,169.815,-356.397,3.400,179.334,-356.997,3.400,179.934,-349.740,3.400,179.934,-353.368,5.200,179.934,-353.368,5.200,169.215,-349.740,3.400,169.215,-356.997,3.400,169.215,-356.997,3.400,179.934,-353.368,5.200,179.934,-356.997,3.400,169.215,-353.368,5.200,179.934,-353.368,5.200,169.215,-356.997,3.400,169.215,-353.368,5.200,179.934,-349.740,3.400,179.934,-353.368,5.200,169.215,-349.740,3.400,179.934,-349.740,3.400,169.215,-353.368,5.200,169.215,-349.740,3.400,179.934,-356.997,3.400,179.934,-349.740,3.400,169.215,-356.997,3.400,179.934,-356.997,3.400,169.215,-349.740,3.400,169.215;;54504aT2048
Mesh;60;;-306.408,6.524,180.430,-306.408,6.524,169.570,-318.925,6.524,180.430,-306.408,6.524,169.570,-318.925,6.524,169.570,-318.925,6.524,180.430,-305.717,6.524,180.950,-305.717,6.524,169.050,-305.717,9.447,175.000,-319.617,9.447,175.000,-319.617,6.524,169.050,-319.617,6.524,180.950,-305.717,6.524,180.950,-305.717,9.447,175.000,-319.617,6.524,180.950,-305.717,9.447,175.000,-319.617,9.447,175.000,-319.617,6.524,180.950,-305.717,9.447,175.000,-305.717,6.524,169.050,-319.617,9.447,175.000,-305.717,6.524,169.050,-319.617,6.524,169.050,-319.617,9.447,175.000,-305.717,6.524,169.050,-305.717,6.524,180.950,-319.617,6.524,169.050,-305.717,6.524,180.950,-319.617,6.524,180.950,-319.617,6.524,169.050,-318.425,3.400,179.605,-318.425,3.400,170.918,-325.309,3.400,179.605,-318.425,3.400,170.918,-325.309,3.400,170.918,-325.309,3.400,179.605,-325.909,3.400,180.205,-317.825,3.400,180.205,-321.867,5.200,180.205,-321.867,5.200,170.318,-317.825,3.400,170.318,-325.909,3.400,170.318,-325.909,3.400,180.205,-321.867,5.200,180.205,-325.909,3.400,170.318,-321.867,5.200,180.205,-321.867,5.200,170.318,-325.909,3.400,170.318,-321.867,5.200,180.205,-317.825,3.400,180.205,-321.867,5.200,170.318,-317.825,3.400,180.205,-317.825,3.400,170.318,-321.867,5.200,170.318,-317.825,3.400,180.205,-325.909,3.400,180.205,-317.825,3.400,170.318,-325.909,3.400,180.205,-325.909,3.400,170.318,-317.825,3.400,170.318;;6b5a4dT2048
Mesh;240;;-286.741,7.716,169.964,-286.741,0.500,169.964,-286.741,7.716,180.036,-286.741,0.500,169.964,-286.741,0.500,180.036,-286.741,7.716,180.036,-273.259,7.716,180.036,-273.259,0.500,180.036,-273.259,7.716,169.964,-273.259,0.500,180.036,-273.259,0.500,169.964,-273.259,7.716,169.964,-273.259,7.716,169.964,-273.259,0.500,169.964,-286.741,7.716,169.964,-273.259,0.500,169.964,-286.741,0.500,169.964,-286.741,7.716,169.964,-286.741,7.716,180.036,-286.741,0.500,180.036,-273.259,7.716,180.036,-286.741,0.500,180.036,-273.259,0.500,180.036,-273.259,7.716,180.036,-293.656,3.400,170.304,-293.656,-0.000,170.304,-293.656,3.400,178.362,-293.656,-0.000,170.304,-293.656,-0.000,178.362,-293.656,3.400,178.362,-286.241,3.400,178.362,-286.241,-0.000,178.362,-286.241,3.400,170.304,-286.241,-0.000,178.362,-286.241,-0.000,170.304,-286.241,3.400,170.304,-286.241,3.400,170.304,-286.241,-0.000,170.304,-293.656,3.400,170.304,-286.241,-0.000,170.304,-293.656,-0.000,170.304,-293.656,3.400,170.304,-293.656,3.400,178.362,-293.656,-0.000,178.362,-286.241,3.400,178.362,-293.656,-0.000,178.362,-286.241,-0.000,178.362,-286.241,3.400,178.362,676.723,5.238,-210.553,676.723,0.500,-210.553,676.723,5.238,-201.447,676.723,0.500,-210.553,676.723,0.500,-201.447,676.723,5.238,-201.447,689.277,5.238,-201.447,689.277,0.500,-201.447,689.277,5.238,-210.553,689.277,0.500,-201.447,689.277,0.500,-210.553,689.277,5.238,-210.553,689.277,5.238,-210.553,689.277,0.500,-210.553,676.723,5.238,-210.553,689.277,0.500,-210.553,676.723,0.500,-210.553,676.723,5.238,-210.553,676.723,5.238,-201.447,676.723,0.500,-201.447,689.277,5.238,-201.447,676.723,0.500,-201.447,689.277,0.500,-201.447,689.277,5.238,-201.447,670.318,3.400,-209.108,670.318,-0.000,-209.108,670.318,3.400,-201.822,670.318,-0.000,-209.108,670.318,-0.000,-201.822,670.318,3.400,-201.822,677.223,3.400,-201.822,677.223,-0.000,-201.822,677.223,3.400,-209.108,677.223,-0.000,-201.822,677.223,-0.000,-209.108,677.223,3.400,-209.108,677.223,3.400,-209.108,677.223,-0.000,-209.108,670.318,3.400,-209.108,677.223,-0.000,-209.108,670.318,-0.000,-209.108,670.318,3.400,-209.108,670.318,3.400,-201.822,670.318,-0.000,-201.822,677.223,3.400,-201.822,670.318,-0.000,-201.822,677.223,-0.000,-201.822,677.223,3.400,-201.822;;ffffffT1024
Mesh;60;;-273.259,7.716,180.036,-273.259,7.716,169.964,-286.741,7.716,180.036,-273.259,7.716,169.964,-286.741,7.716,169.964,-286.741,7.716,180.036,-272.456,7.716,180.485,-272.456,7.716,169.515,-272.456,10.553,175.000,-287.544,10.553,175.000,-287.544,7.716,169.515,-287.544,7.716,180.485,-272.456,7.716,180.485,-272.456,10.553,175.000,-287.544,7.716,180.485,-272.456,10.553,175.000,-287.544,10.553,175.000,-287.544,7.716,180.485,-272.456,10.553,175.000,-272.456,7.716,169.515,-287.544,10.553,175.000,-272.456,7.716,169.515,-287.544,7.716,169.515,-287.544,10.553,175.000,-272.456,7.716,169.515,-272.456,7.716,180.485,-287.544,7.716,169.515,-272.456,7.716,180.485,-287.544,7.716,180.485,-287.544,7.716,169.515,-286.241,3.400,178.362,-286.241,3.400,170.304,-293.656,3.400,178.362,-286.241,3.400,170.304,-293.656,3.400,170.304,-293.656,3.400,178.362,-294.256,3.400,178.962,-285.641,3.400,178.962,-289.949,5.200,178.962,-289.949,5.200,169.704,-285.641,3.400,169.704,-294.256,3.400,169.704,-294.256,3.400,178.962,-289.949,5.200,178.962,-294.256,3.400,169.704,-289.949,5.200,178.962,-289.949,5.200,169.704,-294.256,3.400,169.704,-289.949,5.200,178.962,-285.641,3.400,178.962,-289.949,5.200,169.704,-285.641,3.400,178.962,-285.641,3.400,169.704,-289.949,5.200,169.704,-285.641,3.400,178.962,-294.256,3.400,178.962,-285.641,3.400,169.704,-294.256,3.400,178.962,-294.256,3.400,169.704,-285.641,3.400,169.704;;6b5a4dT2048
Mesh;36;;-284.545,11.151,176.515,-284.545,8.351,176.515,-284.545,11.151,177.515,-284.545,8.351,176.515,-284.545,8.351,177.515,-284.545,11.151,177.515,-283.545,11.151,177.515,-283.545,8.351,177.515,-283.545,11.151,176.515,-283.545,8.351,177.515,-283.545,8.351,176.515,-283.545,11.151,176.515,-283.545,11.151,177.515,-283.545,11.151,176.515,-284.545,11.151,177.515,-283.545,11.151,176.515,-284.545,11.151,176.515,-284.545,11.151,177.515,-283.545,8.351,176.515,-283.545,8.351,177.515,-284.545,8.351,176.515,-283.545,8.351,177.515,-284.545,8.351,177.515,-284.545,8.351,176.515,-283.545,11.151,176.515,-283.545,8.351,176.515,-284.545,11.151,176.515,-283.545,8.351,176.515,-284.545,8.351,176.515,-284.545,11.151,176.515,-284.545,11.151,177.515,-284.545,8.351,177.515,-283.545,11.151,177.515,-284.545,8.351,177.515,-283.545,8.351,177.515,-283.545,11.151,177.515;;ffffffT128
Mesh;60;;-242.071,6.813,180.935,-242.071,6.813,169.065,-252.596,6.813,180.935,-242.071,6.813,169.065,-252.596,6.813,169.065,-252.596,6.813,180.935,-253.196,6.813,181.535,-241.471,6.813,181.535,-247.333,9.425,181.535,-247.333,9.425,168.465,-241.471,6.813,168.465,-253.196,6.813,168.465,-253.196,6.813,181.535,-247.333,9.425,181.535,-253.196,6.813,168.465,-247.333,9.425,181.535,-247.333,9.425,168.465,-253.196,6.813,168.465,-247.333,9.425,181.535,-241.471,6.813,181.535,-247.333,9.425,168.465,-241.471,6.813,181.535,-241.471,6.813,168.465,-247.333,9.425,168.465,-241.471,6.813,181.535,-253.196,6.813,181.535,-241.471,6.813,168.465,-253.196,6.813,181.535,-253.196,6.813,168.465,-241.471,6.813,168.465,-252.096,3.400,180.661,-252.096,3.400,171.164,-257.884,3.400,180.661,-252.096,3.400,171.164,-257.884,3.400,171.164,-257.884,3.400,180.661,-258.484,3.400,181.261,-251.496,3.400,181.261,-254.990,5.200,181.261,-254.990,5.200,170.564,-251.496,3.400,170.564,-258.484,3.400,170.564,-258.484,3.400,181.261,-254.990,5.200,181.261,-258.484,3.400,170.564,-254.990,5.200,181.261,-254.990,5.200,170.564,-258.484,3.400,170.564,-254.990,5.200,181.261,-251.496,3.400,181.261,-254.990,5.200,170.564,-251.496,3.400,181.261,-251.496,3.400,170.564,-254.990,5.200,170.564,-251.496,3.400,181.261,-258.484,3.400,181.261,-251.496,3.400,170.564,-258.484,3.400,181.261,-258.484,3.400,170.564,-251.496,3.400,170.564;;6d4c3dT2048
Mesh;36;;-250.991,10.158,176.874,-250.991,7.358,176.874,-250.991,10.158,177.874,-250.991,7.358,176.874,-250.991,7.358,177.874,-250.991,10.158,177.874,-249.991,10.158,177.874,-249.991,7.358,177.874,-249.991,10.158,176.874,-249.991,7.358,177.874,-249.991,7.358,176.874,-249.991,10.158,176.874,-249.991,10.158,177.874,-249.991,10.158,176.874,-250.991,10.158,177.874,-249.991,10.158,176.874,-250.991,10.158,176.874,-250.991,10.158,177.874,-249.991,7.358,176.874,-249.991,7.358,177.874,-250.991,7.358,176.874,-249.991,7.358,177.874,-250.991,7.358,177.874,-250.991,7.358,176.874,-249.991,10.158,176.874,-249.991,7.358,176.874,-250.991,10.158,176.874,-249.991,7.358,176.874,-250.991,7.358,176.874,-250.991,10.158,176.874,-250.991,10.158,177.874,-250.991,7.358,177.874,-249.991,10.158,177.874,-250.991,7.358,177.874,-249.991,7.358,177.874,-249.991,10.158,177.874;;ffffffT128
Mesh;60;;-208.554,6.714,180.421,-208.554,6.714,169.579,-220.779,6.714,180.421,-208.554,6.714,169.579,-220.779,6.714,169.579,-220.779,6.714,180.421,-207.878,6.714,180.953,-207.878,6.714,169.047,-207.878,9.304,175.000,-221.455,9.304,175.000,-221.455,6.714,169.047,-221.455,6.714,180.953,-207.878,6.714,180.953,-207.878,9.304,175.000,-221.455,6.714,180.953,-207.878,9.304,175.000,-221.455,9.304,175.000,-221.455,6.714,180.953,-207.878,9.304,175.000,-207.878,6.714,169.047,-221.455,9.304,175.000,-207.878,6.714,169.047,-221.455,6.714,169.047,-221.455,9.304,175.000,-207.878,6.714,169.047,-207.878,6.714,180.953,-221.455,6.714,169.047,-207.878,6.714,180.953,-221.455,6.714,180.953,-221.455,6.714,169.047,-220.279,3.400,178.880,-220.279,3.400,170.207,-227.002,3.400,178.880,-220.279,3.400,170.207,-227.002,3.400,170.207,-227.002,3.400,178.880,-227.602,3.400,179.480,-219.679,3.400,179.480,-223.641,5.200,179.480,-223.641,5.200,169.607,-219.679,3.400,169.607,-227.602,3.400,169.607,-227.602,3.400,179.480,-223.641,5.200,179.480,-227.602,3.400,169.607,-223.641,5.200,179.480,-223.641,5.200,169.607,-227.602,3.400,169.607,-223.641,5.200,179.480,-219.679,3.400,179.480,-223.641,5.200,169.607,-219.679,3.400,179.480,-219.679,3.400,169.607,-223.641,5.200,169.607,-219.679,3.400,179.480,-227.602,3.400,179.480,-219.679,3.400,169.607,-227.602,3.400,179.480,-227.602,3.400,169.607,-219.679,3.400,169.607;;6d4c3dT2048
Mesh;36;;-218.834,10.050,176.668,-218.834,7.250,176.668,-218.834,10.050,177.668,-218.834,7.250,176.668,-218.834,7.250,177.668,-218.834,10.050,177.668,-217.834,10.050,177.668,-217.834,7.250,177.668,-217.834,10.050,176.668,-217.834,7.250,177.668,-217.834,7.250,176.668,-217.834,10.050,176.668,-217.834,10.050,177.668,-217.834,10.050,176.668,-218.834,10.050,177.668,-217.834,10.050,176.668,-218.834,10.050,176.668,-218.834,10.050,177.668,-217.834,7.250,176.668,-217.834,7.250,177.668,-218.834,7.250,176.668,-217.834,7.250,177.668,-218.834,7.250,177.668,-218.834,7.250,176.668,-217.834,10.050,176.668,-217.834,7.250,176.668,-218.834,10.050,176.668,-217.834,7.250,176.668,-218.834,7.250,176.668,-218.834,10.050,176.668,-218.834,10.050,177.668,-218.834,7.250,177.668,-217.834,10.050,177.668,-218.834,7.250,177.668,-217.834,7.250,177.668,-217.834,10.050,177.668;;ffffffT128
Mesh;60;;-176.070,7.369,179.637,-176.070,7.369,170.363,-187.930,7.369,179.637,-176.070,7.369,170.363,-187.930,7.369,170.363,-187.930,7.369,179.637,-188.530,7.369,180.237,-175.470,7.369,180.237,-182.000,10.406,180.237,-182.000,10.406,169.763,-175.470,7.369,169.763,-188.530,7.369,169.763,-188.530,7.369,180.237,-182.000,10.406,180.237,-188.530,7.369,169.763,-182.000,10.406,180.237,-182.000,10.406,169.763,-188.530,7.369,169.763,-182.000,10.406,180.237,-175.470,7.369,180.237,-182.000,10.406,169.763,-175.470,7.369,180.237,-175.470,7.369,169.763,-182.000,10.406,169.763,-175.470,7.369,180.237,-188.530,7.369,180.237,-175.470,7.369,169.763,-188.530,7.369,180.237,-188.530,7.369,169.763,-175.470,7.369,169.763,-187.430,3.400,179.975,-187.430,3.400,172.555,-193.952,3.400,179.975,-187.430,3.400,172.555,-193.952,3.400,172.555,-193.952,3.400,179.975,-194.552,3.400,180.575,-186.830,3.400,180.575,-190.691,5.200,180.575,-190.691,5.200,171.955,-186.830,3.400,171.955,-194.552,3.400,171.955,-194.552,3.400,180.575,-190.691,5.200,180.575,-194.552,3.400,171.955,-190.691,5.200,180.575,-190.691,5.200,171.955,-194.552,3.400,171.955,-190.691,5.200,180.575,-186.830,3.400,180.575,-190.691,5.200,171.955,-186.830,3.400,180.575,-186.830,3.400,171.955,-190.691,5.200,171.955,-186.830,3.400,180.575,-194.552,3.400,180.575,-186.830,3.400,171.955,-194.552,3.400,180.575,-194.552,3.400,171.955,-186.830,3.400,171.955;;6b5a4dT2048
Mesh;60;;-384.722,6.368,281.849,-384.722,6.368,292.151,-371.278,6.368,281.849,-384.722,6.368,292.151,-371.278,6.368,292.151,-371.278,6.368,281.849,-385.505,6.368,281.389,-385.505,6.368,292.611,-385.505,9.250,287.000,-370.495,9.250,287.000,-370.495,6.368,292.611,-370.495,6.368,281.389,-385.505,6.368,281.389,-385.505,9.250,287.000,-370.495,6.368,281.389,-385.505,9.250,287.000,-370.495,9.250,287.000,-370.495,6.368,281.389,-385.505,9.250,287.000,-385.505,6.368,292.611,-370.495,9.250,287.000,-385.505,6.368,292.611,-370.495,6.368,292.611,-370.495,9.250,287.000,-385.505,6.368,292.611,-385.505,6.368,281.389,-370.495,6.368,292.611,-385.505,6.368,281.389,-370.495,6.368,281.389,-370.495,6.368,292.611,-371.778,3.400,283.320,-371.778,3.400,291.562,-364.384,3.400,283.320,-371.778,3.400,291.562,-364.384,3.400,291.562,-364.384,3.400,283.320,-363.784,3.400,282.720,-372.378,3.400,282.720,-368.081,5.200,282.720,-368.081,5.200,292.162,-372.378,3.400,292.162,-363.784,3.400,292.162,-363.784,3.400,282.720,-368.081,5.200,282.720,-363.784,3.400,292.162,-368.081,5.200,282.720,-368.081,5.200,292.162,-363.784,3.400,292.162,-368.081,5.200,282.720,-372.378,3.400,282.720,-368.081,5.200,292.162,-372.378,3.400,282.720,-372.378,3.400,292.162,-368.081,5.200,292.162,-372.378,3.400,282.720,-363.784,3.400,282.720,-372.378,3.400,292.162,-363.784,3.400,282.720,-363.784,3.400,292.162,-372.378,3.400,292.162;;54504aT2048
Mesh;36;;-373.467,9.820,285.440,-373.467,7.020,285.440,-373.467,9.820,284.440,-373.467,7.020,285.440,-373.467,7.020,284.440,-373.467,9.820,284.440,-374.467,9.820,284.440,-374.467,7.020,284.440,-374.467,9.820,285.440,-374.467,7.020,284.440,-374.467,7.020,285.440,-374.467,9.820,285.440,-374.467,9.820,284.440,-374.467,9.820,285.440,-373.467,9.820,284.440,-374.467,9.820,285.440,-373.467,9.820,285.440,-373.467,9.820,284.440,-374.467,7.020,285.440,-374.467,7.020,284.440,-373.467,7.020,285.440,-374.467,7.020,284.440,-373.467,7.020,284.440,-373.467,7.020,285.440,-374.467,9.820,285.440,-374.467,7.020,285.440,-373.467,9.820,285.440,-374.467,7.020,285.440,-373.467,7.020,285.440,-373.467,9.820,285.440,-373.467,9.820,284.440,-373.467,7.020,284.440,-374.467,9.820,284.440,-373.467,7.020,284.440,-374.467,7.020,284.440,-374.467,9.820,284.440;;ffffffT128
Mesh;60;;-350.520,7.545,282.112,-350.520,7.545,291.888,-340.147,7.545,282.112,-350.520,7.545,291.888,-340.147,7.545,291.888,-340.147,7.545,282.112,-351.157,7.545,281.547,-351.157,7.545,292.453,-351.157,11.171,287.000,-339.510,11.171,287.000,-339.510,7.545,292.453,-339.510,7.545,281.547,-351.157,7.545,281.547,-351.157,11.171,287.000,-339.510,7.545,281.547,-351.157,11.171,287.000,-339.510,11.171,287.000,-339.510,7.545,281.547,-351.157,11.171,287.000,-351.157,7.545,292.453,-339.510,11.171,287.000,-351.157,7.545,292.453,-339.510,7.545,292.453,-339.510,11.171,287.000,-351.157,7.545,292.453,-351.157,7.545,281.547,-339.510,7.545,292.453,-351.157,7.545,281.547,-339.510,7.545,281.547,-339.510,7.545,292.453,-340.647,3.400,284.168,-340.647,3.400,291.989,-334.941,3.400,284.168,-340.647,3.400,291.989,-334.941,3.400,291.989,-334.941,3.400,284.168,-334.341,3.400,283.568,-341.247,3.400,283.568,-337.794,5.200,283.568,-337.794,5.200,292.589,-341.247,3.400,292.589,-334.341,3.400,292.589,-334.341,3.400,283.568,-337.794,5.200,283.568,-334.341,3.400,292.589,-337.794,5.200,283.568,-337.794,5.200,292.589,-334.341,3.400,292.589,-337.794,5.200,283.568,-341.247,3.400,283.568,-337.794,5.200,292.589,-341.247,3.400,283.568,-341.247,3.400,292.589,-337.794,5.200,292.589,-341.247,3.400,283.568,-334.341,3.400,283.568,-341.247,3.400,292.589,-334.341,3.400,283.568,-334.341,3.400,292.589,-341.247,3.400,292.589;;6b5a4dT2048
Mesh;54;;-321.142,4.690,281.750,-321.142,4.690,292.250,-304.191,4.690,281.750,-321.142,4.690,292.250,-304.191,4.690,292.250,-304.191,4.690,281.750,-312.659,5.640,287.008,-304.790,3.640,294.876,-312.654,5.640,286.987,-304.790,3.640,294.876,-299.952,3.640,274.285,-312.654,5.640,286.987,-312.654,5.640,286.987,-299.952,3.640,274.285,-312.675,5.640,286.992,-299.952,3.640,274.285,-320.543,3.640,279.124,-312.675,5.640,286.992,-312.675,5.640,286.992,-320.543,3.640,279.124,-312.679,5.640,287.013,-320.543,3.640,279.124,-325.381,3.640,299.715,-312.679,5.640,287.013,-312.679,5.640,287.013,-325.381,3.640,299.715,-312.659,5.640,287.008,-325.381,3.640,299.715,-304.790,3.640,294.876,-312.659,5.640,287.008,-312.659,5.640,287.008,-312.654,5.640,286.987,-312.667,5.640,287.000,-312.654,5.640,286.987,-312.675,5.640,286.992,-312.667,5.640,287.000,-312.675,5.640,286.992,-312.679,5.640,287.013,-312.667,5.640,287.000,-312.679,5.640,287.013,-312.659,5.640,287.008,-312.667,5.640,287.000,-299.952,3.640,274.285,-304.790,3.640,294.876,-312.667,3.640,287.000,-320.543,3.640,279.124,-299.952,3.640,274.285,-312.667,3.640,287.000,-325.381,3.640,299.715,-320.543,3.640,279.124,-312.667,3.640,287.000,-304.790,3.640,294.876,-325.381,3.640,299.715,-312.667,3.640,287.000;;5a5048T2048
Mesh;36;;-307.132,7.290,285.350,-307.132,5.090,285.350,-307.132,7.290,284.450,-307.132,5.090,285.350,-307.132,5.090,284.450,-307.132,7.290,284.450,-308.032,7.290,284.450,-308.032,5.090,284.450,-308.032,7.290,285.350,-308.032,5.090,284.450,-308.032,5.090,285.350,-308.032,7.290,285.350,-308.032,7.290,284.450,-308.032,7.290,285.350,-307.132,7.290,284.450,-308.032,7.290,285.350,-307.132,7.290,285.350,-307.132,7.290,284.450,-308.032,5.090,285.350,-308.032,5.090,284.450,-307.132,5.090,285.350,-308.032,5.090,284.450,-307.132,5.090,284.450,-307.132,5.090,285.350,-308.032,7.290,285.350,-308.032,5.090,285.350,-307.132,7.290,285.350,-308.032,5.090,285.350,-307.132,5.090,285.350,-307.132,7.290,285.350,-307.132,7.290,284.450,-307.132,5.090,284.450,-308.032,7.290,284.450,-307.132,5.090,284.450,-308.032,5.090,284.450,-308.032,7.290,284.450;;ffffffT128
Mesh;60;;-286.929,6.074,282.121,-286.929,6.074,291.879,-273.071,6.074,282.121,-286.929,6.074,291.879,-273.071,6.074,291.879,-273.071,6.074,282.121,-272.471,6.074,281.521,-287.529,6.074,281.521,-280.000,9.242,281.521,-280.000,9.242,292.479,-287.529,6.074,292.479,-272.471,6.074,292.479,-272.471,6.074,281.521,-280.000,9.242,281.521,-272.471,6.074,292.479,-280.000,9.242,281.521,-280.000,9.242,292.479,-272.471,6.074,292.479,-280.000,9.242,281.521,-287.529,6.074,281.521,-280.000,9.242,292.479,-287.529,6.074,281.521,-287.529,6.074,292.479,-280.000,9.242,292.479,-287.529,6.074,281.521,-272.471,6.074,281.521,-287.529,6.074,292.479,-272.471,6.074,281.521,-272.471,6.074,292.479,-287.529,6.074,292.479,-273.571,3.400,283.576,-273.571,3.400,291.383,-265.949,3.400,283.576,-273.571,3.400,291.383,-265.949,3.400,291.383,-265.949,3.400,283.576,-265.349,3.400,282.976,-274.171,3.400,282.976,-269.760,5.200,282.976,-269.760,5.200,291.983,-274.171,3.400,291.983,-265.349,3.400,291.983,-265.349,3.400,282.976,-269.760,5.200,282.976,-265.349,3.400,291.983,-269.760,5.200,282.976,-269.760,5.200,291.983,-265.349,3.400,291.983,-269.760,5.200,282.976,-274.171,3.400,282.976,-269.760,5.200,291.983,-274.171,3.400,282.976,-274.171,3.400,291.983,-269.760,5.200,291.983,-274.171,3.400,282.976,-265.349,3.400,282.976,-274.171,3.400,291.983,-265.349,3.400,282.976,-265.349,3.400,291.983,-274.171,3.400,291.983;;54504aT2048
Mesh;36;;-275.343,9.641,285.548,-275.343,6.841,285.548,-275.343,9.641,284.548,-275.343,6.841,285.548,-275.343,6.841,284.548,-275.343,9.641,284.548,-276.343,9.641,284.548,-276.343,6.841,284.548,-276.343,9.641,285.548,-276.343,6.841,284.548,-276.343,6.841,285.548,-276.343,9.641,285.548,-276.343,9.641,284.548,-276.343,9.641,285.548,-275.343,9.641,284.548,-276.343,9.641,285.548,-275.343,9.641,285.548,-275.343,9.641,284.548,-276.343,6.841,285.548,-276.343,6.841,284.548,-275.343,6.841,285.548,-276.343,6.841,284.548,-275.343,6.841,284.548,-275.343,6.841,285.548,-276.343,9.641,285.548,-276.343,6.841,285.548,-275.343,9.641,285.548,-276.343,6.841,285.548,-275.343,6.841,285.548,-275.343,9.641,285.548,-275.343,9.641,284.548,-275.343,6.841,284.548,-276.343,9.641,284.548,-275.343,6.841,284.548,-276.343,6.841,284.548,-276.343,9.641,284.548;;ffffffT128
Mesh;54;;-256.168,4.356,281.893,-256.168,4.356,292.107,-238.498,4.356,281.893,-256.168,4.356,292.107,-238.498,4.356,292.107,-238.498,4.356,281.893,-247.326,5.306,287.008,-239.672,3.306,294.662,-247.320,5.306,286.987,-239.672,3.306,294.662,-234.079,3.306,273.746,-247.320,5.306,286.987,-247.320,5.306,286.987,-234.079,3.306,273.746,-247.341,5.306,286.992,-234.079,3.306,273.746,-254.995,3.306,279.338,-247.341,5.306,286.992,-247.341,5.306,286.992,-254.995,3.306,279.338,-247.347,5.306,287.013,-254.995,3.306,279.338,-260.587,3.306,300.254,-247.347,5.306,287.013,-247.347,5.306,287.013,-260.587,3.306,300.254,-247.326,5.306,287.008,-260.587,3.306,300.254,-239.672,3.306,294.662,-247.326,5.306,287.008,-247.326,5.306,287.008,-247.320,5.306,286.987,-247.333,5.306,287.000,-247.320,5.306,286.987,-247.341,5.306,286.992,-247.333,5.306,287.000,-247.341,5.306,286.992,-247.347,5.306,287.013,-247.333,5.306,287.000,-247.347,5.306,287.013,-247.326,5.306,287.008,-247.333,5.306,287.000,-234.079,3.306,273.746,-239.672,3.306,294.662,-247.333,3.306,287.000,-254.995,3.306,279.338,-234.079,3.306,273.746,-247.333,3.306,287.000,-260.587,3.306,300.254,-254.995,3.306,279.338,-247.333,3.306,287.000,-239.672,3.306,294.662,-260.587,3.306,300.254,-247.333,3.306,287.000;;6d4c3dT2048
Mesh;84;;-224.405,4.225,281.894,-224.405,4.225,292.106,-204.928,4.225,281.894,-224.405,4.225,292.106,-204.928,4.225,292.106,-204.928,4.225,281.894,-214.659,5.175,287.008,-207.007,3.175,294.660,-214.652,5.175,286.985,-207.007,3.175,294.660,-200.057,3.175,272.390,-214.652,5.175,286.985,-214.652,5.175,286.985,-200.057,3.175,272.390,-214.674,5.175,286.992,-200.057,3.175,272.390,-222.326,3.175,279.340,-214.674,5.175,286.992,-214.674,5.175,286.992,-222.326,3.175,279.340,-214.681,5.175,287.015,-222.326,3.175,279.340,-229.277,3.175,301.610,-214.681,5.175,287.015,-214.681,5.175,287.015,-229.277,3.175,301.610,-214.659,5.175,287.008,-229.277,3.175,301.610,-207.007,3.175,294.660,-214.659,5.175,287.008,-214.659,5.175,287.008,-214.652,5.175,286.985,-214.667,5.175,287.000,-214.652,5.175,286.985,-214.674,5.175,286.992,-214.667,5.175,287.000,-214.674,5.175,286.992,-214.681,5.175,287.015,-214.667,5.175,287.000,-214.681,5.175,287.015,-214.659,5.175,287.008,-214.667,5.175,287.000,-200.057,3.175,272.390,-207.007,3.175,294.660,-214.667,3.175,287.000,-222.326,3.175,279.340,-200.057,3.175,272.390,-214.667,3.175,287.000,-229.277,3.175,301.610,-222.326,3.175,279.340,-214.667,3.175,287.000,-207.007,3.175,294.660,-229.277,3.175,301.610,-214.667,3.175,287.000,-205.228,2.900,282.423,-205.228,2.900,290.082,-197.048,2.900,282.423,-205.228,2.900,290.082,-197.048,2.900,290.082,-197.048,2.900,282.423,-196.448,2.900,281.823,-205.828,2.900,281.823,-201.138,4.300,281.823,-201.138,4.300,290.682,-205.828,2.900,290.682,-196.448,2.900,290.682,-196.448,2.900,281.823,-201.138,4.300,281.823,-196.448,2.900,290.682,-201.138,4.300,281.823,-201.138,4.300,290.682,-196.448,2.900,290.682,-201.138,4.300,281.823,-205.828,2.900,281.823,-201.138,4.300,290.682,-205.828,2.900,281.823,-205.828,2.900,290.682,-201.138,4.300,290.682,-205.828,2.900,281.823,-196.448,2.900,281.823,-205.828,2.900,290.682,-196.448,2.900,281.823,-196.448,2.900,290.682,-205.828,2.900,290.682;;54504aT2048
Mesh;48;;-173.348,4.684,292.570,-173.348,0.400,292.570,-173.348,4.684,281.430,-173.348,0.400,292.570,-173.348,0.400,281.430,-173.348,4.684,281.430,-190.652,4.684,281.430,-190.652,0.400,281.430,-190.652,4.684,292.570,-190.652,0.400,281.430,-190.652,0.400,292.570,-190.652,4.684,292.570,-190.652,4.684,292.570,-190.652,0.400,292.570,-173.348,4.684,292.570,-190.652,0.400,292.570,-173.348,0.400,292.570,-173.348,4.684,292.570,-173.348,4.684,281.430,-173.348,0.400,281.430,-190.652,4.684,281.430,-173.348,0.400,281.430,-190.652,0.400,281.430,-190.652,4.684,281.430,-166.381,2.900,290.639,-166.381,-0.000,290.639,-166.381,2.900,282.284,-166.381,-0.000,290.639,-166.381,-0.000,282.284,-166.381,2.900,282.284,-173.648,2.900,282.284,-173.648,-0.000,282.284,-173.648,2.900,290.639,-173.648,-0.000,282.284,-173.648,-0.000,290.639,-173.648,2.900,290.639,-173.648,2.900,290.639,-173.648,-0.000,290.639,-166.381,2.900,290.639,-173.648,-0.000,290.639,-166.381,-0.000,290.639,-166.381,2.900,290.639,-166.381,2.900,282.284,-166.381,-0.000,282.284,-173.648,2.900,282.284,-166.381,-0.000,282.284,-173.648,-0.000,282.284,-173.648,2.900,282.284;;ffffffT1024
Mesh;84;;-190.652,4.684,281.430,-190.652,4.684,292.570,-173.348,4.684,281.430,-190.652,4.684,292.570,-173.348,4.684,292.570,-173.348,4.684,281.430,-181.992,5.634,287.008,-173.645,3.634,295.355,-181.987,5.634,286.987,-173.645,3.634,295.355,-169.021,3.634,274.021,-181.987,5.634,286.987,-181.987,5.634,286.987,-169.021,3.634,274.021,-182.008,5.634,286.992,-169.021,3.634,274.021,-190.355,3.634,278.645,-182.008,5.634,286.992,-182.008,5.634,286.992,-190.355,3.634,278.645,-182.013,5.634,287.013,-190.355,3.634,278.645,-194.979,3.634,299.979,-182.013,5.634,287.013,-182.013,5.634,287.013,-194.979,3.634,299.979,-181.992,5.634,287.008,-194.979,3.634,299.979,-173.645,3.634,295.355,-181.992,5.634,287.008,-181.992,5.634,287.008,-181.987,5.634,286.987,-182.000,5.634,287.000,-181.987,5.634,286.987,-182.008,5.634,286.992,-182.000,5.634,287.000,-182.008,5.634,286.992,-182.013,5.634,287.013,-182.000,5.634,287.000,-182.013,5.634,287.013,-181.992,5.634,287.008,-182.000,5.634,287.000,-169.021,3.634,274.021,-173.645,3.634,295.355,-182.000,3.634,287.000,-190.355,3.634,278.645,-169.021,3.634,274.021,-182.000,3.634,287.000,-194.979,3.634,299.979,-190.355,3.634,278.645,-182.000,3.634,287.000,-173.645,3.634,295.355,-194.979,3.634,299.979,-182.000,3.634,287.000,-173.648,2.900,282.284,-173.648,2.900,290.639,-166.381,2.900,282.284,-173.648,2.900,290.639,-166.381,2.900,290.639,-166.381,2.900,282.284,-165.781,2.900,281.684,-174.248,2.900,281.684,-170.015,4.300,281.684,-170.015,4.300,291.239,-174.248,2.900,291.239,-165.781,2.900,291.239,-165.781,2.900,281.684,-170.015,4.300,281.684,-165.781,2.900,291.239,-170.015,4.300,281.684,-170.015,4.300,291.239,-165.781,2.900,291.239,-170.015,4.300,281.684,-174.248,2.900,281.684,-170.015,4.300,291.239,-174.248,2.900,281.684,-174.248,2.900,291.239,-170.015,4.300,291.239,-174.248,2.900,281.684,-165.781,2.900,281.684,-174.248,2.900,291.239,-165.781,2.900,281.684,-165.781,2.900,291.239,-174.248,2.900,291.239;;5a5048T2048
Mesh;36;;-176.359,7.284,285.222,-176.359,5.084,285.222,-176.359,7.284,284.322,-176.359,5.084,285.222,-176.359,5.084,284.322,-176.359,7.284,284.322,-177.259,7.284,284.322,-177.259,5.084,284.322,-177.259,7.284,285.222,-177.259,5.084,284.322,-177.259,5.084,285.222,-177.259,7.284,285.222,-177.259,7.284,284.322,-177.259,7.284,285.222,-176.359,7.284,284.322,-177.259,7.284,285.222,-176.359,7.284,285.222,-176.359,7.284,284.322,-177.259,5.084,285.222,-177.259,5.084,284.322,-176.359,5.084,285.222,-177.259,5.084,284.322,-176.359,5.084,284.322,-176.359,5.084,285.222,-177.259,7.284,285.222,-177.259,5.084,285.222,-176.359,7.284,285.222,-177.259,5.084,285.222,-176.359,5.084,285.222,-176.359,7.284,285.222,-176.359,7.284,284.322,-176.359,5.084,284.322,-177.259,7.284,284.322,-176.359,5.084,284.322,-177.259,5.084,284.322,-177.259,7.284,284.322;;ffffffT128
Mesh;60;;-783.989,6.240,387.865,-783.989,6.240,398.135,-772.011,6.240,387.865,-783.989,6.240,398.135,-772.011,6.240,398.135,-772.011,6.240,387.865,-771.411,6.240,387.265,-784.589,6.240,387.265,-778.000,9.175,387.265,-778.000,9.175,398.735,-784.589,6.240,398.735,-771.411,6.240,398.735,-771.411,6.240,387.265,-778.000,9.175,387.265,-771.411,6.240,398.735,-778.000,9.175,387.265,-778.000,9.175,398.735,-771.411,6.240,398.735,-778.000,9.175,387.265,-784.589,6.240,387.265,-778.000,9.175,398.735,-784.589,6.240,387.265,-784.589,6.240,398.735,-778.000,9.175,398.735,-784.589,6.240,387.265,-771.411,6.240,387.265,-784.589,6.240,398.735,-771.411,6.240,387.265,-771.411,6.240,398.735,-784.589,6.240,398.735,-772.511,3.400,388.590,-772.511,3.400,396.806,-765.923,3.400,388.590,-772.511,3.400,396.806,-765.923,3.400,396.806,-765.923,3.400,388.590,-765.323,3.400,387.990,-773.111,3.400,387.990,-769.217,5.200,387.990,-769.217,5.200,397.406,-773.111,3.400,397.406,-765.323,3.400,397.406,-765.323,3.400,387.990,-769.217,5.200,387.990,-765.323,3.400,397.406,-769.217,5.200,387.990,-769.217,5.200,397.406,-765.323,3.400,397.406,-769.217,5.200,387.990,-773.111,3.400,387.990,-769.217,5.200,397.406,-773.111,3.400,387.990,-773.111,3.400,397.406,-769.217,5.200,397.406,-773.111,3.400,387.990,-765.323,3.400,387.990,-773.111,3.400,397.406,-765.323,3.400,387.990,-765.323,3.400,397.406,-773.111,3.400,397.406;;4d5560T2048
Mesh;60;;-751.671,6.774,387.768,-751.671,6.774,398.232,-740.329,6.774,387.768,-751.671,6.774,398.232,-740.329,6.774,398.232,-740.329,6.774,387.768,-739.729,6.774,387.168,-752.271,6.774,387.168,-746.000,10.028,387.168,-746.000,10.028,398.832,-752.271,6.774,398.832,-739.729,6.774,398.832,-739.729,6.774,387.168,-746.000,10.028,387.168,-739.729,6.774,398.832,-746.000,10.028,387.168,-746.000,10.028,398.832,-739.729,6.774,398.832,-746.000,10.028,387.168,-752.271,6.774,387.168,-746.000,10.028,398.832,-752.271,6.774,387.168,-752.271,6.774,398.832,-746.000,10.028,398.832,-752.271,6.774,387.168,-739.729,6.774,387.168,-752.271,6.774,398.832,-739.729,6.774,387.168,-739.729,6.774,398.832,-752.271,6.774,398.832,-740.829,3.400,388.677,-740.829,3.400,397.048,-734.591,3.400,388.677,-740.829,3.400,397.048,-734.591,3.400,397.048,-734.591,3.400,388.677,-733.991,3.400,388.077,-741.429,3.400,388.077,-737.710,5.200,388.077,-737.710,5.200,397.648,-741.429,3.400,397.648,-733.991,3.400,397.648,-733.991,3.400,388.077,-737.710,5.200,388.077,-733.991,3.400,397.648,-737.710,5.200,388.077,-737.710,5.200,397.648,-733.991,3.400,397.648,-737.710,5.200,388.077,-741.429,3.400,388.077,-737.710,5.200,397.648,-741.429,3.400,388.077,-741.429,3.400,397.648,-737.710,5.200,397.648,-741.429,3.400,388.077,-733.991,3.400,388.077,-741.429,3.400,397.648,-733.991,3.400,388.077,-733.991,3.400,397.648,-741.429,3.400,397.648;;5a5048T2048
Mesh;84;;-722.864,4.542,387.973,-722.864,4.542,398.027,-705.136,4.542,387.973,-722.864,4.542,398.027,-705.136,4.542,398.027,-705.136,4.542,387.973,-713.992,5.492,393.008,-706.459,3.492,400.541,-713.987,5.492,392.987,-706.459,3.492,400.541,-700.703,3.492,379.703,-713.987,5.492,392.987,-713.987,5.492,392.987,-700.703,3.492,379.703,-714.008,5.492,392.992,-700.703,3.492,379.703,-721.541,3.492,385.459,-714.008,5.492,392.992,-714.008,5.492,392.992,-721.541,3.492,385.459,-714.013,5.492,393.013,-721.541,3.492,385.459,-727.297,3.492,406.297,-714.013,5.492,393.013,-714.013,5.492,393.013,-727.297,3.492,406.297,-713.992,5.492,393.008,-727.297,3.492,406.297,-706.459,3.492,400.541,-713.992,5.492,393.008,-713.992,5.492,393.008,-713.987,5.492,392.987,-714.000,5.492,393.000,-713.987,5.492,392.987,-714.008,5.492,392.992,-714.000,5.492,393.000,-714.008,5.492,392.992,-714.013,5.492,393.013,-714.000,5.492,393.000,-714.013,5.492,393.013,-713.992,5.492,393.008,-714.000,5.492,393.000,-700.703,3.492,379.703,-706.459,3.492,400.541,-714.000,3.492,393.000,-721.541,3.492,385.459,-700.703,3.492,379.703,-714.000,3.492,393.000,-727.297,3.492,406.297,-721.541,3.492,385.459,-714.000,3.492,393.000,-706.459,3.492,400.541,-727.297,3.492,406.297,-714.000,3.492,393.000,-705.436,2.900,388.503,-705.436,2.900,396.043,-697.991,2.900,388.503,-705.436,2.900,396.043,-697.991,2.900,396.043,-697.991,2.900,388.503,-697.391,2.900,387.903,-706.036,2.900,387.903,-701.714,4.300,387.903,-701.714,4.300,396.643,-706.036,2.900,396.643,-697.391,2.900,396.643,-697.391,2.900,387.903,-701.714,4.300,387.903,-697.391,2.900,396.643,-701.714,4.300,387.903,-701.714,4.300,396.643,-697.391,2.900,396.643,-701.714,4.300,387.903,-706.036,2.900,387.903,-701.714,4.300,396.643,-706.036,2.900,387.903,-706.036,2.900,396.643,-701.714,4.300,396.643,-706.036,2.900,387.903,-697.391,2.900,387.903,-706.036,2.900,396.643,-697.391,2.900,387.903,-697.391,2.900,396.643,-706.036,2.900,396.643;;5a5048T2048
Mesh;48;;-673.758,4.729,398.385,-673.758,0.400,398.385,-673.758,4.729,387.615,-673.758,0.400,398.385,-673.758,0.400,387.615,-673.758,4.729,387.615,-690.242,4.729,387.615,-690.242,0.400,387.615,-690.242,4.729,398.385,-690.242,0.400,387.615,-690.242,0.400,398.385,-690.242,4.729,398.385,-690.242,4.729,398.385,-690.242,0.400,398.385,-673.758,4.729,398.385,-690.242,0.400,398.385,-673.758,0.400,398.385,-673.758,4.729,398.385,-673.758,4.729,387.615,-673.758,0.400,387.615,-690.242,4.729,387.615,-673.758,0.400,387.615,-690.242,0.400,387.615,-690.242,4.729,387.615,-667.135,2.900,398.031,-667.135,-0.000,398.031,-667.135,2.900,389.954,-667.135,-0.000,398.031,-667.135,-0.000,389.954,-667.135,2.900,389.954,-674.058,2.900,389.954,-674.058,-0.000,389.954,-674.058,2.900,398.031,-674.058,-0.000,389.954,-674.058,-0.000,398.031,-674.058,2.900,398.031,-674.058,2.900,398.031,-674.058,-0.000,398.031,-667.135,2.900,398.031,-674.058,-0.000,398.031,-667.135,-0.000,398.031,-667.135,2.900,398.031,-667.135,2.900,389.954,-667.135,-0.000,389.954,-674.058,2.900,389.954,-667.135,-0.000,389.954,-674.058,-0.000,389.954,-674.058,2.900,389.954;;ffffffT1024
Mesh;84;;-690.242,4.729,387.615,-690.242,4.729,398.385,-673.758,4.729,387.615,-690.242,4.729,398.385,-673.758,4.729,398.385,-673.758,4.729,387.615,-681.992,5.679,393.008,-673.922,3.679,401.078,-681.988,5.679,392.988,-673.922,3.679,401.078,-669.636,3.679,380.636,-681.988,5.679,392.988,-681.988,5.679,392.988,-669.636,3.679,380.636,-682.008,5.679,392.992,-669.636,3.679,380.636,-690.078,3.679,384.922,-682.008,5.679,392.992,-682.008,5.679,392.992,-690.078,3.679,384.922,-682.012,5.679,393.012,-690.078,3.679,384.922,-694.364,3.679,405.364,-682.012,5.679,393.012,-682.012,5.679,393.012,-694.364,3.679,405.364,-681.992,5.679,393.008,-694.364,3.679,405.364,-673.922,3.679,401.078,-681.992,5.679,393.008,-681.992,5.679,393.008,-681.988,5.679,392.988,-682.000,5.679,393.000,-681.988,5.679,392.988,-682.008,5.679,392.992,-682.000,5.679,393.000,-682.008,5.679,392.992,-682.012,5.679,393.012,-682.000,5.679,393.000,-682.012,5.679,393.012,-681.992,5.679,393.008,-682.000,5.679,393.000,-669.636,3.679,380.636,-673.922,3.679,401.078,-682.000,3.679,393.000,-690.078,3.679,384.922,-669.636,3.679,380.636,-682.000,3.679,393.000,-694.364,3.679,405.364,-690.078,3.679,384.922,-682.000,3.679,393.000,-673.922,3.679,401.078,-694.364,3.679,405.364,-682.000,3.679,393.000,-674.058,2.900,389.954,-674.058,2.900,398.031,-667.135,2.900,389.954,-674.058,2.900,398.031,-667.135,2.900,398.031,-667.135,2.900,389.954,-666.536,2.900,389.354,-674.658,2.900,389.354,-670.597,4.300,389.354,-670.597,4.300,398.631,-674.658,2.900,398.631,-666.536,2.900,398.631,-666.536,2.900,389.354,-670.597,4.300,389.354,-666.536,2.900,398.631,-670.597,4.300,389.354,-670.597,4.300,398.631,-666.536,2.900,398.631,-670.597,4.300,389.354,-674.658,2.900,389.354,-670.597,4.300,398.631,-674.658,2.900,389.354,-674.658,2.900,398.631,-670.597,4.300,398.631,-674.658,2.900,389.354,-666.536,2.900,389.354,-674.658,2.900,398.631,-666.536,2.900,389.354,-666.536,2.900,398.631,-674.658,2.900,398.631;;5a5048T2048
Mesh;36;;-676.605,7.329,391.296,-676.605,5.129,391.296,-676.605,7.329,390.396,-676.605,5.129,391.296,-676.605,5.129,390.396,-676.605,7.329,390.396,-677.505,7.329,390.396,-677.505,5.129,390.396,-677.505,7.329,391.296,-677.505,5.129,390.396,-677.505,5.129,391.296,-677.505,7.329,391.296,-677.505,7.329,390.396,-677.505,7.329,391.296,-676.605,7.329,390.396,-677.505,7.329,391.296,-676.605,7.329,391.296,-676.605,7.329,390.396,-677.505,5.129,391.296,-677.505,5.129,390.396,-676.605,5.129,391.296,-677.505,5.129,390.396,-676.605,5.129,390.396,-676.605,5.129,391.296,-677.505,7.329,391.296,-677.505,5.129,391.296,-676.605,7.329,391.296,-677.505,5.129,391.296,-676.605,5.129,391.296,-676.605,7.329,391.296,-676.605,7.329,390.396,-676.605,5.129,390.396,-677.505,7.329,390.396,-676.605,5.129,390.396,-677.505,5.129,390.396,-677.505,7.329,390.396;;ffffffT128
Mesh;60;;-603.921,7.631,388.319,-603.921,7.631,397.681,-592.079,7.631,388.319,-603.921,7.631,397.681,-592.079,7.631,397.681,-592.079,7.631,388.319,-604.680,7.631,387.845,-604.680,7.631,398.155,-604.680,10.306,393.000,-591.320,10.306,393.000,-591.320,7.631,398.155,-591.320,7.631,387.845,-604.680,7.631,387.845,-604.680,10.306,393.000,-591.320,7.631,387.845,-604.680,10.306,393.000,-591.320,10.306,393.000,-591.320,7.631,387.845,-604.680,10.306,393.000,-604.680,7.631,398.155,-591.320,10.306,393.000,-604.680,7.631,398.155,-591.320,7.631,398.155,-591.320,10.306,393.000,-604.680,7.631,398.155,-604.680,7.631,387.845,-591.320,7.631,398.155,-604.680,7.631,387.845,-591.320,7.631,387.845,-591.320,7.631,398.155,-592.579,3.400,388.416,-592.579,3.400,395.905,-586.067,3.400,388.416,-592.579,3.400,395.905,-586.067,3.400,395.905,-586.067,3.400,388.416,-585.467,3.400,387.816,-593.179,3.400,387.816,-589.323,5.200,387.816,-589.323,5.200,396.505,-593.179,3.400,396.505,-585.467,3.400,396.505,-585.467,3.400,387.816,-589.323,5.200,387.816,-585.467,3.400,396.505,-589.323,5.200,387.816,-589.323,5.200,396.505,-585.467,3.400,396.505,-589.323,5.200,387.816,-593.179,3.400,387.816,-589.323,5.200,396.505,-593.179,3.400,387.816,-593.179,3.400,396.505,-589.323,5.200,396.505,-593.179,3.400,387.816,-585.467,3.400,387.816,-593.179,3.400,396.505,-585.467,3.400,387.816,-585.467,3.400,396.505,-593.179,3.400,396.505;;6b5a4dT2048
Mesh;36;;-593.948,11.001,391.628,-593.948,8.201,391.628,-593.948,11.001,390.628,-593.948,8.201,391.628,-593.948,8.201,390.628,-593.948,11.001,390.628,-594.948,11.001,390.628,-594.948,8.201,390.628,-594.948,11.001,391.628,-594.948,8.201,390.628,-594.948,8.201,391.628,-594.948,11.001,391.628,-594.948,11.001,390.628,-594.948,11.001,391.628,-593.948,11.001,390.628,-594.948,11.001,391.628,-593.948,11.001,391.628,-593.948,11.001,390.628,-594.948,8.201,391.628,-594.948,8.201,390.628,-593.948,8.201,391.628,-594.948,8.201,390.628,-593.948,8.201,390.628,-593.948,8.201,391.628,-594.948,11.001,391.628,-594.948,8.201,391.628,-593.948,11.001,391.628,-594.948,8.201,391.628,-593.948,8.201,391.628,-593.948,11.001,391.628,-593.948,11.001,390.628,-593.948,8.201,390.628,-594.948,11.001,390.628,-593.948,8.201,390.628,-594.948,8.201,390.628,-594.948,11.001,390.628;;ffffffT128
Mesh;60;;-577.710,7.292,388.375,-577.710,7.292,397.625,-563.890,7.292,388.375,-577.710,7.292,397.625,-563.890,7.292,397.625,-563.890,7.292,388.375,-563.290,7.292,387.775,-578.310,7.292,387.775,-570.800,10.341,387.775,-570.800,10.341,398.225,-578.310,7.292,398.225,-563.290,7.292,398.225,-563.290,7.292,387.775,-570.800,10.341,387.775,-563.290,7.292,398.225,-570.800,10.341,387.775,-570.800,10.341,398.225,-563.290,7.292,398.225,-570.800,10.341,387.775,-578.310,7.292,387.775,-570.800,10.341,398.225,-578.310,7.292,387.775,-578.310,7.292,398.225,-570.800,10.341,398.225,-578.310,7.292,387.775,-563.290,7.292,387.775,-578.310,7.292,398.225,-563.290,7.292,387.775,-563.290,7.292,398.225,-578.310,7.292,398.225,-564.390,3.400,390.074,-564.390,3.400,397.474,-556.790,3.400,390.074,-564.390,3.400,397.474,-556.790,3.400,397.474,-556.790,3.400,390.074,-556.190,3.400,389.474,-564.990,3.400,389.474,-560.590,5.200,389.474,-560.590,5.200,398.074,-564.990,3.400,398.074,-556.190,3.400,398.074,-556.190,3.400,389.474,-560.590,5.200,389.474,-556.190,3.400,398.074,-560.590,5.200,389.474,-560.590,5.200,398.074,-556.190,3.400,398.074,-560.590,5.200,389.474,-564.990,3.400,389.474,-560.590,5.200,398.074,-564.990,3.400,389.474,-564.990,3.400,398.074,-560.590,5.200,398.074,-564.990,3.400,389.474,-556.190,3.400,389.474,-564.990,3.400,398.074,-556.190,3.400,389.474,-556.190,3.400,398.074,-564.990,3.400,398.074;;4d5560T2048
Mesh;60;;-549.568,6.346,387.151,-549.568,6.346,398.849,-537.632,6.346,387.151,-549.568,6.346,398.849,-537.632,6.346,398.849,-537.632,6.346,387.151,-550.180,6.346,386.563,-550.180,6.346,399.437,-550.180,9.068,393.000,-537.020,9.068,393.000,-537.020,6.346,399.437,-537.020,6.346,386.563,-550.180,6.346,386.563,-550.180,9.068,393.000,-537.020,6.346,386.563,-550.180,9.068,393.000,-537.020,9.068,393.000,-537.020,6.346,386.563,-550.180,9.068,393.000,-550.180,6.346,399.437,-537.020,9.068,393.000,-550.180,6.346,399.437,-537.020,6.346,399.437,-537.020,9.068,393.000,-550.180,6.346,399.437,-550.180,6.346,386.563,-537.020,6.346,399.437,-550.180,6.346,386.563,-537.020,6.346,386.563,-537.020,6.346,399.437,-538.132,3.400,388.270,-538.132,3.400,397.629,-531.568,3.400,388.270,-538.132,3.400,397.629,-531.568,3.400,397.629,-531.568,3.400,388.270,-530.968,3.400,387.670,-538.732,3.400,387.670,-534.850,5.200,387.670,-534.850,5.200,398.229,-538.732,3.400,398.229,-530.968,3.400,398.229,-530.968,3.400,387.670,-534.850,5.200,387.670,-530.968,3.400,398.229,-534.850,5.200,387.670,-534.850,5.200,398.229,-530.968,3.400,398.229,-534.850,5.200,387.670,-538.732,3.400,387.670,-534.850,5.200,398.229,-538.732,3.400,387.670,-538.732,3.400,398.229,-534.850,5.200,398.229,-538.732,3.400,387.670,-530.968,3.400,387.670,-538.732,3.400,398.229,-530.968,3.400,387.670,-530.968,3.400,398.229,-538.732,3.400,398.229;;6b5a4dT2048
Mesh;54;;-524.932,4.587,387.173,-524.932,4.587,398.827,-507.868,4.587,387.173,-524.932,4.587,398.827,-507.868,4.587,398.827,-507.868,4.587,387.173,-516.391,5.537,393.009,-507.659,3.537,401.741,-516.387,5.537,392.987,-507.659,3.537,401.741,-503.600,3.537,380.200,-516.387,5.537,392.987,-516.387,5.537,392.987,-503.600,3.537,380.200,-516.409,5.537,392.991,-503.600,3.537,380.200,-525.141,3.537,384.259,-516.409,5.537,392.991,-516.409,5.537,392.991,-525.141,3.537,384.259,-516.413,5.537,393.013,-525.141,3.537,384.259,-529.200,3.537,405.800,-516.413,5.537,393.013,-516.413,5.537,393.013,-529.200,3.537,405.800,-516.391,5.537,393.009,-529.200,3.537,405.800,-507.659,3.537,401.741,-516.391,5.537,393.009,-516.391,5.537,393.009,-516.387,5.537,392.987,-516.400,5.537,393.000,-516.387,5.537,392.987,-516.409,5.537,392.991,-516.400,5.537,393.000,-516.409,5.537,392.991,-516.413,5.537,393.013,-516.400,5.537,393.000,-516.413,5.537,393.013,-516.391,5.537,393.009,-516.400,5.537,393.000,-503.600,3.537,380.200,-507.659,3.537,401.741,-516.400,3.537,393.000,-525.141,3.537,384.259,-503.600,3.537,380.200,-516.400,3.537,393.000,-529.200,3.537,405.800,-525.141,3.537,384.259,-516.400,3.537,393.000,-507.659,3.537,401.741,-529.200,3.537,405.800,-516.400,3.537,393.000;;6d4c3dT2048
Mesh;60;;-468.105,7.098,387.901,-468.105,7.098,398.099,-455.895,7.098,387.901,-468.105,7.098,398.099,-455.895,7.098,398.099,-455.895,7.098,387.901,-468.823,7.098,387.400,-468.823,7.098,398.600,-468.823,9.712,393.000,-455.177,9.712,393.000,-455.177,7.098,398.600,-455.177,7.098,387.400,-468.823,7.098,387.400,-468.823,9.712,393.000,-455.177,7.098,387.400,-468.823,9.712,393.000,-455.177,9.712,393.000,-455.177,7.098,387.400,-468.823,9.712,393.000,-468.823,7.098,398.600,-455.177,9.712,393.000,-468.823,7.098,398.600,-455.177,7.098,398.600,-455.177,9.712,393.000,-468.823,7.098,398.600,-468.823,7.098,387.400,-455.177,7.098,398.600,-468.823,7.098,387.400,-455.177,7.098,387.400,-455.177,7.098,398.600,-456.395,3.400,389.589,-456.395,3.400,397.748,-449.680,3.400,389.589,-456.395,3.400,397.748,-449.680,3.400,397.748,-449.680,3.400,389.589,-449.080,3.400,388.989,-456.995,3.400,388.989,-453.038,5.200,388.989,-453.038,5.200,398.348,-456.995,3.400,398.348,-449.080,3.400,398.348,-449.080,3.400,388.989,-453.038,5.200,388.989,-449.080,3.400,398.348,-453.038,5.200,388.989,-453.038,5.200,398.348,-449.080,3.400,398.348,-453.038,5.200,388.989,-456.995,3.400,388.989,-453.038,5.200,398.348,-456.995,3.400,388.989,-456.995,3.400,398.348,-453.038,5.200,398.348,-456.995,3.400,388.989,-449.080,3.400,388.989,-456.995,3.400,398.348,-449.080,3.400,388.989,-449.080,3.400,398.348,-456.995,3.400,398.348;;6b5a4dT2048
Mesh;60;;-383.954,7.197,387.037,-383.954,7.197,398.963,-372.046,7.197,387.037,-383.954,7.197,398.963,-372.046,7.197,398.963,-372.046,7.197,387.037,-384.553,7.197,386.436,-384.553,7.197,399.564,-384.553,10.798,393.000,-371.447,10.798,393.000,-371.447,7.197,399.564,-371.447,7.197,386.436,-384.553,7.197,386.436,-384.553,10.798,393.000,-371.447,7.197,386.436,-384.553,10.798,393.000,-371.447,10.798,393.000,-371.447,7.197,386.436,-384.553,10.798,393.000,-384.553,7.197,399.564,-371.447,10.798,393.000,-384.553,7.197,399.564,-371.447,7.197,399.564,-371.447,10.798,393.000,-384.553,7.197,399.564,-384.553,7.197,386.436,-371.447,7.197,399.564,-384.553,7.197,386.436,-371.447,7.197,386.436,-371.447,7.197,399.564,-372.546,3.400,388.468,-372.546,3.400,398.009,-365.997,3.400,388.468,-372.546,3.400,398.009,-365.997,3.400,398.009,-365.997,3.400,388.468,-365.397,3.400,387.868,-373.146,3.400,387.868,-369.272,5.200,387.868,-369.272,5.200,398.609,-373.146,3.400,398.609,-365.397,3.400,398.609,-365.397,3.400,387.868,-369.272,5.200,387.868,-365.397,3.400,398.609,-369.272,5.200,387.868,-369.272,5.200,398.609,-365.397,3.400,398.609,-369.272,5.200,387.868,-373.146,3.400,387.868,-369.272,5.200,398.609,-373.146,3.400,387.868,-373.146,3.400,398.609,-369.272,5.200,398.609,-373.146,3.400,387.868,-365.397,3.400,387.868,-373.146,3.400,398.609,-365.397,3.400,387.868,-365.397,3.400,398.609,-373.146,3.400,398.609;;6d4c3dT2048
Mesh;36;;-373.928,10.938,391.115,-373.928,8.138,391.115,-373.928,10.938,390.115,-373.928,8.138,391.115,-373.928,8.138,390.115,-373.928,10.938,390.115,-374.928,10.938,390.115,-374.928,8.138,390.115,-374.928,10.938,391.115,-374.928,8.138,390.115,-374.928,8.138,391.115,-374.928,10.938,391.115,-374.928,10.938,390.115,-374.928,10.938,391.115,-373.928,10.938,390.115,-374.928,10.938,391.115,-373.928,10.938,391.115,-373.928,10.938,390.115,-374.928,8.138,391.115,-374.928,8.138,390.115,-373.928,8.138,391.115,-374.928,8.138,390.115,-373.928,8.138,390.115,-373.928,8.138,391.115,-374.928,10.938,391.115,-374.928,8.138,391.115,-373.928,10.938,391.115,-374.928,8.138,391.115,-373.928,8.138,391.115,-373.928,10.938,391.115,-373.928,10.938,390.115,-373.928,8.138,390.115,-374.928,10.938,390.115,-373.928,8.138,390.115,-374.928,8.138,390.115,-374.928,10.938,390.115;;ffffffT128
Mesh;288;;-345.160,6.925,398.355,-345.160,0.500,398.355,-345.160,6.925,387.645,-345.160,0.500,398.355,-345.160,0.500,387.645,-345.160,6.925,387.645,-357.240,6.925,387.645,-357.240,0.500,387.645,-357.240,6.925,398.355,-357.240,0.500,387.645,-357.240,0.500,398.355,-357.240,6.925,398.355,-357.240,6.925,398.355,-357.240,0.500,398.355,-345.160,6.925,398.355,-357.240,0.500,398.355,-345.160,0.500,398.355,-345.160,6.925,398.355,-345.160,6.925,387.645,-345.160,0.500,387.645,-357.240,6.925,387.645,-345.160,0.500,387.645,-357.240,0.500,387.645,-357.240,6.925,387.645,-339.015,3.400,397.099,-339.015,-0.000,397.099,-339.015,3.400,388.532,-339.015,-0.000,397.099,-339.015,-0.000,388.532,-339.015,3.400,388.532,-345.660,3.400,388.532,-345.660,-0.000,388.532,-345.660,3.400,397.099,-345.660,-0.000,388.532,-345.660,-0.000,397.099,-345.660,3.400,397.099,-345.660,3.400,397.099,-345.660,-0.000,397.099,-339.015,3.400,397.099,-345.660,-0.000,397.099,-339.015,-0.000,397.099,-339.015,3.400,397.099,-339.015,3.400,388.532,-339.015,-0.000,388.532,-345.660,3.400,388.532,-339.015,-0.000,388.532,-345.660,-0.000,388.532,-345.660,3.400,388.532,-174.574,6.753,589.419,-174.574,0.500,589.419,-185.426,6.753,589.419,-174.574,0.500,589.419,-185.426,0.500,589.419,-185.426,6.753,589.419,-185.426,6.753,600.581,-185.426,0.500,600.581,-174.574,6.753,600.581,-185.426,0.500,600.581,-174.574,0.500,600.581,-174.574,6.753,600.581,-174.574,6.753,600.581,-174.574,0.500,600.581,-174.574,6.753,589.419,-174.574,0.500,600.581,-174.574,0.500,589.419,-174.574,6.753,589.419,-185.426,6.753,589.419,-185.426,0.500,589.419,-185.426,6.753,600.581,-185.426,0.500,589.419,-185.426,0.500,600.581,-185.426,6.753,600.581,-176.205,3.400,583.779,-176.205,-0.000,583.779,-184.887,3.400,583.779,-176.205,-0.000,583.779,-184.887,-0.000,583.779,-184.887,3.400,583.779,-184.887,3.400,589.919,-184.887,-0.000,589.919,-176.205,3.400,589.919,-184.887,-0.000,589.919,-176.205,-0.000,589.919,-176.205,3.400,589.919,-176.205,3.400,589.919,-176.205,-0.000,589.919,-176.205,3.400,583.779,-176.205,-0.000,589.919,-176.205,-0.000,583.779,-176.205,3.400,583.779,-184.887,3.400,583.779,-184.887,-0.000,583.779,-184.887,3.400,589.919,-184.887,-0.000,583.779,-184.887,-0.000,589.919,-184.887,3.400,589.919;;ffffffT1024
Mesh;60;;-357.240,6.925,387.645,-357.240,6.925,398.355,-345.160,6.925,387.645,-357.240,6.925,398.355,-345.160,6.925,398.355,-345.160,6.925,387.645,-357.917,6.925,387.114,-357.917,6.925,398.886,-357.917,9.842,393.000,-344.483,9.842,393.000,-344.483,6.925,398.886,-344.483,6.925,387.114,-357.917,6.925,387.114,-357.917,9.842,393.000,-344.483,6.925,387.114,-357.917,9.842,393.000,-344.483,9.842,393.000,-344.483,6.925,387.114,-357.917,9.842,393.000,-357.917,6.925,398.886,-344.483,9.842,393.000,-357.917,6.925,398.886,-344.483,6.925,398.886,-344.483,9.842,393.000,-357.917,6.925,398.886,-357.917,6.925,387.114,-344.483,6.925,398.886,-357.917,6.925,387.114,-344.483,6.925,387.114,-344.483,6.925,398.886,-345.660,3.400,388.532,-345.660,3.400,397.099,-339.015,3.400,388.532,-345.660,3.400,397.099,-339.015,3.400,397.099,-339.015,3.400,388.532,-338.415,3.400,387.932,-346.260,3.400,387.932,-342.337,5.200,387.932,-342.337,5.200,397.699,-346.260,3.400,397.699,-338.415,3.400,397.699,-338.415,3.400,387.932,-342.337,5.200,387.932,-338.415,3.400,397.699,-342.337,5.200,387.932,-342.337,5.200,397.699,-338.415,3.400,397.699,-342.337,5.200,387.932,-346.260,3.400,387.932,-342.337,5.200,397.699,-346.260,3.400,387.932,-346.260,3.400,397.699,-342.337,5.200,397.699,-346.260,3.400,387.932,-338.415,3.400,387.932,-346.260,3.400,397.699,-338.415,3.400,387.932,-338.415,3.400,397.699,-346.260,3.400,397.699;;4d5560T2048
Mesh;60;;-330.781,6.264,388.478,-330.781,6.264,397.522,-318.019,6.264,388.478,-330.781,6.264,397.522,-318.019,6.264,397.522,-318.019,6.264,388.478,-331.628,6.264,388.052,-331.628,6.264,397.948,-331.628,9.269,393.000,-317.172,9.269,393.000,-317.172,6.264,397.948,-317.172,6.264,388.052,-331.628,6.264,388.052,-331.628,9.269,393.000,-317.172,6.264,388.052,-331.628,9.269,393.000,-317.172,9.269,393.000,-317.172,6.264,388.052,-331.628,9.269,393.000,-331.628,6.264,397.948,-317.172,9.269,393.000,-331.628,6.264,397.948,-317.172,6.264,397.948,-317.172,9.269,393.000,-331.628,6.264,397.948,-331.628,6.264,388.052,-317.172,6.264,397.948,-331.628,6.264,388.052,-317.172,6.264,388.052,-317.172,6.264,397.948,-318.519,3.400,388.776,-318.519,3.400,396.012,-311.500,3.400,388.776,-318.519,3.400,396.012,-311.500,3.400,396.012,-311.500,3.400,388.776,-310.900,3.400,388.176,-319.119,3.400,388.176,-315.010,5.200,388.176,-315.010,5.200,396.612,-319.119,3.400,396.612,-310.900,3.400,396.612,-310.900,3.400,388.176,-315.010,5.200,388.176,-310.900,3.400,396.612,-315.010,5.200,388.176,-315.010,5.200,396.612,-310.900,3.400,396.612,-315.010,5.200,388.176,-319.119,3.400,388.176,-315.010,5.200,396.612,-319.119,3.400,388.176,-319.119,3.400,396.612,-315.010,5.200,396.612,-319.119,3.400,388.176,-310.900,3.400,388.176,-319.119,3.400,396.612,-310.900,3.400,388.176,-310.900,3.400,396.612,-319.119,3.400,396.612;;54504aT2048
Mesh;36;;-320.071,9.766,391.691,-320.071,6.966,391.691,-320.071,9.766,390.691,-320.071,6.966,391.691,-320.071,6.966,390.691,-320.071,9.766,390.691,-321.071,9.766,390.691,-321.071,6.966,390.691,-321.071,9.766,391.691,-321.071,6.966,390.691,-321.071,6.966,391.691,-321.071,9.766,391.691,-321.071,9.766,390.691,-321.071,9.766,391.691,-320.071,9.766,390.691,-321.071,9.766,391.691,-320.071,9.766,391.691,-320.071,9.766,390.691,-321.071,6.966,391.691,-321.071,6.966,390.691,-320.071,6.966,391.691,-321.071,6.966,390.691,-320.071,6.966,390.691,-320.071,6.966,391.691,-321.071,9.766,391.691,-321.071,6.966,391.691,-320.071,9.766,391.691,-321.071,6.966,391.691,-320.071,6.966,391.691,-320.071,9.766,391.691,-320.071,9.766,390.691,-320.071,6.966,390.691,-321.071,9.766,390.691,-320.071,6.966,390.691,-321.071,6.966,390.691,-321.071,9.766,390.691;;ffffffT128
Mesh;48;;-289.196,4.186,398.598,-289.196,0.400,398.598,-289.196,4.186,387.402,-289.196,0.400,398.598,-289.196,0.400,387.402,-289.196,4.186,387.402,-306.004,4.186,387.402,-306.004,0.400,387.402,-306.004,4.186,398.598,-306.004,0.400,387.402,-306.004,0.400,398.598,-306.004,4.186,398.598,-306.004,4.186,398.598,-306.004,0.400,398.598,-289.196,4.186,398.598,-306.004,0.400,398.598,-289.196,0.400,398.598,-289.196,4.186,398.598,-289.196,4.186,387.402,-289.196,0.400,387.402,-306.004,4.186,387.402,-289.196,0.400,387.402,-306.004,0.400,387.402,-306.004,4.186,387.402,-282.436,2.900,397.562,-282.436,-0.000,397.562,-282.436,2.900,389.165,-282.436,-0.000,397.562,-282.436,-0.000,389.165,-282.436,2.900,389.165,-289.496,2.900,389.165,-289.496,-0.000,389.165,-289.496,2.900,397.562,-289.496,-0.000,389.165,-289.496,-0.000,397.562,-289.496,2.900,397.562,-289.496,2.900,397.562,-289.496,-0.000,397.562,-282.436,2.900,397.562,-289.496,-0.000,397.562,-282.436,-0.000,397.562,-282.436,2.900,397.562,-282.436,2.900,389.165,-282.436,-0.000,389.165,-289.496,2.900,389.165,-282.436,-0.000,389.165,-289.496,-0.000,389.165,-289.496,2.900,389.165;;ffffffT1024
Mesh;84;;-306.004,4.186,387.402,-306.004,4.186,398.598,-289.196,4.186,387.402,-306.004,4.186,398.598,-289.196,4.186,398.598,-289.196,4.186,387.402,-297.592,5.136,393.008,-289.202,3.136,401.398,-297.587,5.136,392.987,-289.202,3.136,401.398,-284.992,3.136,380.392,-297.587,5.136,392.987,-297.587,5.136,392.987,-284.992,3.136,380.392,-297.608,5.136,392.992,-284.992,3.136,380.392,-305.998,3.136,384.602,-297.608,5.136,392.992,-297.608,5.136,392.992,-305.998,3.136,384.602,-297.613,5.136,393.013,-305.998,3.136,384.602,-310.208,3.136,405.608,-297.613,5.136,393.013,-297.613,5.136,393.013,-310.208,3.136,405.608,-297.592,5.136,393.008,-310.208,3.136,405.608,-289.202,3.136,401.398,-297.592,5.136,393.008,-297.592,5.136,393.008,-297.587,5.136,392.987,-297.600,5.136,393.000,-297.587,5.136,392.987,-297.608,5.136,392.992,-297.600,5.136,393.000,-297.608,5.136,392.992,-297.613,5.136,393.013,-297.600,5.136,393.000,-297.613,5.136,393.013,-297.592,5.136,393.008,-297.600,5.136,393.000,-284.992,3.136,380.392,-289.202,3.136,401.398,-297.600,3.136,393.000,-305.998,3.136,384.602,-284.992,3.136,380.392,-297.600,3.136,393.000,-310.208,3.136,405.608,-305.998,3.136,384.602,-297.600,3.136,393.000,-289.202,3.136,401.398,-310.208,3.136,405.608,-297.600,3.136,393.000,-289.496,2.900,389.165,-289.496,2.900,397.562,-282.436,2.900,389.165,-289.496,2.900,397.562,-282.436,2.900,397.562,-282.436,2.900,389.165,-281.836,2.900,388.565,-290.096,2.900,388.565,-285.966,4.300,388.565,-285.966,4.300,398.162,-290.096,2.900,398.162,-281.836,2.900,398.162,-281.836,2.900,388.565,-285.966,4.300,388.565,-281.836,2.900,398.162,-285.966,4.300,388.565,-285.966,4.300,398.162,-281.836,2.900,398.162,-285.966,4.300,388.565,-290.096,2.900,388.565,-285.966,4.300,398.162,-290.096,2.900,388.565,-290.096,2.900,398.162,-285.966,4.300,398.162,-290.096,2.900,388.565,-281.836,2.900,388.565,-290.096,2.900,398.162,-281.836,2.900,388.565,-281.836,2.900,398.162,-290.096,2.900,398.162;;4d5560T2048
Mesh;36;;-292.107,6.786,391.211,-292.107,4.586,391.211,-292.107,6.786,390.311,-292.107,4.586,391.211,-292.107,4.586,390.311,-292.107,6.786,390.311,-293.007,6.786,390.311,-293.007,4.586,390.311,-293.007,6.786,391.211,-293.007,4.586,390.311,-293.007,4.586,391.211,-293.007,6.786,391.211,-293.007,6.786,390.311,-293.007,6.786,391.211,-292.107,6.786,390.311,-293.007,6.786,391.211,-292.107,6.786,391.211,-292.107,6.786,390.311,-293.007,4.586,391.211,-293.007,4.586,390.311,-292.107,4.586,391.211,-293.007,4.586,390.311,-292.107,4.586,390.311,-292.107,4.586,391.211,-293.007,6.786,391.211,-293.007,4.586,391.211,-292.107,6.786,391.211,-293.007,4.586,391.211,-292.107,4.586,391.211,-292.107,6.786,391.211,-292.107,6.786,390.311,-292.107,4.586,390.311,-293.007,6.786,390.311,-292.107,4.586,390.311,-293.007,4.586,390.311,-293.007,6.786,390.311;;ffffffT128
Mesh;60;;-250.106,7.384,387.690,-250.106,7.384,398.310,-237.894,7.384,387.690,-250.106,7.384,398.310,-237.894,7.384,398.310,-237.894,7.384,387.690,-237.294,7.384,387.090,-250.706,7.384,387.090,-244.000,10.666,387.090,-244.000,10.666,398.910,-250.706,7.384,398.910,-237.294,7.384,398.910,-237.294,7.384,387.090,-244.000,10.666,387.090,-237.294,7.384,398.910,-244.000,10.666,387.090,-244.000,10.666,398.910,-237.294,7.384,398.910,-244.000,10.666,387.090,-250.706,7.384,387.090,-244.000,10.666,398.910,-250.706,7.384,387.090,-250.706,7.384,398.910,-244.000,10.666,398.910,-250.706,7.384,387.090,-237.294,7.384,387.090,-250.706,7.384,398.910,-237.294,7.384,387.090,-237.294,7.384,398.910,-250.706,7.384,398.910,-238.394,3.400,388.154,-238.394,3.400,396.649,-231.677,3.400,388.154,-238.394,3.400,396.649,-231.677,3.400,396.649,-231.677,3.400,388.154,-231.077,3.400,387.554,-238.994,3.400,387.554,-235.035,5.200,387.554,-235.035,5.200,397.249,-238.994,3.400,397.249,-231.077,3.400,397.249,-231.077,3.400,387.554,-235.035,5.200,387.554,-231.077,3.400,397.249,-235.035,5.200,387.554,-235.035,5.200,397.249,-231.077,3.400,397.249,-235.035,5.200,387.554,-238.994,3.400,387.554,-235.035,5.200,397.249,-238.994,3.400,387.554,-238.994,3.400,397.249,-235.035,5.200,397.249,-238.994,3.400,387.554,-231.077,3.400,387.554,-238.994,3.400,397.249,-231.077,3.400,387.554,-231.077,3.400,397.249,-238.994,3.400,397.249;;6d4c3dT2048
Mesh;36;;-239.836,10.997,391.376,-239.836,8.197,391.376,-239.836,10.997,390.376,-239.836,8.197,391.376,-239.836,8.197,390.376,-239.836,10.997,390.376,-240.836,10.997,390.376,-240.836,8.197,390.376,-240.836,10.997,391.376,-240.836,8.197,390.376,-240.836,8.197,391.376,-240.836,10.997,391.376,-240.836,10.997,390.376,-240.836,10.997,391.376,-239.836,10.997,390.376,-240.836,10.997,391.376,-239.836,10.997,391.376,-239.836,10.997,390.376,-240.836,8.197,391.376,-240.836,8.197,390.376,-239.836,8.197,391.376,-240.836,8.197,390.376,-239.836,8.197,390.376,-239.836,8.197,391.376,-240.836,10.997,391.376,-240.836,8.197,391.376,-239.836,10.997,391.376,-240.836,8.197,391.376,-239.836,8.197,391.376,-239.836,10.997,391.376,-239.836,10.997,390.376,-239.836,8.197,390.376,-240.836,10.997,390.376,-239.836,8.197,390.376,-240.836,8.197,390.376,-240.836,10.997,390.376;;ffffffT128
Mesh;60;;-185.063,6.803,470.838,-174.937,6.803,470.838,-185.063,6.803,459.162,-174.937,6.803,470.838,-174.937,6.803,459.162,-185.063,6.803,459.162,-185.584,6.803,471.530,-174.416,6.803,471.530,-180.000,10.539,471.530,-180.000,10.539,458.470,-174.416,6.803,458.470,-185.584,6.803,458.470,-185.584,6.803,471.530,-180.000,10.539,471.530,-185.584,6.803,458.470,-180.000,10.539,471.530,-180.000,10.539,458.470,-185.584,6.803,458.470,-180.000,10.539,471.530,-174.416,6.803,471.530,-180.000,10.539,458.470,-174.416,6.803,471.530,-174.416,6.803,458.470,-180.000,10.539,458.470,-174.416,6.803,471.530,-185.584,6.803,471.530,-174.416,6.803,458.470,-185.584,6.803,471.530,-185.584,6.803,458.470,-174.416,6.803,458.470,-184.300,3.400,459.662,-176.199,3.400,459.662,-184.300,3.400,453.239,-176.199,3.400,459.662,-176.199,3.400,453.239,-184.300,3.400,453.239,-184.900,3.400,452.639,-184.900,3.400,460.262,-184.900,5.200,456.450,-175.599,5.200,456.450,-175.599,3.400,460.262,-175.599,3.400,452.639,-184.900,3.400,452.639,-184.900,5.200,456.450,-175.599,3.400,452.639,-184.900,5.200,456.450,-175.599,5.200,456.450,-175.599,3.400,452.639,-184.900,5.200,456.450,-184.900,3.400,460.262,-175.599,5.200,456.450,-184.900,3.400,460.262,-175.599,3.400,460.262,-175.599,5.200,456.450,-184.900,3.400,460.262,-184.900,3.400,452.639,-175.599,3.400,460.262,-184.900,3.400,452.639,-175.599,3.400,452.639,-175.599,3.400,460.262;;54504aT2048
Mesh;36;;-181.525,10.597,460.997,-181.525,7.797,460.997,-182.525,10.597,460.997,-181.525,7.797,460.997,-182.525,7.797,460.997,-182.525,10.597,460.997,-182.525,10.597,461.997,-182.525,7.797,461.997,-181.525,10.597,461.997,-182.525,7.797,461.997,-181.525,7.797,461.997,-181.525,10.597,461.997,-182.525,10.597,461.997,-181.525,10.597,461.997,-182.525,10.597,460.997,-181.525,10.597,461.997,-181.525,10.597,460.997,-182.525,10.597,460.997,-181.525,7.797,461.997,-182.525,7.797,461.997,-181.525,7.797,460.997,-182.525,7.797,461.997,-182.525,7.797,460.997,-181.525,7.797,460.997,-181.525,10.597,461.997,-181.525,7.797,461.997,-181.525,10.597,460.997,-181.525,7.797,461.997,-181.525,7.797,460.997,-181.525,10.597,460.997,-182.525,10.597,460.997,-182.525,7.797,460.997,-182.525,10.597,461.997,-182.525,7.797,460.997,-182.525,7.797,461.997,-182.525,10.597,461.997;;ffffffT128
Mesh;60;;-184.630,6.969,497.119,-175.370,6.969,497.119,-184.630,6.969,484.881,-175.370,6.969,497.119,-175.370,6.969,484.881,-184.630,6.969,484.881,-185.230,6.969,484.281,-185.230,6.969,497.719,-185.230,9.801,491.000,-174.770,9.801,491.000,-174.770,6.969,497.719,-174.770,6.969,484.281,-185.230,6.969,484.281,-185.230,9.801,491.000,-174.770,6.969,484.281,-185.230,9.801,491.000,-174.770,9.801,491.000,-174.770,6.969,484.281,-185.230,9.801,491.000,-185.230,6.969,497.719,-174.770,9.801,491.000,-185.230,6.969,497.719,-174.770,6.969,497.719,-174.770,9.801,491.000,-185.230,6.969,497.719,-185.230,6.969,484.281,-174.770,6.969,497.719,-185.230,6.969,484.281,-174.770,6.969,484.281,-174.770,6.969,497.719,-184.703,3.400,485.381,-177.296,3.400,485.381,-184.703,3.400,478.649,-177.296,3.400,485.381,-177.296,3.400,478.649,-184.703,3.400,478.649,-185.303,3.400,478.049,-185.303,3.400,485.981,-185.303,5.200,482.015,-176.696,5.200,482.015,-176.696,3.400,485.981,-176.696,3.400,478.049,-185.303,3.400,478.049,-185.303,5.200,482.015,-176.696,3.400,478.049,-185.303,5.200,482.015,-176.696,5.200,482.015,-176.696,3.400,478.049,-185.303,5.200,482.015,-185.303,3.400,485.981,-176.696,5.200,482.015,-185.303,3.400,485.981,-176.696,3.400,485.981,-176.696,5.200,482.015,-185.303,3.400,485.981,-185.303,3.400,478.049,-176.696,3.400,485.981,-185.303,3.400,478.049,-176.696,3.400,478.049,-176.696,3.400,485.981;;4d5560T2048
Mesh;36;;-181.352,10.402,486.828,-181.352,7.602,486.828,-182.352,10.402,486.828,-181.352,7.602,486.828,-182.352,7.602,486.828,-182.352,10.402,486.828,-182.352,10.402,487.828,-182.352,7.602,487.828,-181.352,10.402,487.828,-182.352,7.602,487.828,-181.352,7.602,487.828,-181.352,10.402,487.828,-182.352,10.402,487.828,-181.352,10.402,487.828,-182.352,10.402,486.828,-181.352,10.402,487.828,-181.352,10.402,486.828,-182.352,10.402,486.828,-181.352,7.602,487.828,-182.352,7.602,487.828,-181.352,7.602,486.828,-182.352,7.602,487.828,-182.352,7.602,486.828,-181.352,7.602,486.828,-181.352,10.402,487.828,-181.352,7.602,487.828,-181.352,10.402,486.828,-181.352,7.602,487.828,-181.352,7.602,486.828,-181.352,10.402,486.828,-182.352,10.402,486.828,-182.352,7.602,486.828,-182.352,10.402,487.828,-182.352,7.602,486.828,-182.352,7.602,487.828,-182.352,10.402,487.828;;ffffffT128
Mesh;60;;-185.836,6.409,522.897,-174.164,6.409,522.897,-185.836,6.409,511.103,-174.164,6.409,522.897,-174.164,6.409,511.103,-185.836,6.409,511.103,-186.430,6.409,523.503,-173.570,6.409,523.503,-180.000,9.153,523.503,-180.000,9.153,510.497,-173.570,6.409,510.497,-186.430,6.409,510.497,-186.430,6.409,523.503,-180.000,9.153,523.503,-186.430,6.409,510.497,-180.000,9.153,523.503,-180.000,9.153,510.497,-186.430,6.409,510.497,-180.000,9.153,523.503,-173.570,6.409,523.503,-180.000,9.153,510.497,-173.570,6.409,523.503,-173.570,6.409,510.497,-180.000,9.153,510.497,-173.570,6.409,523.503,-186.430,6.409,523.503,-173.570,6.409,510.497,-186.430,6.409,523.503,-186.430,6.409,510.497,-173.570,6.409,510.497,-184.807,3.400,511.603,-175.468,3.400,511.603,-184.807,3.400,505.117,-175.468,3.400,511.603,-175.468,3.400,505.117,-184.807,3.400,505.117,-185.407,3.400,504.517,-185.407,3.400,512.203,-185.407,5.200,508.360,-174.868,5.200,508.360,-174.868,3.400,512.203,-174.868,3.400,504.517,-185.407,3.400,504.517,-185.407,5.200,508.360,-174.868,3.400,504.517,-185.407,5.200,508.360,-174.868,5.200,508.360,-174.868,3.400,504.517,-185.407,5.200,508.360,-185.407,3.400,512.203,-174.868,5.200,508.360,-185.407,3.400,512.203,-174.868,3.400,512.203,-174.868,5.200,508.360,-185.407,3.400,512.203,-185.407,3.400,504.517,-174.868,3.400,512.203,-185.407,3.400,504.517,-174.868,3.400,504.517,-174.868,3.400,512.203;;6b5a4dT2048
Mesh;36;;-181.835,9.807,512.962,-181.835,7.007,512.962,-182.835,9.807,512.962,-181.835,7.007,512.962,-182.835,7.007,512.962,-182.835,9.807,512.962,-182.835,9.807,513.962,-182.835,7.007,513.962,-181.835,9.807,513.962,-182.835,7.007,513.962,-181.835,7.007,513.962,-181.835,9.807,513.962,-182.835,9.807,513.962,-181.835,9.807,513.962,-182.835,9.807,512.962,-181.835,9.807,513.962,-181.835,9.807,512.962,-182.835,9.807,512.962,-181.835,7.007,513.962,-182.835,7.007,513.962,-181.835,7.007,512.962,-182.835,7.007,513.962,-182.835,7.007,512.962,-181.835,7.007,512.962,-181.835,9.807,513.962,-181.835,7.007,513.962,-181.835,9.807,512.962,-181.835,7.007,513.962,-181.835,7.007,512.962,-181.835,9.807,512.962,-182.835,9.807,512.962,-182.835,7.007,512.962,-182.835,9.807,513.962,-182.835,7.007,512.962,-182.835,7.007,513.962,-182.835,9.807,513.962;;ffffffT128
Mesh;60;;-184.617,6.587,549.760,-175.383,6.587,549.760,-184.617,6.587,536.240,-175.383,6.587,549.760,-175.383,6.587,536.240,-184.617,6.587,536.240,-185.026,6.587,550.638,-174.974,6.587,550.638,-180.000,10.101,550.638,-180.000,10.101,535.362,-174.974,6.587,535.362,-185.026,6.587,535.362,-185.026,6.587,550.638,-180.000,10.101,550.638,-185.026,6.587,535.362,-180.000,10.101,550.638,-180.000,10.101,535.362,-185.026,6.587,535.362,-180.000,10.101,550.638,-174.974,6.587,550.638,-180.000,10.101,535.362,-174.974,6.587,550.638,-174.974,6.587,535.362,-180.000,10.101,535.362,-174.974,6.587,550.638,-185.026,6.587,550.638,-174.974,6.587,535.362,-185.026,6.587,550.638,-185.026,6.587,535.362,-174.974,6.587,535.362,-183.635,3.400,536.740,-176.249,3.400,536.740,-183.635,3.400,529.305,-176.249,3.400,536.740,-176.249,3.400,529.305,-183.635,3.400,529.305,-184.235,3.400,528.705,-184.235,3.400,537.340,-184.235,5.200,533.023,-175.649,5.200,533.023,-175.649,3.400,537.340,-175.649,3.400,528.705,-184.235,3.400,528.705,-184.235,5.200,533.023,-175.649,3.400,528.705,-184.235,5.200,533.023,-175.649,5.200,533.023,-175.649,3.400,528.705,-184.235,5.200,533.023,-184.235,3.400,537.340,-175.649,5.200,533.023,-184.235,3.400,537.340,-175.649,3.400,537.340,-175.649,5.200,533.023,-184.235,3.400,537.340,-184.235,3.400,528.705,-175.649,3.400,537.340,-184.235,3.400,528.705,-175.649,3.400,528.705,-175.649,3.400,537.340;;54504aT2048
Mesh;84;;-185.827,4.384,578.057,-174.173,4.384,578.057,-185.827,4.384,559.943,-174.173,4.384,578.057,-174.173,4.384,559.943,-185.827,4.384,559.943,-179.991,5.334,568.991,-171.259,3.334,560.259,-180.014,5.334,568.986,-171.259,3.334,560.259,-193.587,3.334,555.413,-180.014,5.334,568.986,-180.014,5.334,568.986,-193.587,3.334,555.413,-180.009,5.334,569.009,-193.587,3.334,555.413,-188.741,3.334,577.741,-180.009,5.334,569.009,-180.009,5.334,569.009,-188.741,3.334,577.741,-179.986,5.334,569.014,-188.741,3.334,577.741,-166.413,3.334,582.587,-179.986,5.334,569.014,-179.986,5.334,569.014,-166.413,3.334,582.587,-179.991,5.334,568.991,-166.413,3.334,582.587,-171.259,3.334,560.259,-179.991,5.334,568.991,-179.991,5.334,568.991,-180.014,5.334,568.986,-180.000,5.334,569.000,-180.014,5.334,568.986,-180.009,5.334,569.009,-180.000,5.334,569.000,-180.009,5.334,569.009,-179.986,5.334,569.014,-180.000,5.334,569.000,-179.986,5.334,569.014,-179.991,5.334,568.991,-180.000,5.334,569.000,-193.587,3.334,555.413,-171.259,3.334,560.259,-180.000,3.334,569.000,-188.741,3.334,577.741,-193.587,3.334,555.413,-180.000,3.334,569.000,-166.413,3.334,582.587,-188.741,3.334,577.741,-180.000,3.334,569.000,-171.259,3.334,560.259,-166.413,3.334,582.587,-180.000,3.334,569.000,-184.597,2.900,560.243,-175.857,2.900,560.243,-184.597,2.900,552.636,-175.857,2.900,560.243,-175.857,2.900,552.636,-184.597,2.900,552.636,-185.197,2.900,552.036,-185.197,2.900,560.843,-185.197,4.300,556.440,-175.257,4.300,556.440,-175.257,2.900,560.843,-175.257,2.900,552.036,-185.197,2.900,552.036,-185.197,4.300,556.440,-175.257,2.900,552.036,-185.197,4.300,556.440,-175.257,4.300,556.440,-175.257,2.900,552.036,-185.197,4.300,556.440,-185.197,2.900,560.843,-175.257,4.300,556.440,-185.197,2.900,560.843,-175.257,2.900,560.843,-175.257,4.300,556.440,-185.197,2.900,560.843,-185.197,2.900,552.036,-175.257,2.900,560.843,-185.197,2.900,552.036,-175.257,2.900,552.036,-175.257,2.900,560.843;;6d4c3dT2048
Mesh;60;;-185.426,6.753,600.581,-174.574,6.753,600.581,-185.426,6.753,589.419,-174.574,6.753,600.581,-174.574,6.753,589.419,-185.426,6.753,589.419,-186.026,6.753,588.818,-186.026,6.753,601.182,-186.026,10.285,595.000,-173.974,10.285,595.000,-173.974,6.753,601.182,-173.974,6.753,588.818,-186.026,6.753,588.818,-186.026,10.285,595.000,-173.974,6.753,588.818,-186.026,10.285,595.000,-173.974,10.285,595.000,-173.974,6.753,588.818,-186.026,10.285,595.000,-186.026,6.753,601.182,-173.974,10.285,595.000,-186.026,6.753,601.182,-173.974,6.753,601.182,-173.974,10.285,595.000,-186.026,6.753,601.182,-186.026,6.753,588.818,-173.974,6.753,601.182,-186.026,6.753,588.818,-173.974,6.753,588.818,-173.974,6.753,601.182,-184.887,3.400,589.919,-176.205,3.400,589.919,-184.887,3.400,583.779,-176.205,3.400,589.919,-176.205,3.400,583.779,-184.887,3.400,583.779,-185.487,3.400,583.179,-185.487,3.400,590.518,-185.487,5.200,586.849,-175.605,5.200,586.849,-175.605,3.400,590.518,-175.605,3.400,583.179,-185.487,3.400,583.179,-185.487,5.200,586.849,-175.605,3.400,583.179,-185.487,5.200,586.849,-175.605,5.200,586.849,-175.605,3.400,583.179,-185.487,5.200,586.849,-185.487,3.400,590.518,-175.605,5.200,586.849,-185.487,3.400,590.518,-175.605,3.400,590.518,-175.605,5.200,586.849,-185.487,3.400,590.518,-185.487,3.400,583.179,-175.605,3.400,590.518,-185.487,3.400,583.179,-175.605,3.400,583.179,-175.605,3.400,590.518;;54504aT2048
Mesh;36;;-181.671,10.466,591.151,-181.671,7.666,591.151,-182.671,10.466,591.151,-181.671,7.666,591.151,-182.671,7.666,591.151,-182.671,10.466,591.151,-182.671,10.466,592.151,-182.671,7.666,592.151,-181.671,10.466,592.151,-182.671,7.666,592.151,-181.671,7.666,592.151,-181.671,10.466,592.151,-182.671,10.466,592.151,-181.671,10.466,592.151,-182.671,10.466,591.151,-181.671,10.466,592.151,-181.671,10.466,591.151,-182.671,10.466,591.151,-181.671,7.666,592.151,-182.671,7.666,592.151,-181.671,7.666,591.151,-182.671,7.666,592.151,-182.671,7.666,591.151,-181.671,7.666,591.151,-181.671,10.466,592.151,-181.671,7.666,592.151,-181.671,10.466,591.151,-181.671,7.666,592.151,-181.671,7.666,591.151,-181.671,10.466,591.151,-182.671,10.466,591.151,-182.671,7.666,591.151,-182.671,10.466,592.151,-182.671,7.666,591.151,-182.671,7.666,592.151,-182.671,10.466,592.151;;ffffffT128
Mesh;60;;-185.345,6.885,626.090,-174.655,6.885,626.090,-185.345,6.885,615.910,-174.655,6.885,626.090,-174.655,6.885,615.910,-185.345,6.885,615.910,-185.945,6.885,615.310,-185.945,6.885,626.690,-185.945,10.232,621.000,-174.055,10.232,621.000,-174.055,6.885,626.690,-174.055,6.885,615.310,-185.945,6.885,615.310,-185.945,10.232,621.000,-174.055,6.885,615.310,-185.945,10.232,621.000,-174.055,10.232,621.000,-174.055,6.885,615.310,-185.945,10.232,621.000,-185.945,6.885,626.690,-174.055,10.232,621.000,-185.945,6.885,626.690,-174.055,6.885,626.690,-174.055,10.232,621.000,-185.945,6.885,626.690,-185.945,6.885,615.310,-174.055,6.885,626.690,-185.945,6.885,615.310,-174.055,6.885,615.310,-174.055,6.885,626.690,-183.206,3.400,616.410,-174.653,3.400,616.410,-183.206,3.400,610.810,-174.653,3.400,616.410,-174.653,3.400,610.810,-183.206,3.400,610.810,-183.806,3.400,610.210,-183.806,3.400,617.010,-183.806,5.200,613.610,-174.053,5.200,613.610,-174.053,3.400,617.010,-174.053,3.400,610.210,-183.806,3.400,610.210,-183.806,5.200,613.610,-174.053,3.400,610.210,-183.806,5.200,613.610,-174.053,5.200,613.610,-174.053,3.400,610.210,-183.806,5.200,613.610,-183.806,3.400,617.010,-174.053,5.200,613.610,-183.806,3.400,617.010,-174.053,3.400,617.010,-174.053,5.200,613.610,-183.806,3.400,617.010,-183.806,3.400,610.210,-174.053,3.400,617.010,-183.806,3.400,610.210,-174.053,3.400,610.210,-174.053,3.400,617.010;;5a5048T2048
Mesh;36;;-181.638,10.524,617.446,-181.638,7.724,617.446,-182.638,10.524,617.446,-181.638,7.724,617.446,-182.638,7.724,617.446,-182.638,10.524,617.446,-182.638,10.524,618.446,-182.638,7.724,618.446,-181.638,10.524,618.446,-182.638,7.724,618.446,-181.638,7.724,618.446,-181.638,10.524,618.446,-182.638,10.524,618.446,-181.638,10.524,618.446,-182.638,10.524,617.446,-181.638,10.524,618.446,-181.638,10.524,617.446,-182.638,10.524,617.446,-181.638,7.724,618.446,-182.638,7.724,618.446,-181.638,7.724,617.446,-182.638,7.724,618.446,-182.638,7.724,617.446,-181.638,7.724,617.446,-181.638,10.524,618.446,-181.638,7.724,618.446,-181.638,10.524,617.446,-181.638,7.724,618.446,-181.638,7.724,617.446,-181.638,10.524,617.446,-182.638,10.524,617.446,-182.638,7.724,617.446,-182.638,10.524,618.446,-182.638,7.724,617.446,-182.638,7.724,618.446,-182.638,10.524,618.446;;ffffffT128
Mesh;24;;-174.420,4.339,637.697,-174.420,0.400,637.697,-185.580,4.339,637.697,-174.420,0.400,637.697,-185.580,0.400,637.697,-185.580,4.339,637.697,-185.580,4.339,656.303,-185.580,0.400,656.303,-174.420,4.339,656.303,-185.580,0.400,656.303,-174.420,0.400,656.303,-174.420,4.339,656.303,-174.420,4.339,656.303,-174.420,0.400,656.303,-174.420,4.339,637.697,-174.420,0.400,656.303,-174.420,0.400,637.697,-174.420,4.339,637.697,-185.580,4.339,637.697,-185.580,0.400,637.697,-185.580,4.339,656.303,-185.580,0.400,637.697,-185.580,0.400,656.303,-185.580,4.339,656.303;;ffffffT1024
Mesh;54;;-185.580,4.339,656.303,-174.420,4.339,656.303,-185.580,4.339,637.697,-174.420,4.339,656.303,-174.420,4.339,637.697,-185.580,4.339,637.697,-179.992,5.289,646.992,-171.628,3.289,638.628,-180.014,5.289,646.986,-171.628,3.289,638.628,-193.957,3.289,633.043,-180.014,5.289,646.986,-180.014,5.289,646.986,-193.957,3.289,633.043,-180.008,5.289,647.008,-193.957,3.289,633.043,-188.372,3.289,655.372,-180.008,5.289,647.008,-180.008,5.289,647.008,-188.372,3.289,655.372,-179.986,5.289,647.014,-188.372,3.289,655.372,-166.043,3.289,660.957,-179.986,5.289,647.014,-179.986,5.289,647.014,-166.043,3.289,660.957,-179.992,5.289,646.992,-166.043,3.289,660.957,-171.628,3.289,638.628,-179.992,5.289,646.992,-179.992,5.289,646.992,-180.014,5.289,646.986,-180.000,5.289,647.000,-180.014,5.289,646.986,-180.008,5.289,647.008,-180.000,5.289,647.000,-180.008,5.289,647.008,-179.986,5.289,647.014,-180.000,5.289,647.000,-179.986,5.289,647.014,-179.992,5.289,646.992,-180.000,5.289,647.000,-193.957,3.289,633.043,-171.628,3.289,638.628,-180.000,3.289,647.000,-188.372,3.289,655.372,-193.957,3.289,633.043,-180.000,3.289,647.000,-166.043,3.289,660.957,-188.372,3.289,655.372,-180.000,3.289,647.000,-171.628,3.289,638.628,-166.043,3.289,660.957,-180.000,3.289,647.000;;6b5a4dT2048
Mesh;210;;-370.000,6.803,-141.500,-370.000,6.803,-152.500,-386.000,6.803,-141.500,-370.000,6.803,-152.500,-386.000,6.803,-152.500,-386.000,6.803,-141.500,-386.600,6.803,-140.900,-369.400,6.803,-140.900,-378.000,9.803,-140.900,-378.000,9.803,-153.100,-369.400,6.803,-153.100,-386.600,6.803,-153.100,-386.600,6.803,-140.900,-378.000,9.803,-140.900,-386.600,6.803,-153.100,-378.000,9.803,-140.900,-378.000,9.803,-153.100,-386.600,6.803,-153.100,-378.000,9.803,-140.900,-369.400,6.803,-140.900,-378.000,9.803,-153.100,-369.400,6.803,-140.900,-369.400,6.803,-153.100,-378.000,9.803,-153.100,-369.400,6.803,-140.900,-386.600,6.803,-140.900,-369.400,6.803,-153.100,-386.600,6.803,-140.900,-386.600,6.803,-153.100,-369.400,6.803,-153.100,-320.667,7.198,-90.500,-320.667,7.198,-79.500,-304.667,7.198,-90.500,-320.667,7.198,-79.500,-304.667,7.198,-79.500,-304.667,7.198,-90.500,-304.067,7.198,-91.100,-321.267,7.198,-91.100,-312.667,10.198,-91.100,-312.667,10.198,-78.900,-321.267,7.198,-78.900,-304.067,7.198,-78.900,-304.067,7.198,-91.100,-312.667,10.198,-91.100,-304.067,7.198,-78.900,-312.667,10.198,-91.100,-312.667,10.198,-78.900,-304.067,7.198,-78.900,-312.667,10.198,-91.100,-321.267,7.198,-91.100,-312.667,10.198,-78.900,-321.267,7.198,-91.100,-321.267,7.198,-78.900,-312.667,10.198,-78.900,-321.267,7.198,-91.100,-304.067,7.198,-91.100,-321.267,7.198,-78.900,-304.067,7.198,-91.100,-304.067,7.198,-78.900,-321.267,7.198,-78.900,208.000,6.973,2.500,208.000,6.973,-8.500,192.000,6.973,2.500,208.000,6.973,-8.500,192.000,6.973,-8.500,192.000,6.973,2.500,191.400,6.973,3.100,208.600,6.973,3.100,200.000,9.973,3.100,200.000,9.973,-9.100,208.600,6.973,-9.100,191.400,6.973,-9.100,191.400,6.973,3.100,200.000,9.973,3.100,191.400,6.973,-9.100,200.000,9.973,3.100,200.000,9.973,-9.100,191.400,6.973,-9.100,200.000,9.973,3.100,208.600,6.973,3.100,200.000,9.973,-9.100,208.600,6.973,3.100,208.600,6.973,-9.100,200.000,9.973,-9.100,208.600,6.973,3.100,191.400,6.973,3.100,208.600,6.973,-9.100,191.400,6.973,3.100,191.400,6.973,-9.100,208.600,6.973,-9.100,106.000,6.720,121.500,106.000,6.720,132.500,122.000,6.720,121.500,106.000,6.720,132.500,122.000,6.720,132.500,122.000,6.720,121.500;;5a5048T2048
Mesh;1872;;-374.850,2.500,-153.020,-374.850,0.000,-153.020,-374.850,2.500,-152.620,-374.850,0.000,-153.020,-374.850,0.000,-152.620,-374.850,2.500,-152.620,-373.150,2.500,-152.620,-373.150,0.000,-152.620,-373.150,2.500,-153.020,-373.150,0.000,-152.620,-373.150,0.000,-153.020,-373.150,2.500,-153.020,-373.150,2.500,-152.620,-373.150,2.500,-153.020,-374.850,2.500,-152.620,-373.150,2.500,-153.020,-374.850,2.500,-153.020,-374.850,2.500,-152.620,-373.150,0.000,-153.020,-373.150,0.000,-152.620,-374.850,0.000,-153.020,-373.150,0.000,-152.620,-374.850,0.000,-152.620,-374.850,0.000,-153.020,-373.150,2.500,-153.020,-373.150,0.000,-153.020,-374.850,2.500,-153.020,-373.150,0.000,-153.020,-374.850,0.000,-153.020,-374.850,2.500,-153.020,-374.850,2.500,-152.620,-374.850,0.000,-152.620,-373.150,2.500,-152.620,-374.850,0.000,-152.620,-373.150,0.000,-152.620,-373.150,2.500,-152.620,-309.517,2.500,-153.020,-309.517,0.000,-153.020,-309.517,2.500,-152.620,-309.517,0.000,-153.020,-309.517,0.000,-152.620,-309.517,2.500,-152.620,-307.817,2.500,-152.620,-307.817,0.000,-152.620,-307.817,2.500,-153.020,-307.817,0.000,-152.620,-307.817,0.000,-153.020,-307.817,2.500,-153.020,-307.817,2.500,-152.620,-307.817,2.500,-153.020,-309.517,2.500,-152.620,-307.817,2.500,-153.020,-309.517,2.500,-153.020,-309.517,2.500,-152.620,-307.817,0.000,-153.020,-307.817,0.000,-152.620,-309.517,0.000,-153.020,-307.817,0.000,-152.620,-309.517,0.000,-152.620,-309.517,0.000,-153.020,-307.817,2.500,-153.020,-307.817,0.000,-153.020,-309.517,2.500,-153.020,-307.817,0.000,-153.020,-309.517,0.000,-153.020,-309.517,2.500,-153.020,-309.517,2.500,-152.620,-309.517,0.000,-152.620,-307.817,2.500,-152.620,-309.517,0.000,-152.620,-307.817,0.000,-152.620,-307.817,2.500,-152.620,-244.183,2.500,-153.020,-244.183,0.000,-153.020,-244.183,2.500,-152.620,-244.183,0.000,-153.020,-244.183,0.000,-152.620,-244.183,2.500,-152.620,-242.483,2.500,-152.620,-242.483,0.000,-152.620,-242.483,2.500,-153.020,-242.483,0.000,-152.620,-242.483,0.000,-153.020,-242.483,2.500,-153.020,-242.483,2.500,-152.620,-242.483,2.500,-153.020,-244.183,2.500,-152.620,-242.483,2.500,-153.020,-244.183,2.500,-153.020,-244.183,2.500,-152.620,-242.483,0.000,-153.020,-242.483,0.000,-152.620,-244.183,0.000,-153.020,-242.483,0.000,-152.620,-244.183,0.000,-152.620,-244.183,0.000,-153.020;;5a4632
Mesh;1872;;-382.850,2.500,-153.020,-382.850,0.000,-153.020,-382.850,2.500,-152.620,-382.850,0.000,-153.020,-382.850,0.000,-152.620,-382.850,2.500,-152.620,-381.150,2.500,-152.620,-381.150,0.000,-152.620,-381.150,2.500,-153.020,-381.150,0.000,-152.620,-381.150,0.000,-153.020,-381.150,2.500,-153.020,-381.150,2.500,-152.620,-381.150,2.500,-153.020,-382.850,2.500,-152.620,-381.150,2.500,-153.020,-382.850,2.500,-153.020,-382.850,2.500,-152.620,-381.150,0.000,-153.020,-381.150,0.000,-152.620,-382.850,0.000,-153.020,-381.150,0.000,-152.620,-382.850,0.000,-152.620,-382.850,0.000,-153.020,-381.150,2.500,-153.020,-381.150,0.000,-153.020,-382.850,2.500,-153.020,-381.150,0.000,-153.020,-382.850,0.000,-153.020,-382.850,2.500,-153.020,-382.850,2.500,-152.620,-382.850,0.000,-152.620,-381.150,2.500,-152.620,-382.850,0.000,-152.620,-381.150,0.000,-152.620,-381.150,2.500,-152.620,-317.517,2.500,-153.020,-317.517,0.000,-153.020,-317.517,2.500,-152.620,-317.517,0.000,-153.020,-317.517,0.000,-152.620,-317.517,2.500,-152.620,-315.817,2.500,-152.620,-315.817,0.000,-152.620,-315.817,2.500,-153.020,-315.817,0.000,-152.620,-315.817,0.000,-153.020,-315.817,2.500,-153.020,-315.817,2.500,-152.620,-315.817,2.500,-153.020,-317.517,2.500,-152.620,-315.817,2.500,-153.020,-317.517,2.500,-153.020,-317.517,2.500,-152.620,-315.817,0.000,-153.020,-315.817,0.000,-152.620,-317.517,0.000,-153.020,-315.817,0.000,-152.620,-317.517,0.000,-152.620,-317.517,0.000,-153.020,-315.817,2.500,-153.020,-315.817,0.000,-153.020,-317.517,2.500,-153.020,-315.817,0.000,-153.020,-317.517,0.000,-153.020,-317.517,2.500,-153.020,-317.517,2.500,-152.620,-317.517,0.000,-152.620,-315.817,2.500,-152.620,-317.517,0.000,-152.620,-315.817,0.000,-152.620,-315.817,2.500,-152.620,-252.183,2.500,-153.020,-252.183,0.000,-153.020,-252.183,2.500,-152.620,-252.183,0.000,-153.020,-252.183,0.000,-152.620,-252.183,2.500,-152.620,-250.483,2.500,-152.620,-250.483,0.000,-152.620,-250.483,2.500,-153.020,-250.483,0.000,-152.620,-250.483,0.000,-153.020,-250.483,2.500,-153.020,-250.483,2.500,-152.620,-250.483,2.500,-153.020,-252.183,2.500,-152.620,-250.483,2.500,-153.020,-252.183,2.500,-153.020,-252.183,2.500,-152.620,-250.483,0.000,-153.020,-250.483,0.000,-152.620,-252.183,0.000,-153.020,-250.483,0.000,-152.620,-252.183,0.000,-152.620,-252.183,0.000,-153.020;;324a5a
Mesh;90;;-304.667,7.417,-141.500,-304.667,7.417,-152.500,-320.667,7.417,-141.500,-304.667,7.417,-152.500,-320.667,7.417,-152.500,-320.667,7.417,-141.500,-321.267,7.417,-140.900,-304.067,7.417,-140.900,-312.667,10.417,-140.900,-312.667,10.417,-153.100,-304.067,7.417,-153.100,-321.267,7.417,-153.100,-321.267,7.417,-140.900,-312.667,10.417,-140.900,-321.267,7.417,-153.100,-312.667,10.417,-140.900,-312.667,10.417,-153.100,-321.267,7.417,-153.100,-312.667,10.417,-140.900,-304.067,7.417,-140.900,-312.667,10.417,-153.100,-304.067,7.417,-140.900,-304.067,7.417,-153.100,-312.667,10.417,-153.100,-304.067,7.417,-140.900,-321.267,7.417,-140.900,-304.067,7.417,-153.100,-321.267,7.417,-140.900,-321.267,7.417,-153.100,-304.067,7.417,-153.100,-98.000,7.497,2.500,-98.000,7.497,-8.500,-114.000,7.497,2.500,-98.000,7.497,-8.500,-114.000,7.497,-8.500,-114.000,7.497,2.500,-114.600,7.497,3.100,-97.400,7.497,3.100,-106.000,10.497,3.100,-106.000,10.497,-9.100,-97.400,7.497,-9.100,-114.600,7.497,-9.100,-114.600,7.497,3.100,-106.000,10.497,3.100,-114.600,7.497,-9.100,-106.000,10.497,3.100,-106.000,10.497,-9.100,-114.600,7.497,-9.100,-106.000,10.497,3.100,-97.400,7.497,3.100,-106.000,10.497,-9.100,-97.400,7.497,3.100,-97.400,7.497,-9.100,-106.000,10.497,-9.100,-97.400,7.497,3.100,-114.600,7.497,3.100,-97.400,7.497,-9.100,-114.600,7.497,3.100,-114.600,7.497,-9.100,-97.400,7.497,-9.100,-11.333,6.629,121.500,-11.333,6.629,132.500,4.667,6.629,121.500,-11.333,6.629,132.500,4.667,6.629,132.500,4.667,6.629,121.500,5.267,6.629,120.900,-11.933,6.629,120.900,-3.333,9.629,120.900,-3.333,9.629,133.100,-11.933,6.629,133.100,5.267,6.629,133.100,5.267,6.629,120.900,-3.333,9.629,120.900,5.267,6.629,133.100,-3.333,9.629,120.900,-3.333,9.629,133.100,5.267,6.629,133.100,-3.333,9.629,120.900,-11.933,6.629,120.900,-3.333,9.629,133.100,-11.933,6.629,120.900,-11.933,6.629,133.100,-3.333,9.629,133.100,-11.933,6.629,120.900,5.267,6.629,120.900,-11.933,6.629,133.100,5.267,6.629,120.900,5.267,6.629,133.100,-11.933,6.629,133.100;;6d4c3dT2048
Mesh;60;;-239.333,6.638,-141.500,-239.333,6.638,-152.500,-255.333,6.638,-141.500,-239.333,6.638,-152.500,-255.333,6.638,-152.500,-255.333,6.638,-141.500,-255.933,6.638,-140.900,-238.733,6.638,-140.900,-247.333,9.638,-140.900,-247.333,9.638,-153.100,-238.733,6.638,-153.100,-255.933,6.638,-153.100,-255.933,6.638,-140.900,-247.333,9.638,-140.900,-255.933,6.638,-153.100,-247.333,9.638,-140.900,-247.333,9.638,-153.100,-255.933,6.638,-153.100,-247.333,9.638,-140.900,-238.733,6.638,-140.900,-247.333,9.638,-153.100,-238.733,6.638,-140.900,-238.733,6.638,-153.100,-247.333,9.638,-153.100,-238.733,6.638,-140.900,-255.933,6.638,-140.900,-238.733,6.638,-153.100,-255.933,6.638,-140.900,-255.933,6.638,-153.100,-238.733,6.638,-153.100,-59.500,7.399,180.500,-59.500,7.399,169.500,-75.500,7.399,180.500,-59.500,7.399,169.500,-75.500,7.399,169.500,-75.500,7.399,180.500,-76.100,7.399,181.100,-58.900,7.399,181.100,-67.500,10.399,181.100,-67.500,10.399,168.900,-58.900,7.399,168.900,-76.100,7.399,168.900,-76.100,7.399,181.100,-67.500,10.399,181.100,-76.100,7.399,168.900,-67.500,10.399,181.100,-67.500,10.399,168.900,-76.100,7.399,168.900,-67.500,10.399,181.100,-58.900,7.399,181.100,-67.500,10.399,168.900,-58.900,7.399,181.100,-58.900,7.399,168.900,-67.500,10.399,168.900,-58.900,7.399,181.100,-76.100,7.399,181.100,-58.900,7.399,168.900,-76.100,7.399,181.100,-76.100,7.399,168.900,-58.900,7.399,168.900;;6b5a4dT2048
Mesh;144;;-370.000,7.182,-79.500,-370.000,0.400,-79.500,-370.000,7.182,-90.500,-370.000,0.400,-79.500,-370.000,0.400,-90.500,-370.000,7.182,-90.500,-386.000,7.182,-90.500,-386.000,0.400,-90.500,-386.000,7.182,-79.500,-386.000,0.400,-90.500,-386.000,0.400,-79.500,-386.000,7.182,-79.500,-386.000,7.182,-79.500,-386.000,0.400,-79.500,-370.000,7.182,-79.500,-386.000,0.400,-79.500,-370.000,0.400,-79.500,-370.000,7.182,-79.500,-370.000,7.182,-90.500,-370.000,0.400,-90.500,-386.000,7.182,-90.500,-370.000,0.400,-90.500,-386.000,0.400,-90.500,-386.000,7.182,-90.500,-98.000,6.714,132.500,-98.000,0.400,132.500,-98.000,6.714,121.500,-98.000,0.400,132.500,-98.000,0.400,121.500,-98.000,6.714,121.500,-114.000,6.714,121.500,-114.000,0.400,121.500,-114.000,6.714,132.500,-114.000,0.400,121.500,-114.000,0.400,132.500,-114.000,6.714,132.500,-114.000,6.714,132.500,-114.000,0.400,132.500,-98.000,6.714,132.500,-114.000,0.400,132.500,-98.000,0.400,132.500,-98.000,6.714,132.500,-98.000,6.714,121.500,-98.000,0.400,121.500,-114.000,6.714,121.500,-98.000,0.400,121.500,-114.000,0.400,121.500,-114.000,6.714,121.500,235.000,7.813,-8.500,235.000,0.400,-8.500,235.000,7.813,2.500,235.000,0.400,-8.500,235.000,0.400,2.500,235.000,7.813,2.500,251.000,7.813,2.500,251.000,0.400,2.500,251.000,7.813,-8.500,251.000,0.400,2.500,251.000,0.400,-8.500,251.000,7.813,-8.500,251.000,7.813,-8.500,251.000,0.400,-8.500,235.000,7.813,-8.500,251.000,0.400,-8.500,235.000,0.400,-8.500,235.000,7.813,-8.500,235.000,7.813,2.500,235.000,0.400,2.500,251.000,7.813,2.500,235.000,0.400,2.500,251.000,0.400,2.500,251.000,7.813,2.500,-114.000,6.863,169.500,-114.000,0.400,169.500,-114.000,6.863,180.500,-114.000,0.400,169.500,-114.000,0.400,180.500,-114.000,6.863,180.500,-98.000,6.863,180.500,-98.000,0.400,180.500,-98.000,6.863,169.500,-98.000,0.400,180.500,-98.000,0.400,169.500,-98.000,6.863,169.500,-98.000,6.863,169.500,-98.000,0.400,169.500,-114.000,6.863,169.500,-98.000,0.400,169.500,-114.000,0.400,169.500,-114.000,6.863,169.500,-114.000,6.863,180.500,-114.000,0.400,180.500,-98.000,6.863,180.500,-114.000,0.400,180.500,-98.000,0.400,180.500,-98.000,6.863,180.500;;ffffffT1024
Mesh;390;;-386.000,7.182,-90.500,-386.000,7.182,-79.500,-370.000,7.182,-90.500,-386.000,7.182,-79.500,-370.000,7.182,-79.500,-370.000,7.182,-90.500,-369.400,7.182,-91.100,-386.600,7.182,-91.100,-378.000,10.182,-91.100,-378.000,10.182,-78.900,-386.600,7.182,-78.900,-369.400,7.182,-78.900,-369.400,7.182,-91.100,-378.000,10.182,-91.100,-369.400,7.182,-78.900,-378.000,10.182,-91.100,-378.000,10.182,-78.900,-369.400,7.182,-78.900,-378.000,10.182,-91.100,-386.600,7.182,-91.100,-378.000,10.182,-78.900,-386.600,7.182,-91.100,-386.600,7.182,-78.900,-378.000,10.182,-78.900,-386.600,7.182,-91.100,-369.400,7.182,-91.100,-386.600,7.182,-78.900,-369.400,7.182,-91.100,-369.400,7.182,-78.900,-386.600,7.182,-78.900,-620.667,6.786,-141.500,-620.667,6.786,-152.500,-636.667,6.786,-141.500,-620.667,6.786,-152.500,-636.667,6.786,-152.500,-636.667,6.786,-141.500,-637.267,6.786,-140.900,-620.067,6.786,-140.900,-628.667,9.786,-140.900,-628.667,9.786,-153.100,-620.067,6.786,-153.100,-637.267,6.786,-153.100,-637.267,6.786,-140.900,-628.667,9.786,-140.900,-637.267,6.786,-153.100,-628.667,9.786,-140.900,-628.667,9.786,-153.100,-637.267,6.786,-153.100,-628.667,9.786,-140.900,-620.067,6.786,-140.900,-628.667,9.786,-153.100,-620.067,6.786,-140.900,-620.067,6.786,-153.100,-628.667,9.786,-153.100,-620.067,6.786,-140.900,-637.267,6.786,-140.900,-620.067,6.786,-153.100,-637.267,6.786,-140.900,-637.267,6.786,-153.100,-620.067,6.786,-153.100,-694.000,6.866,-90.500,-694.000,6.866,-79.500,-678.000,6.866,-90.500,-694.000,6.866,-79.500,-678.000,6.866,-79.500,-678.000,6.866,-90.500,-677.400,6.866,-91.100,-694.600,6.866,-91.100,-686.000,9.866,-91.100,-686.000,9.866,-78.900,-694.600,6.866,-78.900,-677.400,6.866,-78.900,-677.400,6.866,-91.100,-686.000,9.866,-91.100,-677.400,6.866,-78.900,-686.000,9.866,-91.100,-686.000,9.866,-78.900,-677.400,6.866,-78.900,-686.000,9.866,-91.100,-694.600,6.866,-91.100,-686.000,9.866,-78.900,-694.600,6.866,-91.100,-694.600,6.866,-78.900,-686.000,9.866,-78.900,-694.600,6.866,-91.100,-677.400,6.866,-91.100,-694.600,6.866,-78.900,-677.400,6.866,-91.100,-677.400,6.866,-78.900,-694.600,6.866,-78.900,-114.000,6.714,121.500,-114.000,6.714,132.500,-98.000,6.714,121.500,-114.000,6.714,132.500,-98.000,6.714,132.500,-98.000,6.714,121.500;;6b5a4dT2048
Mesh;180;;-255.333,7.346,-90.500,-255.333,7.346,-79.500,-239.333,7.346,-90.500,-255.333,7.346,-79.500,-239.333,7.346,-79.500,-239.333,7.346,-90.500,-238.733,7.346,-91.100,-255.933,7.346,-91.100,-247.333,10.346,-91.100,-247.333,10.346,-78.900,-255.933,7.346,-78.900,-238.733,7.346,-78.900,-238.733,7.346,-91.100,-247.333,10.346,-91.100,-238.733,7.346,-78.900,-247.333,10.346,-91.100,-247.333,10.346,-78.900,-238.733,7.346,-78.900,-247.333,10.346,-91.100,-255.933,7.346,-91.100,-247.333,10.346,-78.900,-255.933,7.346,-91.100,-255.933,7.346,-78.900,-247.333,10.346,-78.900,-255.933,7.346,-91.100,-238.733,7.346,-91.100,-255.933,7.346,-78.900,-238.733,7.346,-91.100,-238.733,7.346,-78.900,-255.933,7.346,-78.900,-506.000,7.440,-141.500,-506.000,7.440,-152.500,-522.000,7.440,-141.500,-506.000,7.440,-152.500,-522.000,7.440,-152.500,-522.000,7.440,-141.500,-522.600,7.440,-140.900,-505.400,7.440,-140.900,-514.000,10.440,-140.900,-514.000,10.440,-153.100,-505.400,7.440,-153.100,-522.600,7.440,-153.100,-522.600,7.440,-140.900,-514.000,10.440,-140.900,-522.600,7.440,-153.100,-514.000,10.440,-140.900,-514.000,10.440,-153.100,-522.600,7.440,-153.100,-514.000,10.440,-140.900,-505.400,7.440,-140.900,-514.000,10.440,-153.100,-505.400,7.440,-140.900,-505.400,7.440,-153.100,-514.000,10.440,-153.100,-505.400,7.440,-140.900,-522.600,7.440,-140.900,-505.400,7.440,-153.100,-522.600,7.440,-140.900,-522.600,7.440,-153.100,-505.400,7.440,-153.100,-579.333,6.790,-90.500,-579.333,6.790,-79.500,-563.333,6.790,-90.500,-579.333,6.790,-79.500,-563.333,6.790,-79.500,-563.333,6.790,-90.500,-562.733,6.790,-91.100,-579.933,6.790,-91.100,-571.333,9.790,-91.100,-571.333,9.790,-78.900,-579.933,6.790,-78.900,-562.733,6.790,-78.900,-562.733,6.790,-91.100,-571.333,9.790,-91.100,-562.733,6.790,-78.900,-571.333,9.790,-91.100,-571.333,9.790,-78.900,-562.733,6.790,-78.900,-571.333,9.790,-91.100,-579.933,6.790,-91.100,-571.333,9.790,-78.900,-579.933,6.790,-91.100,-579.933,6.790,-78.900,-571.333,9.790,-78.900,-579.933,6.790,-91.100,-562.733,6.790,-91.100,-579.933,6.790,-78.900,-562.733,6.790,-91.100,-562.733,6.790,-78.900,-579.933,6.790,-78.900,56.000,6.800,2.500,56.000,6.800,-8.500,40.000,6.800,2.500,56.000,6.800,-8.500,40.000,6.800,-8.500,40.000,6.800,2.500;;54504aT2048
Mesh;192;;-174.000,7.095,-79.500,-174.000,0.400,-79.500,-174.000,7.095,-90.500,-174.000,0.400,-79.500,-174.000,0.400,-90.500,-174.000,7.095,-90.500,-190.000,7.095,-90.500,-190.000,0.400,-90.500,-190.000,7.095,-79.500,-190.000,0.400,-90.500,-190.000,0.400,-79.500,-190.000,7.095,-79.500,-190.000,7.095,-79.500,-190.000,0.400,-79.500,-174.000,7.095,-79.500,-190.000,0.400,-79.500,-174.000,0.400,-79.500,-174.000,7.095,-79.500,-174.000,7.095,-90.500,-174.000,0.400,-90.500,-190.000,7.095,-90.500,-174.000,0.400,-90.500,-190.000,0.400,-90.500,-190.000,7.095,-90.500,-579.333,7.057,-152.500,-579.333,0.400,-152.500,-579.333,7.057,-141.500,-579.333,0.400,-152.500,-579.333,0.400,-141.500,-579.333,7.057,-141.500,-563.333,7.057,-141.500,-563.333,0.400,-141.500,-563.333,7.057,-152.500,-563.333,0.400,-141.500,-563.333,0.400,-152.500,-563.333,7.057,-152.500,-563.333,7.057,-152.500,-563.333,0.400,-152.500,-579.333,7.057,-152.500,-563.333,0.400,-152.500,-579.333,0.400,-152.500,-579.333,7.057,-152.500,-579.333,7.057,-141.500,-579.333,0.400,-141.500,-563.333,7.057,-141.500,-579.333,0.400,-141.500,-563.333,0.400,-141.500,-563.333,7.057,-141.500,-522.000,7.440,-152.500,-522.000,0.400,-152.500,-522.000,7.440,-141.500,-522.000,0.400,-152.500,-522.000,0.400,-141.500,-522.000,7.440,-141.500,-506.000,7.440,-141.500,-506.000,0.400,-141.500,-506.000,7.440,-152.500,-506.000,0.400,-141.500,-506.000,0.400,-152.500,-506.000,7.440,-152.500,-506.000,7.440,-152.500,-506.000,0.400,-152.500,-522.000,7.440,-152.500,-506.000,0.400,-152.500,-522.000,0.400,-152.500,-522.000,7.440,-152.500,-522.000,7.440,-141.500,-522.000,0.400,-141.500,-506.000,7.440,-141.500,-522.000,0.400,-141.500,-506.000,0.400,-141.500,-506.000,7.440,-141.500,149.000,7.444,-8.500,149.000,0.400,-8.500,149.000,7.444,2.500,149.000,0.400,-8.500,149.000,0.400,2.500,149.000,7.444,2.500,165.000,7.444,2.500,165.000,0.400,2.500,165.000,7.444,-8.500,165.000,0.400,2.500,165.000,0.400,-8.500,165.000,7.444,-8.500,165.000,7.444,-8.500,165.000,0.400,-8.500,149.000,7.444,-8.500,165.000,0.400,-8.500,149.000,0.400,-8.500,149.000,7.444,-8.500,149.000,7.444,2.500,149.000,0.400,2.500,165.000,7.444,2.500,149.000,0.400,2.500,165.000,0.400,2.500,165.000,7.444,2.500;;ffffffT1024
Mesh;150;;-190.000,7.095,-90.500,-190.000,7.095,-79.500,-174.000,7.095,-90.500,-190.000,7.095,-79.500,-174.000,7.095,-79.500,-174.000,7.095,-90.500,-173.400,7.095,-91.100,-190.600,7.095,-91.100,-182.000,10.095,-91.100,-182.000,10.095,-78.900,-190.600,7.095,-78.900,-173.400,7.095,-78.900,-173.400,7.095,-91.100,-182.000,10.095,-91.100,-173.400,7.095,-78.900,-182.000,10.095,-91.100,-182.000,10.095,-78.900,-173.400,7.095,-78.900,-182.000,10.095,-91.100,-190.600,7.095,-91.100,-182.000,10.095,-78.900,-190.600,7.095,-91.100,-190.600,7.095,-78.900,-182.000,10.095,-78.900,-190.600,7.095,-91.100,-173.400,7.095,-91.100,-190.600,7.095,-78.900,-173.400,7.095,-91.100,-173.400,7.095,-78.900,-190.600,7.095,-78.900,-46.667,7.498,2.500,-46.667,7.498,-8.500,-62.667,7.498,2.500,-46.667,7.498,-8.500,-62.667,7.498,-8.500,-62.667,7.498,2.500,-63.267,7.498,3.100,-46.067,7.498,3.100,-54.667,10.498,3.100,-54.667,10.498,-9.100,-46.067,7.498,-9.100,-63.267,7.498,-9.100,-63.267,7.498,3.100,-54.667,10.498,3.100,-63.267,7.498,-9.100,-54.667,10.498,3.100,-54.667,10.498,-9.100,-63.267,7.498,-9.100,-54.667,10.498,3.100,-46.067,7.498,3.100,-54.667,10.498,-9.100,-46.067,7.498,3.100,-46.067,7.498,-9.100,-54.667,10.498,-9.100,-46.067,7.498,3.100,-63.267,7.498,3.100,-46.067,7.498,-9.100,-63.267,7.498,3.100,-63.267,7.498,-9.100,-46.067,7.498,-9.100,235.000,6.581,121.500,235.000,6.581,132.500,251.000,6.581,121.500,235.000,6.581,132.500,251.000,6.581,132.500,251.000,6.581,121.500,251.600,6.581,120.900,234.400,6.581,120.900,243.000,9.581,120.900,243.000,9.581,133.100,234.400,6.581,133.100,251.600,6.581,133.100,251.600,6.581,120.900,243.000,9.581,120.900,251.600,6.581,133.100,243.000,9.581,120.900,243.000,9.581,133.100,251.600,6.581,133.100,243.000,9.581,120.900,234.400,6.581,120.900,243.000,9.581,133.100,234.400,6.581,120.900,234.400,6.581,133.100,243.000,9.581,133.100,234.400,6.581,120.900,251.600,6.581,120.900,234.400,6.581,133.100,251.600,6.581,120.900,251.600,6.581,133.100,234.400,6.581,133.100,-98.000,6.863,180.500,-98.000,6.863,169.500,-114.000,6.863,180.500,-98.000,6.863,169.500,-114.000,6.863,169.500,-114.000,6.863,180.500;;4d5560T2048
Mesh;150;;-678.000,7.696,-141.500,-678.000,7.696,-152.500,-694.000,7.696,-141.500,-678.000,7.696,-152.500,-694.000,7.696,-152.500,-694.000,7.696,-141.500,-694.600,7.696,-140.900,-677.400,7.696,-140.900,-686.000,10.696,-140.900,-686.000,10.696,-153.100,-677.400,7.696,-153.100,-694.600,7.696,-153.100,-694.600,7.696,-140.900,-686.000,10.696,-140.900,-694.600,7.696,-153.100,-686.000,10.696,-140.900,-686.000,10.696,-153.100,-694.600,7.696,-153.100,-686.000,10.696,-140.900,-677.400,7.696,-140.900,-686.000,10.696,-153.100,-677.400,7.696,-140.900,-677.400,7.696,-153.100,-686.000,10.696,-153.100,-677.400,7.696,-140.900,-694.600,7.696,-140.900,-677.400,7.696,-153.100,-694.600,7.696,-140.900,-694.600,7.696,-153.100,-677.400,7.696,-153.100,4.667,6.687,2.500,4.667,6.687,-8.500,-11.333,6.687,2.500,4.667,6.687,-8.500,-11.333,6.687,-8.500,-11.333,6.687,2.500,-11.933,6.687,3.100,5.267,6.687,3.100,-3.333,9.687,3.100,-3.333,9.687,-9.100,5.267,6.687,-9.100,-11.933,6.687,-9.100,-11.933,6.687,3.100,-3.333,9.687,3.100,-11.933,6.687,-9.100,-3.333,9.687,3.100,-3.333,9.687,-9.100,-11.933,6.687,-9.100,-3.333,9.687,3.100,5.267,6.687,3.100,-3.333,9.687,-9.100,5.267,6.687,3.100,5.267,6.687,-9.100,-3.333,9.687,-9.100,5.267,6.687,3.100,-11.933,6.687,3.100,5.267,6.687,-9.100,-11.933,6.687,3.100,-11.933,6.687,-9.100,5.267,6.687,-9.100,-114.000,6.724,281.500,-114.000,6.724,292.500,-98.000,6.724,281.500,-114.000,6.724,292.500,-98.000,6.724,292.500,-98.000,6.724,281.500,-97.400,6.724,280.900,-114.600,6.724,280.900,-106.000,9.724,280.900,-106.000,9.724,293.100,-114.600,6.724,293.100,-97.400,6.724,293.100,-97.400,6.724,280.900,-106.000,9.724,280.900,-97.400,6.724,293.100,-106.000,9.724,280.900,-106.000,9.724,293.100,-97.400,6.724,293.100,-106.000,9.724,280.900,-114.600,6.724,280.900,-106.000,9.724,293.100,-114.600,6.724,280.900,-114.600,6.724,293.100,-106.000,9.724,293.100,-114.600,6.724,280.900,-97.400,6.724,280.900,-114.600,6.724,293.100,-97.400,6.724,280.900,-97.400,6.724,293.100,-114.600,6.724,293.100,-75.500,6.564,281.500,-75.500,6.564,292.500,-59.500,6.564,281.500,-75.500,6.564,292.500,-59.500,6.564,292.500,-59.500,6.564,281.500;;54504aT2048
Mesh;90;;-563.333,7.057,-141.500,-563.333,7.057,-152.500,-579.333,7.057,-141.500,-563.333,7.057,-152.500,-579.333,7.057,-152.500,-579.333,7.057,-141.500,-579.933,7.057,-140.900,-562.733,7.057,-140.900,-571.333,10.057,-140.900,-571.333,10.057,-153.100,-562.733,7.057,-153.100,-579.933,7.057,-153.100,-579.933,7.057,-140.900,-571.333,10.057,-140.900,-579.933,7.057,-153.100,-571.333,10.057,-140.900,-571.333,10.057,-153.100,-579.933,7.057,-153.100,-571.333,10.057,-140.900,-562.733,7.057,-140.900,-571.333,10.057,-153.100,-562.733,7.057,-140.900,-562.733,7.057,-153.100,-571.333,10.057,-153.100,-562.733,7.057,-140.900,-579.933,7.057,-140.900,-562.733,7.057,-153.100,-579.933,7.057,-140.900,-579.933,7.057,-153.100,-562.733,7.057,-153.100,294.000,7.131,180.500,294.000,7.131,169.500,278.000,7.131,180.500,294.000,7.131,169.500,278.000,7.131,169.500,278.000,7.131,180.500,277.400,7.131,181.100,294.600,7.131,181.100,286.000,10.131,181.100,286.000,10.131,168.900,294.600,7.131,168.900,277.400,7.131,168.900,277.400,7.131,181.100,286.000,10.131,181.100,277.400,7.131,168.900,286.000,10.131,181.100,286.000,10.131,168.900,277.400,7.131,168.900,286.000,10.131,181.100,294.600,7.131,181.100,286.000,10.131,168.900,294.600,7.131,181.100,294.600,7.131,168.900,286.000,10.131,168.900,294.600,7.131,181.100,277.400,7.131,181.100,294.600,7.131,168.900,277.400,7.131,181.100,277.400,7.131,168.900,294.600,7.131,168.900,192.000,6.827,281.500,192.000,6.827,292.500,208.000,6.827,281.500,192.000,6.827,292.500,208.000,6.827,292.500,208.000,6.827,281.500,208.600,6.827,280.900,191.400,6.827,280.900,200.000,9.827,280.900,200.000,9.827,293.100,191.400,6.827,293.100,208.600,6.827,293.100,208.600,6.827,280.900,200.000,9.827,280.900,208.600,6.827,293.100,200.000,9.827,280.900,200.000,9.827,293.100,208.600,6.827,293.100,200.000,9.827,280.900,191.400,6.827,280.900,200.000,9.827,293.100,191.400,6.827,280.900,191.400,6.827,293.100,200.000,9.827,293.100,191.400,6.827,280.900,208.600,6.827,280.900,191.400,6.827,293.100,208.600,6.827,280.900,208.600,6.827,293.100,191.400,6.827,293.100;;6d4c3dT2048
Mesh;120;;-522.000,7.780,-90.500,-522.000,7.780,-79.500,-506.000,7.780,-90.500,-522.000,7.780,-79.500,-506.000,7.780,-79.500,-506.000,7.780,-90.500,-505.400,7.780,-91.100,-522.600,7.780,-91.100,-514.000,10.780,-91.100,-514.000,10.780,-78.900,-522.600,7.780,-78.900,-505.400,7.780,-78.900,-505.400,7.780,-91.100,-514.000,10.780,-91.100,-505.400,7.780,-78.900,-514.000,10.780,-91.100,-514.000,10.780,-78.900,-505.400,7.780,-78.900,-514.000,10.780,-91.100,-522.600,7.780,-91.100,-514.000,10.780,-78.900,-522.600,7.780,-91.100,-522.600,7.780,-78.900,-514.000,10.780,-78.900,-522.600,7.780,-91.100,-505.400,7.780,-91.100,-522.600,7.780,-78.900,-505.400,7.780,-91.100,-505.400,7.780,-78.900,-522.600,7.780,-78.900,251.000,7.813,2.500,251.000,7.813,-8.500,235.000,7.813,2.500,251.000,7.813,-8.500,235.000,7.813,-8.500,235.000,7.813,2.500,234.400,7.813,3.100,251.600,7.813,3.100,243.000,10.813,3.100,243.000,10.813,-9.100,251.600,7.813,-9.100,234.400,7.813,-9.100,234.400,7.813,3.100,243.000,10.813,3.100,234.400,7.813,-9.100,243.000,10.813,3.100,243.000,10.813,-9.100,234.400,7.813,-9.100,243.000,10.813,3.100,251.600,7.813,3.100,243.000,10.813,-9.100,251.600,7.813,3.100,251.600,7.813,-9.100,243.000,10.813,-9.100,251.600,7.813,3.100,234.400,7.813,3.100,251.600,7.813,-9.100,234.400,7.813,3.100,234.400,7.813,-9.100,251.600,7.813,-9.100,235.000,6.425,281.500,235.000,6.425,292.500,251.000,6.425,281.500,235.000,6.425,292.500,251.000,6.425,292.500,251.000,6.425,281.500,251.600,6.425,280.900,234.400,6.425,280.900,243.000,9.425,280.900,243.000,9.425,293.100,234.400,6.425,293.100,251.600,6.425,293.100,251.600,6.425,280.900,243.000,9.425,280.900,251.600,6.425,293.100,243.000,9.425,280.900,243.000,9.425,293.100,251.600,6.425,293.100,243.000,9.425,280.900,234.400,6.425,280.900,243.000,9.425,293.100,234.400,6.425,280.900,234.400,6.425,293.100,243.000,9.425,293.100,234.400,6.425,280.900,251.600,6.425,280.900,234.400,6.425,293.100,251.600,6.425,280.900,251.600,6.425,293.100,234.400,6.425,293.100,278.000,7.681,281.500,278.000,7.681,292.500,294.000,7.681,281.500,278.000,7.681,292.500,294.000,7.681,292.500,294.000,7.681,281.500;;5a5048T2048
Mesh;48;;-11.333,6.687,-8.500,-11.333,0.400,-8.500,-11.333,6.687,2.500,-11.333,0.400,-8.500,-11.333,0.400,2.500,-11.333,6.687,2.500,4.667,6.687,2.500,4.667,0.400,2.500,4.667,6.687,-8.500,4.667,0.400,2.500,4.667,0.400,-8.500,4.667,6.687,-8.500,4.667,6.687,-8.500,4.667,0.400,-8.500,-11.333,6.687,-8.500,4.667,0.400,-8.500,-11.333,0.400,-8.500,-11.333,6.687,-8.500,-11.333,6.687,2.500,-11.333,0.400,2.500,4.667,6.687,2.500,-11.333,0.400,2.500,4.667,0.400,2.500,4.667,6.687,2.500,-59.500,6.564,292.500,-59.500,0.400,292.500,-59.500,6.564,281.500,-59.500,0.400,292.500,-59.500,0.400,281.500,-59.500,6.564,281.500,-75.500,6.564,281.500,-75.500,0.400,281.500,-75.500,6.564,292.500,-75.500,0.400,281.500,-75.500,0.400,292.500,-75.500,6.564,292.500,-75.500,6.564,292.500,-75.500,0.400,292.500,-59.500,6.564,292.500,-75.500,0.400,292.500,-59.500,0.400,292.500,-59.500,6.564,292.500,-59.500,6.564,281.500,-59.500,0.400,281.500,-75.500,6.564,281.500,-59.500,0.400,281.500,-75.500,0.400,281.500,-75.500,6.564,281.500;;ffffffT1024
Mesh;120;;122.000,6.772,2.500,122.000,6.772,-8.500,106.000,6.772,2.500,122.000,6.772,-8.500,106.000,6.772,-8.500,106.000,6.772,2.500,105.400,6.772,3.100,122.600,6.772,3.100,114.000,9.772,3.100,114.000,9.772,-9.100,122.600,6.772,-9.100,105.400,6.772,-9.100,105.400,6.772,3.100,114.000,9.772,3.100,105.400,6.772,-9.100,114.000,9.772,3.100,114.000,9.772,-9.100,105.400,6.772,-9.100,114.000,9.772,3.100,122.600,6.772,3.100,114.000,9.772,-9.100,122.600,6.772,3.100,122.600,6.772,-9.100,114.000,9.772,-9.100,122.600,6.772,3.100,105.400,6.772,3.100,122.600,6.772,-9.100,105.400,6.772,3.100,105.400,6.772,-9.100,122.600,6.772,-9.100,294.000,6.838,2.500,294.000,6.838,-8.500,278.000,6.838,2.500,294.000,6.838,-8.500,278.000,6.838,-8.500,278.000,6.838,2.500,277.400,6.838,3.100,294.600,6.838,3.100,286.000,9.838,3.100,286.000,9.838,-9.100,294.600,6.838,-9.100,277.400,6.838,-9.100,277.400,6.838,3.100,286.000,9.838,3.100,277.400,6.838,-9.100,286.000,9.838,3.100,286.000,9.838,-9.100,277.400,6.838,-9.100,286.000,9.838,3.100,294.600,6.838,3.100,286.000,9.838,-9.100,294.600,6.838,3.100,294.600,6.838,-9.100,286.000,9.838,-9.100,294.600,6.838,3.100,277.400,6.838,3.100,294.600,6.838,-9.100,277.400,6.838,3.100,277.400,6.838,-9.100,294.600,6.838,-9.100,278.000,7.225,121.500,278.000,7.225,132.500,294.000,7.225,121.500,278.000,7.225,132.500,294.000,7.225,132.500,294.000,7.225,121.500,294.600,7.225,120.900,277.400,7.225,120.900,286.000,10.225,120.900,286.000,10.225,133.100,277.400,7.225,133.100,294.600,7.225,133.100,294.600,7.225,120.900,286.000,10.225,120.900,294.600,7.225,133.100,286.000,10.225,120.900,286.000,10.225,133.100,294.600,7.225,133.100,286.000,10.225,120.900,277.400,7.225,120.900,286.000,10.225,133.100,277.400,7.225,120.900,277.400,7.225,133.100,286.000,10.225,133.100,277.400,7.225,120.900,294.600,7.225,120.900,277.400,7.225,133.100,294.600,7.225,120.900,294.600,7.225,133.100,277.400,7.225,133.100,56.000,6.963,180.500,56.000,6.963,169.500,40.000,6.963,180.500,56.000,6.963,169.500,40.000,6.963,169.500,40.000,6.963,180.500;;4d5560T2048
Mesh;24;;208.000,7.278,132.500,208.000,0.400,132.500,208.000,7.278,121.500,208.000,0.400,132.500,208.000,0.400,121.500,208.000,7.278,121.500,192.000,7.278,121.500,192.000,0.400,121.500,192.000,7.278,132.500,192.000,0.400,121.500,192.000,0.400,132.500,192.000,7.278,132.500,192.000,7.278,132.500,192.000,0.400,132.500,208.000,7.278,132.500,192.000,0.400,132.500,208.000,0.400,132.500,208.000,7.278,132.500,208.000,7.278,121.500,208.000,0.400,121.500,192.000,7.278,121.500,208.000,0.400,121.500,192.000,0.400,121.500,192.000,7.278,121.500;;ffffffT1024
Mesh;24;;17.500,6.749,292.500,17.500,0.400,292.500,17.500,6.749,281.500,17.500,0.400,292.500,17.500,0.400,281.500,17.500,6.749,281.500,1.500,6.749,281.500,1.500,0.400,281.500,1.500,6.749,292.500,1.500,0.400,281.500,1.500,0.400,292.500,1.500,6.749,292.500,1.500,6.749,292.500,1.500,0.400,292.500,17.500,6.749,292.500,1.500,0.400,292.500,17.500,0.400,292.500,17.500,6.749,292.500,17.500,6.749,281.500,17.500,0.400,281.500,1.500,6.749,281.500,17.500,0.400,281.500,1.500,0.400,281.500,1.500,6.749,281.500;;ffffffT1024
Mesh;96;;106.000,6.928,169.500,106.000,0.400,169.500,106.000,6.928,180.500,106.000,0.400,169.500,106.000,0.400,180.500,106.000,6.928,180.500,122.000,6.928,180.500,122.000,0.400,180.500,122.000,6.928,169.500,122.000,0.400,180.500,122.000,0.400,169.500,122.000,6.928,169.500,122.000,6.928,169.500,122.000,0.400,169.500,106.000,6.928,169.500,122.000,0.400,169.500,106.000,0.400,169.500,106.000,6.928,169.500,106.000,6.928,180.500,106.000,0.400,180.500,122.000,6.928,180.500,106.000,0.400,180.500,122.000,0.400,180.500,122.000,6.928,180.500,192.000,7.172,169.500,192.000,0.400,169.500,192.000,7.172,180.500,192.000,0.400,169.500,192.000,0.400,180.500,192.000,7.172,180.500,208.000,7.172,180.500,208.000,0.400,180.500,208.000,7.172,169.500,208.000,0.400,180.500,208.000,0.400,169.500,208.000,7.172,169.500,208.000,7.172,169.500,208.000,0.400,169.500,192.000,7.172,169.500,208.000,0.400,169.500,192.000,0.400,169.500,192.000,7.172,169.500,192.000,7.172,180.500,192.000,0.400,180.500,208.000,7.172,180.500,192.000,0.400,180.500,208.000,0.400,180.500,208.000,7.172,180.500,278.000,7.131,169.500,278.000,0.400,169.500,278.000,7.131,180.500,278.000,0.400,169.500,278.000,0.400,180.500,278.000,7.131,180.500,294.000,7.131,180.500,294.000,0.400,180.500,294.000,7.131,169.500,294.000,0.400,180.500,294.000,0.400,169.500,294.000,7.131,169.500,294.000,7.131,169.500,294.000,0.400,169.500,278.000,7.131,169.500,294.000,0.400,169.500,278.000,0.400,169.500,278.000,7.131,169.500,278.000,7.131,180.500,278.000,0.400,180.500,294.000,7.131,180.500,278.000,0.400,180.500,294.000,0.400,180.500,294.000,7.131,180.500,122.000,6.937,292.500,122.000,0.400,292.500,122.000,6.937,281.500,122.000,0.400,292.500,122.000,0.400,281.500,122.000,6.937,281.500,106.000,6.937,281.500,106.000,0.400,281.500,106.000,6.937,292.500,106.000,0.400,281.500,106.000,0.400,292.500,106.000,6.937,292.500,106.000,6.937,292.500,106.000,0.400,292.500,122.000,6.937,292.500,106.000,0.400,292.500,122.000,0.400,292.500,122.000,6.937,292.500,122.000,6.937,281.500,122.000,0.400,281.500,106.000,6.937,281.500,122.000,0.400,281.500,106.000,0.400,281.500,106.000,6.937,281.500;;ffffffT1024
Mesh;60;;409.987,5.035,-200.893,409.987,5.035,-211.107,398.013,5.035,-200.893,409.987,5.035,-211.107,398.013,5.035,-211.107,398.013,5.035,-200.893,397.413,5.035,-200.293,410.587,5.035,-200.293,404.000,8.281,-200.293,404.000,8.281,-211.707,410.587,5.035,-211.707,397.413,5.035,-211.707,397.413,5.035,-200.293,404.000,8.281,-200.293,397.413,5.035,-211.707,404.000,8.281,-200.293,404.000,8.281,-211.707,397.413,5.035,-211.707,404.000,8.281,-200.293,410.587,5.035,-200.293,404.000,8.281,-211.707,410.587,5.035,-200.293,410.587,5.035,-211.707,404.000,8.281,-211.707,410.587,5.035,-200.293,397.413,5.035,-200.293,410.587,5.035,-211.707,397.413,5.035,-200.293,397.413,5.035,-211.707,410.587,5.035,-211.707,398.513,3.400,-202.747,398.513,3.400,-210.919,391.926,3.400,-202.747,398.513,3.400,-210.919,391.926,3.400,-210.919,391.926,3.400,-202.747,391.326,3.400,-202.147,399.113,3.400,-202.147,395.219,5.200,-202.147,395.219,5.200,-211.519,399.113,3.400,-211.519,391.326,3.400,-211.519,391.326,3.400,-202.147,395.219,5.200,-202.147,391.326,3.400,-211.519,395.219,5.200,-202.147,395.219,5.200,-211.519,391.326,3.400,-211.519,395.219,5.200,-202.147,399.113,3.400,-202.147,395.219,5.200,-211.519,399.113,3.400,-202.147,399.113,3.400,-211.519,395.219,5.200,-211.519,399.113,3.400,-202.147,391.326,3.400,-202.147,399.113,3.400,-211.519,391.326,3.400,-202.147,391.326,3.400,-211.519,399.113,3.400,-211.519;;6b5a4dT2048
Mesh;60;;456.078,5.823,-201.119,456.078,5.823,-210.881,444.922,5.823,-201.119,456.078,5.823,-210.881,444.922,5.823,-210.881,444.922,5.823,-201.119,444.322,5.823,-200.519,456.678,5.823,-200.519,450.500,8.976,-200.519,450.500,8.976,-211.481,456.678,5.823,-211.481,444.322,5.823,-211.481,444.322,5.823,-200.519,450.500,8.976,-200.519,444.322,5.823,-211.481,450.500,8.976,-200.519,450.500,8.976,-211.481,444.322,5.823,-211.481,450.500,8.976,-200.519,456.678,5.823,-200.519,450.500,8.976,-211.481,456.678,5.823,-200.519,456.678,5.823,-211.481,450.500,8.976,-211.481,456.678,5.823,-200.519,444.322,5.823,-200.519,456.678,5.823,-211.481,444.322,5.823,-200.519,444.322,5.823,-211.481,456.678,5.823,-211.481,445.422,3.400,-201.710,445.422,3.400,-209.520,439.285,3.400,-201.710,445.422,3.400,-209.520,439.285,3.400,-209.520,439.285,3.400,-201.710,438.685,3.400,-201.110,446.022,3.400,-201.110,442.353,5.200,-201.110,442.353,5.200,-210.120,446.022,3.400,-210.120,438.685,3.400,-210.120,438.685,3.400,-201.110,442.353,5.200,-201.110,438.685,3.400,-210.120,442.353,5.200,-201.110,442.353,5.200,-210.120,438.685,3.400,-210.120,442.353,5.200,-201.110,446.022,3.400,-201.110,442.353,5.200,-210.120,446.022,3.400,-201.110,446.022,3.400,-210.120,442.353,5.200,-210.120,446.022,3.400,-201.110,438.685,3.400,-201.110,446.022,3.400,-210.120,438.685,3.400,-201.110,438.685,3.400,-210.120,446.022,3.400,-210.120;;6d4c3dT2048
Mesh;60;;502.901,5.958,-201.180,502.901,5.958,-210.820,491.099,5.958,-201.180,502.901,5.958,-210.820,491.099,5.958,-210.820,491.099,5.958,-201.180,503.636,5.958,-200.689,503.636,5.958,-211.311,503.636,9.487,-206.000,490.364,9.487,-206.000,490.364,5.958,-211.311,490.364,5.958,-200.689,503.636,5.958,-200.689,503.636,9.487,-206.000,490.364,5.958,-200.689,503.636,9.487,-206.000,490.364,9.487,-206.000,490.364,5.958,-200.689,503.636,9.487,-206.000,503.636,5.958,-211.311,490.364,9.487,-206.000,503.636,5.958,-211.311,490.364,5.958,-211.311,490.364,9.487,-206.000,503.636,5.958,-211.311,503.636,5.958,-200.689,490.364,5.958,-211.311,503.636,5.958,-200.689,490.364,5.958,-200.689,490.364,5.958,-211.311,491.599,3.400,-201.183,491.599,3.400,-208.895,485.107,3.400,-201.183,491.599,3.400,-208.895,485.107,3.400,-208.895,485.107,3.400,-201.183,484.507,3.400,-200.583,492.199,3.400,-200.583,488.353,5.200,-200.583,488.353,5.200,-209.495,492.199,3.400,-209.495,484.507,3.400,-209.495,484.507,3.400,-200.583,488.353,5.200,-200.583,484.507,3.400,-209.495,488.353,5.200,-200.583,488.353,5.200,-209.495,484.507,3.400,-209.495,488.353,5.200,-200.583,492.199,3.400,-200.583,488.353,5.200,-209.495,492.199,3.400,-200.583,492.199,3.400,-209.495,488.353,5.200,-209.495,492.199,3.400,-200.583,484.507,3.400,-200.583,492.199,3.400,-209.495,484.507,3.400,-200.583,484.507,3.400,-209.495,492.199,3.400,-209.495;;6b5a4dT2048
Mesh;36;;492.959,9.670,-204.572,492.959,6.870,-204.572,492.959,9.670,-203.572,492.959,6.870,-204.572,492.959,6.870,-203.572,492.959,9.670,-203.572,493.959,9.670,-203.572,493.959,6.870,-203.572,493.959,9.670,-204.572,493.959,6.870,-203.572,493.959,6.870,-204.572,493.959,9.670,-204.572,493.959,9.670,-203.572,493.959,9.670,-204.572,492.959,9.670,-203.572,493.959,9.670,-204.572,492.959,9.670,-204.572,492.959,9.670,-203.572,493.959,6.870,-204.572,493.959,6.870,-203.572,492.959,6.870,-204.572,493.959,6.870,-203.572,492.959,6.870,-203.572,492.959,6.870,-204.572,493.959,9.670,-204.572,493.959,6.870,-204.572,492.959,9.670,-204.572,493.959,6.870,-204.572,492.959,6.870,-204.572,492.959,9.670,-204.572,492.959,9.670,-203.572,492.959,6.870,-203.572,493.959,9.670,-203.572,492.959,6.870,-203.572,493.959,6.870,-203.572,493.959,9.670,-203.572;;ffffffT128
Mesh;60;;549.533,5.784,-200.997,549.533,5.784,-211.003,537.467,5.784,-200.997,549.533,5.784,-211.003,537.467,5.784,-211.003,537.467,5.784,-200.997,550.256,5.784,-200.500,550.256,5.784,-211.500,550.256,9.502,-206.000,536.744,9.502,-206.000,536.744,5.784,-211.500,536.744,5.784,-200.500,550.256,5.784,-200.500,550.256,9.502,-206.000,536.744,5.784,-200.500,550.256,9.502,-206.000,536.744,9.502,-206.000,536.744,5.784,-200.500,550.256,9.502,-206.000,550.256,5.784,-211.500,536.744,9.502,-206.000,550.256,5.784,-211.500,536.744,5.784,-211.500,536.744,9.502,-206.000,550.256,5.784,-211.500,550.256,5.784,-200.500,536.744,5.784,-211.500,550.256,5.784,-200.500,536.744,5.784,-200.500,536.744,5.784,-211.500,537.967,3.400,-202.282,537.967,3.400,-210.286,531.331,3.400,-202.282,537.967,3.400,-210.286,531.331,3.400,-210.286,531.331,3.400,-202.282,530.731,3.400,-201.682,538.567,3.400,-201.682,534.649,5.200,-201.682,534.649,5.200,-210.886,538.567,3.400,-210.886,530.731,3.400,-210.886,530.731,3.400,-201.682,534.649,5.200,-201.682,530.731,3.400,-210.886,534.649,5.200,-201.682,534.649,5.200,-210.886,530.731,3.400,-210.886,534.649,5.200,-201.682,538.567,3.400,-201.682,534.649,5.200,-210.886,538.567,3.400,-201.682,538.567,3.400,-210.886,534.649,5.200,-210.886,538.567,3.400,-201.682,530.731,3.400,-201.682,538.567,3.400,-210.886,530.731,3.400,-201.682,530.731,3.400,-210.886,538.567,3.400,-210.886;;5a5048T2048
Mesh;36;;539.380,9.571,-204.499,539.380,6.771,-204.499,539.380,9.571,-203.499,539.380,6.771,-204.499,539.380,6.771,-203.499,539.380,9.571,-203.499,540.380,9.571,-203.499,540.380,6.771,-203.499,540.380,9.571,-204.499,540.380,6.771,-203.499,540.380,6.771,-204.499,540.380,9.571,-204.499,540.380,9.571,-203.499,540.380,9.571,-204.499,539.380,9.571,-203.499,540.380,9.571,-204.499,539.380,9.571,-204.499,539.380,9.571,-203.499,540.380,6.771,-204.499,540.380,6.771,-203.499,539.380,6.771,-204.499,540.380,6.771,-203.499,539.380,6.771,-203.499,539.380,6.771,-204.499,540.380,9.571,-204.499,540.380,6.771,-204.499,539.380,9.571,-204.499,540.380,6.771,-204.499,539.380,6.771,-204.499,539.380,9.571,-204.499,539.380,9.571,-203.499,539.380,6.771,-203.499,540.380,9.571,-203.499,539.380,6.771,-203.499,540.380,6.771,-203.499,540.380,9.571,-203.499;;ffffffT128
Mesh;60;;595.614,5.175,-201.352,595.614,5.175,-210.648,584.386,5.175,-201.352,595.614,5.175,-210.648,584.386,5.175,-210.648,584.386,5.175,-201.352,583.786,5.175,-200.752,596.214,5.175,-200.752,590.000,8.643,-200.752,590.000,8.643,-211.248,596.214,5.175,-211.248,583.786,5.175,-211.248,583.786,5.175,-200.752,590.000,8.643,-200.752,583.786,5.175,-211.248,590.000,8.643,-200.752,590.000,8.643,-211.248,583.786,5.175,-211.248,590.000,8.643,-200.752,596.214,5.175,-200.752,590.000,8.643,-211.248,596.214,5.175,-200.752,596.214,5.175,-211.248,590.000,8.643,-211.248,596.214,5.175,-200.752,583.786,5.175,-200.752,596.214,5.175,-211.248,583.786,5.175,-200.752,583.786,5.175,-211.248,596.214,5.175,-211.248,584.886,3.400,-202.154,584.886,3.400,-209.590,578.711,3.400,-202.154,584.886,3.400,-209.590,578.711,3.400,-209.590,578.711,3.400,-202.154,578.111,3.400,-201.554,585.486,3.400,-201.554,581.799,5.200,-201.554,581.799,5.200,-210.190,585.486,3.400,-210.190,578.111,3.400,-210.190,578.111,3.400,-201.554,581.799,5.200,-201.554,578.111,3.400,-210.190,581.799,5.200,-201.554,581.799,5.200,-210.190,578.111,3.400,-210.190,581.799,5.200,-201.554,585.486,3.400,-201.554,581.799,5.200,-210.190,585.486,3.400,-201.554,585.486,3.400,-210.190,581.799,5.200,-210.190,585.486,3.400,-201.554,578.111,3.400,-201.554,585.486,3.400,-210.190,578.111,3.400,-201.554,578.111,3.400,-210.190,585.486,3.400,-210.190;;5a5048T2048
Mesh;36;;586.132,8.862,-204.641,586.132,6.062,-204.641,586.132,8.862,-203.641,586.132,6.062,-204.641,586.132,6.062,-203.641,586.132,8.862,-203.641,587.132,8.862,-203.641,587.132,6.062,-203.641,587.132,8.862,-204.641,587.132,6.062,-203.641,587.132,6.062,-204.641,587.132,8.862,-204.641,587.132,8.862,-203.641,587.132,8.862,-204.641,586.132,8.862,-203.641,587.132,8.862,-204.641,586.132,8.862,-204.641,586.132,8.862,-203.641,587.132,6.062,-204.641,587.132,6.062,-203.641,586.132,6.062,-204.641,587.132,6.062,-203.641,586.132,6.062,-203.641,586.132,6.062,-204.641,587.132,8.862,-204.641,587.132,6.062,-204.641,586.132,8.862,-204.641,587.132,6.062,-204.641,586.132,6.062,-204.641,586.132,8.862,-204.641,586.132,8.862,-203.641,586.132,6.062,-203.641,587.132,8.862,-203.641,586.132,6.062,-203.641,587.132,6.062,-203.641,587.132,8.862,-203.641;;ffffffT128
Mesh;60;;642.220,5.972,-201.056,642.220,5.972,-210.944,630.780,5.972,-201.056,642.220,5.972,-210.944,630.780,5.972,-210.944,630.780,5.972,-201.056,630.180,5.972,-200.456,642.820,5.972,-200.456,636.500,9.351,-200.456,636.500,9.351,-211.544,642.820,5.972,-211.544,630.180,5.972,-211.544,630.180,5.972,-200.456,636.500,9.351,-200.456,630.180,5.972,-211.544,636.500,9.351,-200.456,636.500,9.351,-211.544,630.180,5.972,-211.544,636.500,9.351,-200.456,642.820,5.972,-200.456,636.500,9.351,-211.544,642.820,5.972,-200.456,642.820,5.972,-211.544,636.500,9.351,-211.544,642.820,5.972,-200.456,630.180,5.972,-200.456,642.820,5.972,-211.544,630.180,5.972,-200.456,630.180,5.972,-211.544,642.820,5.972,-211.544,631.280,3.400,-201.225,631.280,3.400,-209.136,624.988,3.400,-201.225,631.280,3.400,-209.136,624.988,3.400,-209.136,624.988,3.400,-201.225,624.388,3.400,-200.625,631.880,3.400,-200.625,628.134,5.200,-200.625,628.134,5.200,-209.736,631.880,3.400,-209.736,624.388,3.400,-209.736,624.388,3.400,-200.625,628.134,5.200,-200.625,624.388,3.400,-209.736,628.134,5.200,-200.625,628.134,5.200,-209.736,624.388,3.400,-209.736,628.134,5.200,-200.625,631.880,3.400,-200.625,628.134,5.200,-209.736,631.880,3.400,-200.625,631.880,3.400,-209.736,628.134,5.200,-209.736,631.880,3.400,-200.625,624.388,3.400,-200.625,631.880,3.400,-209.736,624.388,3.400,-200.625,624.388,3.400,-209.736,631.880,3.400,-209.736;;6d4c3dT2048
Mesh;36;;632.568,9.624,-204.522,632.568,6.824,-204.522,632.568,9.624,-203.522,632.568,6.824,-204.522,632.568,6.824,-203.522,632.568,9.624,-203.522,633.568,9.624,-203.522,633.568,6.824,-203.522,633.568,9.624,-204.522,633.568,6.824,-203.522,633.568,6.824,-204.522,633.568,9.624,-204.522,633.568,9.624,-203.522,633.568,9.624,-204.522,632.568,9.624,-203.522,633.568,9.624,-204.522,632.568,9.624,-204.522,632.568,9.624,-203.522,633.568,6.824,-204.522,633.568,6.824,-203.522,632.568,6.824,-204.522,633.568,6.824,-203.522,632.568,6.824,-203.522,632.568,6.824,-204.522,633.568,9.624,-204.522,633.568,6.824,-204.522,632.568,9.624,-204.522,633.568,6.824,-204.522,632.568,6.824,-204.522,632.568,9.624,-204.522,632.568,9.624,-203.522,632.568,6.824,-203.522,633.568,9.624,-203.522,632.568,6.824,-203.522,633.568,6.824,-203.522,633.568,9.624,-203.522;;ffffffT128
Mesh;60;;689.277,5.238,-201.447,689.277,5.238,-210.553,676.723,5.238,-201.447,689.277,5.238,-210.553,676.723,5.238,-210.553,676.723,5.238,-201.447,690.104,5.238,-201.011,690.104,5.238,-210.989,690.104,8.308,-206.000,675.896,8.308,-206.000,675.896,5.238,-210.989,675.896,5.238,-201.011,690.104,5.238,-201.011,690.104,8.308,-206.000,675.896,5.238,-201.011,690.104,8.308,-206.000,675.896,8.308,-206.000,675.896,5.238,-201.011,690.104,8.308,-206.000,690.104,5.238,-210.989,675.896,8.308,-206.000,690.104,5.238,-210.989,675.896,5.238,-210.989,675.896,8.308,-206.000,690.104,5.238,-210.989,690.104,5.238,-201.011,675.896,5.238,-210.989,690.104,5.238,-201.011,675.896,5.238,-201.011,675.896,5.238,-210.989,677.223,3.400,-201.822,677.223,3.400,-209.108,670.318,3.400,-201.822,677.223,3.400,-209.108,670.318,3.400,-209.108,670.318,3.400,-201.822,669.719,3.400,-201.222,677.823,3.400,-201.222,673.771,5.200,-201.222,673.771,5.200,-209.708,677.823,3.400,-209.708,669.719,3.400,-209.708,669.719,3.400,-201.222,673.771,5.200,-201.222,669.719,3.400,-209.708,673.771,5.200,-201.222,673.771,5.200,-209.708,669.719,3.400,-209.708,673.771,5.200,-201.222,677.823,3.400,-201.222,673.771,5.200,-209.708,677.823,3.400,-201.222,677.823,3.400,-209.708,673.771,5.200,-209.708,677.823,3.400,-201.222,669.719,3.400,-201.222,677.823,3.400,-209.708,669.719,3.400,-201.222,669.719,3.400,-209.708,677.823,3.400,-209.708;;6d4c3dT2048
Mesh;60;;735.651,5.032,-200.599,735.651,5.032,-211.401,723.349,5.032,-200.599,735.651,5.032,-211.401,723.349,5.032,-211.401,723.349,5.032,-200.599,722.749,5.032,-199.999,736.251,5.032,-199.999,729.500,8.449,-199.999,729.500,8.449,-212.001,736.251,5.032,-212.001,722.749,5.032,-212.001,722.749,5.032,-199.999,729.500,8.449,-199.999,722.749,5.032,-212.001,729.500,8.449,-199.999,729.500,8.449,-212.001,722.749,5.032,-212.001,729.500,8.449,-199.999,736.251,5.032,-199.999,729.500,8.449,-212.001,736.251,5.032,-199.999,736.251,5.032,-212.001,729.500,8.449,-212.001,736.251,5.032,-199.999,722.749,5.032,-199.999,736.251,5.032,-212.001,722.749,5.032,-199.999,722.749,5.032,-212.001,736.251,5.032,-212.001,723.849,3.400,-200.170,723.849,3.400,-208.813,717.083,3.400,-200.170,723.849,3.400,-208.813,717.083,3.400,-208.813,717.083,3.400,-200.170,716.483,3.400,-199.570,724.449,3.400,-199.570,720.466,5.200,-199.570,720.466,5.200,-209.412,724.449,3.400,-209.412,716.483,3.400,-209.412,716.483,3.400,-199.570,720.466,5.200,-199.570,716.483,3.400,-209.412,720.466,5.200,-199.570,720.466,5.200,-209.412,716.483,3.400,-209.412,720.466,5.200,-199.570,724.449,3.400,-199.570,720.466,5.200,-209.412,724.449,3.400,-199.570,724.449,3.400,-209.412,720.466,5.200,-209.412,724.449,3.400,-199.570,716.483,3.400,-199.570,724.449,3.400,-209.412,716.483,3.400,-199.570,716.483,3.400,-209.412,724.449,3.400,-209.412;;6d4c3dT2048
Mesh;60;;781.966,5.981,-201.424,781.966,5.981,-210.576,770.034,5.981,-201.424,781.966,5.981,-210.576,770.034,5.981,-210.576,770.034,5.981,-201.424,769.434,5.981,-200.824,782.566,5.981,-200.824,776.000,9.100,-200.824,776.000,9.100,-211.176,782.566,5.981,-211.176,769.434,5.981,-211.176,769.434,5.981,-200.824,776.000,9.100,-200.824,769.434,5.981,-211.176,776.000,9.100,-200.824,776.000,9.100,-211.176,769.434,5.981,-211.176,776.000,9.100,-200.824,782.566,5.981,-200.824,776.000,9.100,-211.176,782.566,5.981,-200.824,782.566,5.981,-211.176,776.000,9.100,-211.176,782.566,5.981,-200.824,769.434,5.981,-200.824,782.566,5.981,-211.176,769.434,5.981,-200.824,769.434,5.981,-211.176,782.566,5.981,-211.176,770.534,3.400,-201.594,770.534,3.400,-208.915,763.971,3.400,-201.594,770.534,3.400,-208.915,763.971,3.400,-208.915,763.971,3.400,-201.594,763.371,3.400,-200.994,771.134,3.400,-200.994,767.252,5.200,-200.994,767.252,5.200,-209.515,771.134,3.400,-209.515,763.371,3.400,-209.515,763.371,3.400,-200.994,767.252,5.200,-200.994,763.371,3.400,-209.515,767.252,5.200,-200.994,767.252,5.200,-209.515,763.371,3.400,-209.515,767.252,5.200,-200.994,771.134,3.400,-200.994,767.252,5.200,-209.515,771.134,3.400,-200.994,771.134,3.400,-209.515,767.252,5.200,-209.515,771.134,3.400,-200.994,763.371,3.400,-200.994,771.134,3.400,-209.515,763.371,3.400,-200.994,763.371,3.400,-209.515,771.134,3.400,-209.515;;6d4c3dT2048
Mesh;60;;398.484,5.484,-282.607,398.484,5.484,-273.393,409.516,5.484,-282.607,398.484,5.484,-273.393,409.516,5.484,-273.393,409.516,5.484,-282.607,410.116,5.484,-283.207,397.884,5.484,-283.207,404.000,8.626,-283.207,404.000,8.626,-272.793,397.884,5.484,-272.793,410.116,5.484,-272.793,410.116,5.484,-283.207,404.000,8.626,-283.207,410.116,5.484,-272.793,404.000,8.626,-283.207,404.000,8.626,-272.793,410.116,5.484,-272.793,404.000,8.626,-283.207,397.884,5.484,-283.207,404.000,8.626,-272.793,397.884,5.484,-283.207,397.884,5.484,-272.793,404.000,8.626,-272.793,397.884,5.484,-283.207,410.116,5.484,-283.207,397.884,5.484,-272.793,410.116,5.484,-283.207,410.116,5.484,-272.793,397.884,5.484,-272.793,409.016,3.400,-280.644,409.016,3.400,-273.272,415.083,3.400,-280.644,409.016,3.400,-273.272,415.083,3.400,-273.272,415.083,3.400,-280.644,415.683,3.400,-281.244,408.416,3.400,-281.244,412.049,5.200,-281.244,412.049,5.200,-272.672,408.416,3.400,-272.672,415.683,3.400,-272.672,415.683,3.400,-281.244,412.049,5.200,-281.244,415.683,3.400,-272.672,412.049,5.200,-281.244,412.049,5.200,-272.672,415.683,3.400,-272.672,412.049,5.200,-281.244,408.416,3.400,-281.244,412.049,5.200,-272.672,408.416,3.400,-281.244,408.416,3.400,-272.672,412.049,5.200,-272.672,408.416,3.400,-281.244,415.683,3.400,-281.244,408.416,3.400,-272.672,415.683,3.400,-281.244,415.683,3.400,-272.672,408.416,3.400,-272.672;;6b5a4dT2048
Mesh;60;;444.917,5.908,-282.743,444.917,5.908,-273.257,456.083,5.908,-282.743,444.917,5.908,-273.257,456.083,5.908,-273.257,456.083,5.908,-282.743,444.211,5.908,-283.253,444.211,5.908,-272.747,444.211,8.893,-278.000,456.789,8.893,-278.000,456.789,5.908,-272.747,456.789,5.908,-283.253,444.211,5.908,-283.253,444.211,8.893,-278.000,456.789,5.908,-283.253,444.211,8.893,-278.000,456.789,8.893,-278.000,456.789,5.908,-283.253,444.211,8.893,-278.000,444.211,5.908,-272.747,456.789,8.893,-278.000,444.211,5.908,-272.747,456.789,5.908,-272.747,456.789,8.893,-278.000,444.211,5.908,-272.747,444.211,5.908,-283.253,456.789,5.908,-272.747,444.211,5.908,-283.253,456.789,5.908,-283.253,456.789,5.908,-272.747,455.583,3.400,-282.790,455.583,3.400,-275.201,461.725,3.400,-282.790,455.583,3.400,-275.201,461.725,3.400,-275.201,461.725,3.400,-282.790,462.325,3.400,-283.390,454.983,3.400,-283.390,458.654,5.200,-283.390,458.654,5.200,-274.601,454.983,3.400,-274.601,462.325,3.400,-274.601,462.325,3.400,-283.390,458.654,5.200,-283.390,462.325,3.400,-274.601,458.654,5.200,-283.390,458.654,5.200,-274.601,462.325,3.400,-274.601,458.654,5.200,-283.390,454.983,3.400,-283.390,458.654,5.200,-274.601,454.983,3.400,-283.390,454.983,3.400,-274.601,458.654,5.200,-274.601,454.983,3.400,-283.390,462.325,3.400,-283.390,454.983,3.400,-274.601,462.325,3.400,-283.390,462.325,3.400,-274.601,454.983,3.400,-274.601;;4d5560T2048
Mesh;60;;490.959,5.480,-282.848,490.959,5.480,-273.152,503.041,5.480,-282.848,490.959,5.480,-273.152,503.041,5.480,-273.152,503.041,5.480,-282.848,503.641,5.480,-283.448,490.359,5.480,-283.448,497.000,8.058,-283.448,497.000,8.058,-272.552,490.359,5.480,-272.552,503.641,5.480,-272.552,503.641,5.480,-283.448,497.000,8.058,-283.448,503.641,5.480,-272.552,497.000,8.058,-283.448,497.000,8.058,-272.552,503.641,5.480,-272.552,497.000,8.058,-283.448,490.359,5.480,-283.448,497.000,8.058,-272.552,490.359,5.480,-283.448,490.359,5.480,-272.552,497.000,8.058,-272.552,490.359,5.480,-283.448,503.641,5.480,-283.448,490.359,5.480,-272.552,503.641,5.480,-283.448,503.641,5.480,-272.552,490.359,5.480,-272.552,502.541,3.400,-283.140,502.541,3.400,-275.383,509.185,3.400,-283.140,502.541,3.400,-275.383,509.185,3.400,-275.383,509.185,3.400,-283.140,509.785,3.400,-283.740,501.941,3.400,-283.740,505.863,5.200,-283.740,505.863,5.200,-274.783,501.941,3.400,-274.783,509.785,3.400,-274.783,509.785,3.400,-283.740,505.863,5.200,-283.740,509.785,3.400,-274.783,505.863,5.200,-283.740,505.863,5.200,-274.783,509.785,3.400,-274.783,505.863,5.200,-283.740,501.941,3.400,-283.740,505.863,5.200,-274.783,501.941,3.400,-283.740,501.941,3.400,-274.783,505.863,5.200,-274.783,501.941,3.400,-283.740,509.785,3.400,-283.740,501.941,3.400,-274.783,509.785,3.400,-283.740,509.785,3.400,-274.783,501.941,3.400,-274.783;;54504aT2048
Mesh;60;;537.163,5.064,-283.016,537.163,5.064,-272.984,549.837,5.064,-283.016,537.163,5.064,-272.984,549.837,5.064,-272.984,549.837,5.064,-283.016,550.437,5.064,-283.616,536.563,5.064,-283.616,543.500,8.816,-283.616,543.500,8.816,-272.384,536.563,5.064,-272.384,550.437,5.064,-272.384,550.437,5.064,-283.616,543.500,8.816,-283.616,550.437,5.064,-272.384,543.500,8.816,-283.616,543.500,8.816,-272.384,550.437,5.064,-272.384,543.500,8.816,-283.616,536.563,5.064,-283.616,543.500,8.816,-272.384,536.563,5.064,-283.616,536.563,5.064,-272.384,543.500,8.816,-272.384,536.563,5.064,-283.616,550.437,5.064,-283.616,536.563,5.064,-272.384,550.437,5.064,-283.616,550.437,5.064,-272.384,536.563,5.064,-272.384,549.337,3.400,-282.401,549.337,3.400,-274.376,556.308,3.400,-282.401,549.337,3.400,-274.376,556.308,3.400,-274.376,556.308,3.400,-282.401,556.908,3.400,-283.001,548.737,3.400,-283.001,552.823,5.200,-283.001,552.823,5.200,-273.776,548.737,3.400,-273.776,556.908,3.400,-273.776,556.908,3.400,-283.001,552.823,5.200,-283.001,556.908,3.400,-273.776,552.823,5.200,-283.001,552.823,5.200,-273.776,556.908,3.400,-273.776,552.823,5.200,-283.001,548.737,3.400,-283.001,552.823,5.200,-273.776,548.737,3.400,-283.001,548.737,3.400,-273.776,552.823,5.200,-273.776,548.737,3.400,-283.001,556.908,3.400,-283.001,548.737,3.400,-273.776,556.908,3.400,-283.001,556.908,3.400,-273.776,548.737,3.400,-273.776;;4d5560T2048
Mesh;60;;584.490,5.671,-283.298,584.490,5.671,-272.702,595.510,5.671,-283.298,584.490,5.671,-272.702,595.510,5.671,-272.702,595.510,5.671,-283.298,583.866,5.671,-283.875,583.866,5.671,-272.125,583.866,8.352,-278.000,596.134,8.352,-278.000,596.134,5.671,-272.125,596.134,5.671,-283.875,583.866,5.671,-283.875,583.866,8.352,-278.000,596.134,5.671,-283.875,583.866,8.352,-278.000,596.134,8.352,-278.000,596.134,5.671,-283.875,583.866,8.352,-278.000,583.866,5.671,-272.125,596.134,8.352,-278.000,583.866,5.671,-272.125,596.134,5.671,-272.125,596.134,8.352,-278.000,583.866,5.671,-272.125,583.866,5.671,-283.875,596.134,5.671,-272.125,583.866,5.671,-283.875,596.134,5.671,-283.875,596.134,5.671,-272.125,595.010,3.400,-282.007,595.010,3.400,-273.530,601.070,3.400,-282.007,595.010,3.400,-273.530,601.070,3.400,-273.530,601.070,3.400,-282.007,601.670,3.400,-282.607,594.410,3.400,-282.607,598.040,5.200,-282.607,598.040,5.200,-272.930,594.410,3.400,-272.930,601.670,3.400,-272.930,601.670,3.400,-282.607,598.040,5.200,-282.607,601.670,3.400,-272.930,598.040,5.200,-282.607,598.040,5.200,-272.930,601.670,3.400,-272.930,598.040,5.200,-282.607,594.410,3.400,-282.607,598.040,5.200,-272.930,594.410,3.400,-282.607,594.410,3.400,-272.930,598.040,5.200,-272.930,594.410,3.400,-282.607,601.670,3.400,-282.607,594.410,3.400,-272.930,601.670,3.400,-282.607,601.670,3.400,-272.930,594.410,3.400,-272.930;;6d4c3dT2048
Mesh;60;;630.895,5.536,-282.668,630.895,5.536,-273.332,642.105,5.536,-282.668,630.895,5.536,-273.332,642.105,5.536,-273.332,642.105,5.536,-282.668,642.705,5.536,-283.268,630.295,5.536,-283.268,636.500,9.018,-283.268,636.500,9.018,-272.732,630.295,5.536,-272.732,642.705,5.536,-272.732,642.705,5.536,-283.268,636.500,9.018,-283.268,642.705,5.536,-272.732,636.500,9.018,-283.268,636.500,9.018,-272.732,642.705,5.536,-272.732,636.500,9.018,-283.268,630.295,5.536,-283.268,636.500,9.018,-272.732,630.295,5.536,-283.268,630.295,5.536,-272.732,636.500,9.018,-272.732,630.295,5.536,-283.268,642.705,5.536,-283.268,630.295,5.536,-272.732,642.705,5.536,-283.268,642.705,5.536,-272.732,630.295,5.536,-272.732,641.605,3.400,-281.696,641.605,3.400,-274.227,647.771,3.400,-281.696,641.605,3.400,-274.227,647.771,3.400,-274.227,647.771,3.400,-281.696,648.371,3.400,-282.296,641.005,3.400,-282.296,644.688,5.200,-282.296,644.688,5.200,-273.627,641.005,3.400,-273.627,648.371,3.400,-273.627,648.371,3.400,-282.296,644.688,5.200,-282.296,648.371,3.400,-273.627,644.688,5.200,-282.296,644.688,5.200,-273.627,648.371,3.400,-273.627,644.688,5.200,-282.296,641.005,3.400,-282.296,644.688,5.200,-273.627,641.005,3.400,-282.296,641.005,3.400,-273.627,644.688,5.200,-273.627,641.005,3.400,-282.296,648.371,3.400,-282.296,641.005,3.400,-273.627,648.371,3.400,-282.296,648.371,3.400,-273.627,641.005,3.400,-273.627;;5a5048T2048
Mesh;36;;640.363,9.229,-279.367,640.363,6.429,-279.367,640.363,9.229,-280.367,640.363,6.429,-279.367,640.363,6.429,-280.367,640.363,9.229,-280.367,639.363,9.229,-280.367,639.363,6.429,-280.367,639.363,9.229,-279.367,639.363,6.429,-280.367,639.363,6.429,-279.367,639.363,9.229,-279.367,639.363,9.229,-280.367,639.363,9.229,-279.367,640.363,9.229,-280.367,639.363,9.229,-279.367,640.363,9.229,-279.367,640.363,9.229,-280.367,639.363,6.429,-279.367,639.363,6.429,-280.367,640.363,6.429,-279.367,639.363,6.429,-280.367,640.363,6.429,-280.367,640.363,6.429,-279.367,639.363,9.229,-279.367,639.363,6.429,-279.367,640.363,9.229,-279.367,639.363,6.429,-279.367,640.363,6.429,-279.367,640.363,9.229,-279.367,640.363,9.229,-280.367,640.363,6.429,-280.367,639.363,9.229,-280.367,640.363,6.429,-280.367,639.363,6.429,-280.367,639.363,9.229,-280.367;;ffffffT128
Mesh;60;;676.533,5.434,-282.773,676.533,5.434,-273.227,689.467,5.434,-282.773,676.533,5.434,-273.227,689.467,5.434,-273.227,689.467,5.434,-282.773,690.067,5.434,-283.373,675.933,5.434,-283.373,683.000,8.884,-283.373,683.000,8.884,-272.627,675.933,5.434,-272.627,690.067,5.434,-272.627,690.067,5.434,-283.373,683.000,8.884,-283.373,690.067,5.434,-272.627,683.000,8.884,-283.373,683.000,8.884,-272.627,690.067,5.434,-272.627,683.000,8.884,-283.373,675.933,5.434,-283.373,683.000,8.884,-272.627,675.933,5.434,-283.373,675.933,5.434,-272.627,683.000,8.884,-272.627,675.933,5.434,-283.373,690.067,5.434,-283.373,675.933,5.434,-272.627,690.067,5.434,-283.373,690.067,5.434,-272.627,675.933,5.434,-272.627,688.967,3.400,-283.152,688.967,3.400,-275.515,696.081,3.400,-283.152,688.967,3.400,-275.515,696.081,3.400,-275.515,696.081,3.400,-283.152,696.681,3.400,-283.752,688.367,3.400,-283.752,692.524,5.200,-283.752,692.524,5.200,-274.915,688.367,3.400,-274.915,696.681,3.400,-274.915,696.681,3.400,-283.752,692.524,5.200,-283.752,696.681,3.400,-274.915,692.524,5.200,-283.752,692.524,5.200,-274.915,696.681,3.400,-274.915,692.524,5.200,-283.752,688.367,3.400,-283.752,692.524,5.200,-274.915,688.367,3.400,-283.752,688.367,3.400,-274.915,692.524,5.200,-274.915,688.367,3.400,-283.752,696.681,3.400,-283.752,688.367,3.400,-274.915,696.681,3.400,-283.752,696.681,3.400,-274.915,688.367,3.400,-274.915;;5a5048T2048
Mesh;60;;723.243,5.051,-283.269,723.243,5.051,-272.731,735.757,5.051,-283.269,723.243,5.051,-272.731,735.757,5.051,-272.731,735.757,5.051,-283.269,722.531,5.051,-283.774,722.531,5.051,-272.226,722.531,7.969,-278.000,736.469,7.969,-278.000,736.469,5.051,-272.226,736.469,5.051,-283.774,722.531,5.051,-283.774,722.531,7.969,-278.000,736.469,5.051,-283.774,722.531,7.969,-278.000,736.469,7.969,-278.000,736.469,5.051,-283.774,722.531,7.969,-278.000,722.531,5.051,-272.226,736.469,7.969,-278.000,722.531,5.051,-272.226,736.469,5.051,-272.226,736.469,7.969,-278.000,722.531,5.051,-272.226,722.531,5.051,-283.774,736.469,5.051,-272.226,722.531,5.051,-283.774,736.469,5.051,-283.774,736.469,5.051,-272.226,735.257,3.400,-282.432,735.257,3.400,-274.002,742.139,3.400,-282.432,735.257,3.400,-274.002,742.139,3.400,-274.002,742.139,3.400,-282.432,742.739,3.400,-283.032,734.657,3.400,-283.032,738.698,5.200,-283.032,738.698,5.200,-273.402,734.657,3.400,-273.402,742.739,3.400,-273.402,742.739,3.400,-283.032,738.698,5.200,-283.032,742.739,3.400,-273.402,738.698,5.200,-283.032,738.698,5.200,-273.402,742.739,3.400,-273.402,738.698,5.200,-283.032,734.657,3.400,-283.032,738.698,5.200,-273.402,734.657,3.400,-283.032,734.657,3.400,-273.402,738.698,5.200,-273.402,734.657,3.400,-283.032,742.739,3.400,-283.032,734.657,3.400,-273.402,742.739,3.400,-283.032,742.739,3.400,-273.402,734.657,3.400,-273.402;;54504aT2048
Mesh;36;;733.754,8.518,-279.607,733.754,5.718,-279.607,733.754,8.518,-280.607,733.754,5.718,-279.607,733.754,5.718,-280.607,733.754,8.518,-280.607,732.754,8.518,-280.607,732.754,5.718,-280.607,732.754,8.518,-279.607,732.754,5.718,-280.607,732.754,5.718,-279.607,732.754,8.518,-279.607,732.754,8.518,-280.607,732.754,8.518,-279.607,733.754,8.518,-280.607,732.754,8.518,-279.607,733.754,8.518,-279.607,733.754,8.518,-280.607,732.754,5.718,-279.607,732.754,5.718,-280.607,733.754,5.718,-279.607,732.754,5.718,-280.607,733.754,5.718,-280.607,733.754,5.718,-279.607,732.754,8.518,-279.607,732.754,5.718,-279.607,733.754,8.518,-279.607,732.754,5.718,-279.607,733.754,5.718,-279.607,733.754,8.518,-279.607,733.754,8.518,-280.607,733.754,5.718,-280.607,732.754,8.518,-280.607,733.754,5.718,-280.607,732.754,5.718,-280.607,732.754,8.518,-280.607;;ffffffT128
Mesh;60;;770.494,5.969,-282.958,770.494,5.969,-273.042,781.506,5.969,-282.958,770.494,5.969,-273.042,781.506,5.969,-273.042,781.506,5.969,-282.958,782.106,5.969,-283.558,769.894,5.969,-283.558,776.000,9.318,-283.558,776.000,9.318,-272.442,769.894,5.969,-272.442,782.106,5.969,-272.442,782.106,5.969,-283.558,776.000,9.318,-283.558,782.106,5.969,-272.442,776.000,9.318,-283.558,776.000,9.318,-272.442,782.106,5.969,-272.442,776.000,9.318,-283.558,769.894,5.969,-283.558,776.000,9.318,-272.442,769.894,5.969,-283.558,769.894,5.969,-272.442,776.000,9.318,-272.442,769.894,5.969,-283.558,782.106,5.969,-283.558,769.894,5.969,-272.442,782.106,5.969,-283.558,782.106,5.969,-272.442,769.894,5.969,-272.442,781.006,3.400,-282.210,781.006,3.400,-274.277,787.062,3.400,-282.210,781.006,3.400,-274.277,787.062,3.400,-274.277,787.062,3.400,-282.210,787.662,3.400,-282.810,780.406,3.400,-282.810,784.034,5.200,-282.810,784.034,5.200,-273.677,780.406,3.400,-273.677,787.662,3.400,-273.677,787.662,3.400,-282.810,784.034,5.200,-282.810,787.662,3.400,-273.677,784.034,5.200,-282.810,784.034,5.200,-273.677,787.662,3.400,-273.677,784.034,5.200,-282.810,780.406,3.400,-282.810,784.034,5.200,-273.677,780.406,3.400,-282.810,780.406,3.400,-273.677,784.034,5.200,-273.677,780.406,3.400,-282.810,787.662,3.400,-282.810,780.406,3.400,-273.677,787.662,3.400,-282.810,787.662,3.400,-273.677,780.406,3.400,-273.677;;4d5560T2048
Mesh;36;;779.803,9.609,-279.483,779.803,6.809,-279.483,779.803,9.609,-280.483,779.803,6.809,-279.483,779.803,6.809,-280.483,779.803,9.609,-280.483,778.803,9.609,-280.483,778.803,6.809,-280.483,778.803,9.609,-279.483,778.803,6.809,-280.483,778.803,6.809,-279.483,778.803,9.609,-279.483,778.803,9.609,-280.483,778.803,9.609,-279.483,779.803,9.609,-280.483,778.803,9.609,-279.483,779.803,9.609,-279.483,779.803,9.609,-280.483,778.803,6.809,-279.483,778.803,6.809,-280.483,779.803,6.809,-279.483,778.803,6.809,-280.483,779.803,6.809,-280.483,779.803,6.809,-279.483,778.803,9.609,-279.483,778.803,6.809,-279.483,779.803,9.609,-279.483,778.803,6.809,-279.483,779.803,6.809,-279.483,779.803,9.609,-279.483,779.803,9.609,-280.483,779.803,6.809,-280.483,778.803,9.609,-280.483,779.803,6.809,-280.483,778.803,6.809,-280.483,778.803,9.609,-280.483;;ffffffT128
Mesh;60;;382.080,5.001,-509.711,382.080,5.001,-500.289,393.920,5.001,-509.711,382.080,5.001,-500.289,393.920,5.001,-500.289,393.920,5.001,-509.711,394.520,5.001,-510.311,381.480,5.001,-510.311,388.000,7.713,-510.311,388.000,7.713,-499.689,381.480,5.001,-499.689,394.520,5.001,-499.689,394.520,5.001,-510.311,388.000,7.713,-510.311,394.520,5.001,-499.689,388.000,7.713,-510.311,388.000,7.713,-499.689,394.520,5.001,-499.689,388.000,7.713,-510.311,381.480,5.001,-510.311,388.000,7.713,-499.689,381.480,5.001,-510.311,381.480,5.001,-499.689,388.000,7.713,-499.689,381.480,5.001,-510.311,394.520,5.001,-510.311,381.480,5.001,-499.689,394.520,5.001,-510.311,394.520,5.001,-499.689,381.480,5.001,-499.689,393.420,3.400,-510.173,393.420,3.400,-502.635,399.932,3.400,-510.173,393.420,3.400,-502.635,399.932,3.400,-502.635,399.932,3.400,-510.173,400.532,3.400,-510.773,392.820,3.400,-510.773,396.676,5.200,-510.773,396.676,5.200,-502.035,392.820,3.400,-502.035,400.532,3.400,-502.035,400.532,3.400,-510.773,396.676,5.200,-510.773,400.532,3.400,-502.035,396.676,5.200,-510.773,396.676,5.200,-502.035,400.532,3.400,-502.035,396.676,5.200,-510.773,392.820,3.400,-510.773,396.676,5.200,-502.035,392.820,3.400,-510.773,392.820,3.400,-502.035,396.676,5.200,-502.035,392.820,3.400,-510.773,400.532,3.400,-510.773,392.820,3.400,-502.035,400.532,3.400,-510.773,400.532,3.400,-502.035,392.820,3.400,-502.035;;6b5a4dT2048
Mesh;36;;392.052,8.386,-506.385,392.052,5.586,-506.385,392.052,8.386,-507.385,392.052,5.586,-506.385,392.052,5.586,-507.385,392.052,8.386,-507.385,391.052,8.386,-507.385,391.052,5.586,-507.385,391.052,8.386,-506.385,391.052,5.586,-507.385,391.052,5.586,-506.385,391.052,8.386,-506.385,391.052,8.386,-507.385,391.052,8.386,-506.385,392.052,8.386,-507.385,391.052,8.386,-506.385,392.052,8.386,-506.385,392.052,8.386,-507.385,391.052,5.586,-506.385,391.052,5.586,-507.385,392.052,5.586,-506.385,391.052,5.586,-507.385,392.052,5.586,-507.385,392.052,5.586,-506.385,391.052,8.386,-506.385,391.052,5.586,-506.385,392.052,8.386,-506.385,391.052,5.586,-506.385,392.052,5.586,-506.385,392.052,8.386,-506.385,392.052,8.386,-507.385,392.052,5.586,-507.385,391.052,8.386,-507.385,392.052,5.586,-507.385,391.052,5.586,-507.385,391.052,8.386,-507.385;;ffffffT128
Mesh;60;;421.772,5.819,-510.393,421.772,5.819,-499.607,434.228,5.819,-510.393,421.772,5.819,-499.607,434.228,5.819,-499.607,434.228,5.819,-510.393,434.828,5.819,-510.993,421.172,5.819,-510.993,428.000,9.162,-510.993,428.000,9.162,-499.007,421.172,5.819,-499.007,434.828,5.819,-499.007,434.828,5.819,-510.993,428.000,9.162,-510.993,434.828,5.819,-499.007,428.000,9.162,-510.993,428.000,9.162,-499.007,434.828,5.819,-499.007,428.000,9.162,-510.993,421.172,5.819,-510.993,428.000,9.162,-499.007,421.172,5.819,-510.993,421.172,5.819,-499.007,428.000,9.162,-499.007,421.172,5.819,-510.993,434.828,5.819,-510.993,421.172,5.819,-499.007,434.828,5.819,-510.993,434.828,5.819,-499.007,421.172,5.819,-499.007,433.728,3.400,-510.799,433.728,3.400,-502.171,440.579,3.400,-510.799,433.728,3.400,-502.171,440.579,3.400,-502.171,440.579,3.400,-510.799,441.179,3.400,-511.399,433.128,3.400,-511.399,437.154,5.200,-511.399,437.154,5.200,-501.571,433.128,3.400,-501.571,441.179,3.400,-501.571,441.179,3.400,-511.399,437.154,5.200,-511.399,441.179,3.400,-501.571,437.154,5.200,-511.399,437.154,5.200,-501.571,441.179,3.400,-501.571,437.154,5.200,-511.399,433.128,3.400,-511.399,437.154,5.200,-501.571,433.128,3.400,-511.399,433.128,3.400,-501.571,437.154,5.200,-501.571,433.128,3.400,-511.399,441.179,3.400,-511.399,433.128,3.400,-501.571,441.179,3.400,-511.399,441.179,3.400,-501.571,433.128,3.400,-501.571;;6b5a4dT2048
Mesh;36;;432.237,9.456,-506.657,432.237,6.656,-506.657,432.237,9.456,-507.657,432.237,6.656,-506.657,432.237,6.656,-507.657,432.237,9.456,-507.657,431.237,9.456,-507.657,431.237,6.656,-507.657,431.237,9.456,-506.657,431.237,6.656,-507.657,431.237,6.656,-506.657,431.237,9.456,-506.657,431.237,9.456,-507.657,431.237,9.456,-506.657,432.237,9.456,-507.657,431.237,9.456,-506.657,432.237,9.456,-506.657,432.237,9.456,-507.657,431.237,6.656,-506.657,431.237,6.656,-507.657,432.237,6.656,-506.657,431.237,6.656,-507.657,432.237,6.656,-507.657,432.237,6.656,-506.657,431.237,9.456,-506.657,431.237,6.656,-506.657,432.237,9.456,-506.657,431.237,6.656,-506.657,432.237,6.656,-506.657,432.237,9.456,-506.657,432.237,9.456,-507.657,432.237,6.656,-507.657,431.237,9.456,-507.657,432.237,6.656,-507.657,431.237,6.656,-507.657,431.237,9.456,-507.657;;ffffffT128
Mesh;60;;461.738,5.222,-510.213,461.738,5.222,-499.787,474.262,5.222,-510.213,461.738,5.222,-499.787,474.262,5.222,-499.787,474.262,5.222,-510.213,461.018,5.222,-510.713,461.018,5.222,-499.287,461.018,8.161,-505.000,474.982,8.161,-505.000,474.982,5.222,-499.287,474.982,5.222,-510.713,461.018,5.222,-510.713,461.018,8.161,-505.000,474.982,5.222,-510.713,461.018,8.161,-505.000,474.982,8.161,-505.000,474.982,5.222,-510.713,461.018,8.161,-505.000,461.018,5.222,-499.287,474.982,8.161,-505.000,461.018,5.222,-499.287,474.982,5.222,-499.287,474.982,8.161,-505.000,461.018,5.222,-499.287,461.018,5.222,-510.713,474.982,5.222,-499.287,461.018,5.222,-510.713,474.982,5.222,-510.713,474.982,5.222,-499.287,473.762,3.400,-510.599,473.762,3.400,-502.258,480.650,3.400,-510.599,473.762,3.400,-502.258,480.650,3.400,-502.258,480.650,3.400,-510.599,481.250,3.400,-511.199,473.162,3.400,-511.199,477.206,5.200,-511.199,477.206,5.200,-501.658,473.162,3.400,-501.658,481.250,3.400,-501.658,481.250,3.400,-511.199,477.206,5.200,-511.199,481.250,3.400,-501.658,477.206,5.200,-511.199,477.206,5.200,-501.658,481.250,3.400,-501.658,477.206,5.200,-511.199,473.162,3.400,-511.199,477.206,5.200,-501.658,473.162,3.400,-511.199,473.162,3.400,-501.658,477.206,5.200,-501.658,473.162,3.400,-511.199,481.250,3.400,-511.199,473.162,3.400,-501.658,481.250,3.400,-511.199,481.250,3.400,-501.658,473.162,3.400,-501.658;;5a5048T2048
Mesh;36;;472.257,8.698,-506.585,472.257,5.898,-506.585,472.257,8.698,-507.585,472.257,5.898,-506.585,472.257,5.898,-507.585,472.257,8.698,-507.585,471.257,8.698,-507.585,471.257,5.898,-507.585,471.257,8.698,-506.585,471.257,5.898,-507.585,471.257,5.898,-506.585,471.257,8.698,-506.585,471.257,8.698,-507.585,471.257,8.698,-506.585,472.257,8.698,-507.585,471.257,8.698,-506.585,472.257,8.698,-506.585,472.257,8.698,-507.585,471.257,5.898,-506.585,471.257,5.898,-507.585,472.257,5.898,-506.585,471.257,5.898,-507.585,472.257,5.898,-507.585,472.257,5.898,-506.585,471.257,8.698,-506.585,471.257,5.898,-506.585,472.257,8.698,-506.585,471.257,5.898,-506.585,472.257,5.898,-506.585,472.257,8.698,-506.585,472.257,8.698,-507.585,472.257,5.898,-507.585,471.257,8.698,-507.585,472.257,5.898,-507.585,471.257,5.898,-507.585,471.257,8.698,-507.585;;ffffffT128
Mesh;60;;502.166,5.070,-510.487,502.166,5.070,-499.513,513.834,5.070,-510.487,502.166,5.070,-499.513,513.834,5.070,-499.513,513.834,5.070,-510.487,501.528,5.070,-511.051,501.528,5.070,-498.949,501.528,7.917,-505.000,514.472,7.917,-505.000,514.472,5.070,-498.949,514.472,5.070,-511.051,501.528,5.070,-511.051,501.528,7.917,-505.000,514.472,5.070,-511.051,501.528,7.917,-505.000,514.472,7.917,-505.000,514.472,5.070,-511.051,501.528,7.917,-505.000,501.528,5.070,-498.949,514.472,7.917,-505.000,501.528,5.070,-498.949,514.472,5.070,-498.949,514.472,7.917,-505.000,501.528,5.070,-498.949,501.528,5.070,-511.051,514.472,5.070,-498.949,501.528,5.070,-511.051,514.472,5.070,-511.051,514.472,5.070,-498.949,513.334,3.400,-508.141,513.334,3.400,-499.362,519.751,3.400,-508.141,513.334,3.400,-499.362,519.751,3.400,-499.362,519.751,3.400,-508.141,520.351,3.400,-508.741,512.734,3.400,-508.741,516.542,5.200,-508.741,516.542,5.200,-498.762,512.734,3.400,-498.762,520.351,3.400,-498.762,520.351,3.400,-508.741,516.542,5.200,-508.741,520.351,3.400,-498.762,516.542,5.200,-508.741,516.542,5.200,-498.762,520.351,3.400,-498.762,516.542,5.200,-508.741,512.734,3.400,-508.741,516.542,5.200,-498.762,512.734,3.400,-508.741,512.734,3.400,-498.762,516.542,5.200,-498.762,512.734,3.400,-508.741,520.351,3.400,-508.741,512.734,3.400,-498.762,520.351,3.400,-508.741,520.351,3.400,-498.762,512.734,3.400,-498.762;;5a5048T2048
Mesh;60;;393.947,5.133,-410.183,393.947,5.133,-419.817,382.053,5.133,-410.183,393.947,5.133,-419.817,382.053,5.133,-419.817,382.053,5.133,-410.183,394.688,5.133,-409.697,394.688,5.133,-420.303,394.688,8.501,-415.000,381.312,8.501,-415.000,381.312,5.133,-420.303,381.312,5.133,-409.697,394.688,5.133,-409.697,394.688,8.501,-415.000,381.312,5.133,-409.697,394.688,8.501,-415.000,381.312,8.501,-415.000,381.312,5.133,-409.697,394.688,8.501,-415.000,394.688,5.133,-420.303,381.312,8.501,-415.000,394.688,5.133,-420.303,381.312,5.133,-420.303,381.312,8.501,-415.000,394.688,5.133,-420.303,394.688,5.133,-409.697,381.312,5.133,-420.303,394.688,5.133,-409.697,381.312,5.133,-409.697,381.312,5.133,-420.303,382.553,3.400,-410.087,382.553,3.400,-417.794,376.011,3.400,-410.087,382.553,3.400,-417.794,376.011,3.400,-417.794,376.011,3.400,-410.087,375.411,3.400,-409.487,383.153,3.400,-409.487,379.282,5.200,-409.487,379.282,5.200,-418.394,383.153,3.400,-418.394,375.411,3.400,-418.394,375.411,3.400,-409.487,379.282,5.200,-409.487,375.411,3.400,-418.394,379.282,5.200,-409.487,379.282,5.200,-418.394,375.411,3.400,-418.394,379.282,5.200,-409.487,383.153,3.400,-409.487,379.282,5.200,-418.394,383.153,3.400,-409.487,383.153,3.400,-418.394,379.282,5.200,-418.394,383.153,3.400,-409.487,375.411,3.400,-409.487,383.153,3.400,-418.394,375.411,3.400,-409.487,375.411,3.400,-418.394,383.153,3.400,-418.394;;6d4c3dT2048
Mesh;36;;383.932,8.781,-413.573,383.932,5.981,-413.573,383.932,8.781,-412.573,383.932,5.981,-413.573,383.932,5.981,-412.573,383.932,8.781,-412.573,384.932,8.781,-412.573,384.932,5.981,-412.573,384.932,8.781,-413.573,384.932,5.981,-412.573,384.932,5.981,-413.573,384.932,8.781,-413.573,384.932,8.781,-412.573,384.932,8.781,-413.573,383.932,8.781,-412.573,384.932,8.781,-413.573,383.932,8.781,-413.573,383.932,8.781,-412.573,384.932,5.981,-413.573,384.932,5.981,-412.573,383.932,5.981,-413.573,384.932,5.981,-412.573,383.932,5.981,-412.573,383.932,5.981,-413.573,384.932,8.781,-413.573,384.932,5.981,-413.573,383.932,8.781,-413.573,384.932,5.981,-413.573,383.932,5.981,-413.573,383.932,8.781,-413.573,383.932,8.781,-412.573,383.932,5.981,-412.573,384.932,8.781,-412.573,383.932,5.981,-412.573,384.932,5.981,-412.573,384.932,8.781,-412.573;;ffffffT128
Mesh;60;;433.588,5.555,-410.011,433.588,5.555,-419.989,421.079,5.555,-410.011,433.588,5.555,-419.989,421.079,5.555,-419.989,421.079,5.555,-410.011,434.340,5.555,-409.532,434.340,5.555,-420.468,434.340,8.374,-415.000,420.327,8.374,-415.000,420.327,5.555,-420.468,420.327,5.555,-409.532,434.340,5.555,-409.532,434.340,8.374,-415.000,420.327,5.555,-409.532,434.340,8.374,-415.000,420.327,8.374,-415.000,420.327,5.555,-409.532,434.340,8.374,-415.000,434.340,5.555,-420.468,420.327,8.374,-415.000,434.340,5.555,-420.468,420.327,5.555,-420.468,420.327,8.374,-415.000,434.340,5.555,-420.468,434.340,5.555,-409.532,420.327,5.555,-420.468,434.340,5.555,-409.532,420.327,5.555,-409.532,420.327,5.555,-420.468,421.579,3.400,-411.652,421.579,3.400,-419.635,414.699,3.400,-411.652,421.579,3.400,-419.635,414.699,3.400,-419.635,414.699,3.400,-411.652,414.099,3.400,-411.052,422.179,3.400,-411.052,418.139,5.200,-411.052,418.139,5.200,-420.235,422.179,3.400,-420.235,414.099,3.400,-420.235,414.099,3.400,-411.052,418.139,5.200,-411.052,414.099,3.400,-420.235,418.139,5.200,-411.052,418.139,5.200,-420.235,414.099,3.400,-420.235,418.139,5.200,-411.052,422.179,3.400,-411.052,418.139,5.200,-420.235,422.179,3.400,-411.052,422.179,3.400,-420.235,418.139,5.200,-420.235,422.179,3.400,-411.052,414.099,3.400,-411.052,422.179,3.400,-420.235,414.099,3.400,-411.052,414.099,3.400,-420.235,422.179,3.400,-420.235;;6d4c3dT2048
Mesh;60;;472.211,5.122,-409.605,472.211,5.122,-420.395,461.122,5.122,-409.605,472.211,5.122,-420.395,461.122,5.122,-420.395,461.122,5.122,-409.605,460.522,5.122,-409.005,472.811,5.122,-409.005,466.667,8.171,-409.005,466.667,8.171,-420.995,472.811,5.122,-420.995,460.522,5.122,-420.995,460.522,5.122,-409.005,466.667,8.171,-409.005,460.522,5.122,-420.995,466.667,8.171,-409.005,466.667,8.171,-420.995,460.522,5.122,-420.995,466.667,8.171,-409.005,472.811,5.122,-409.005,466.667,8.171,-420.995,472.811,5.122,-409.005,472.811,5.122,-420.995,466.667,8.171,-420.995,472.811,5.122,-409.005,460.522,5.122,-409.005,472.811,5.122,-420.995,460.522,5.122,-409.005,460.522,5.122,-420.995,472.811,5.122,-420.995,461.622,3.400,-409.215,461.622,3.400,-417.847,455.524,3.400,-409.215,461.622,3.400,-417.847,455.524,3.400,-417.847,455.524,3.400,-409.215,454.924,3.400,-408.615,462.222,3.400,-408.615,458.573,5.200,-408.615,458.573,5.200,-418.447,462.222,3.400,-418.447,454.924,3.400,-418.447,454.924,3.400,-408.615,458.573,5.200,-408.615,454.924,3.400,-418.447,458.573,5.200,-408.615,458.573,5.200,-418.447,454.924,3.400,-418.447,458.573,5.200,-408.615,462.222,3.400,-408.615,458.573,5.200,-418.447,462.222,3.400,-408.615,462.222,3.400,-418.447,458.573,5.200,-418.447,462.222,3.400,-408.615,454.924,3.400,-408.615,462.222,3.400,-418.447,454.924,3.400,-408.615,454.924,3.400,-418.447,462.222,3.400,-418.447;;6d4c3dT2048
Mesh;36;;462.840,8.642,-413.342,462.840,5.842,-413.342,462.840,8.642,-412.342,462.840,5.842,-413.342,462.840,5.842,-412.342,462.840,8.642,-412.342,463.840,8.642,-412.342,463.840,5.842,-412.342,463.840,8.642,-413.342,463.840,5.842,-412.342,463.840,5.842,-413.342,463.840,8.642,-413.342,463.840,8.642,-412.342,463.840,8.642,-413.342,462.840,8.642,-412.342,463.840,8.642,-413.342,462.840,8.642,-413.342,462.840,8.642,-412.342,463.840,5.842,-413.342,463.840,5.842,-412.342,462.840,5.842,-413.342,463.840,5.842,-412.342,462.840,5.842,-412.342,462.840,5.842,-413.342,463.840,8.642,-413.342,463.840,5.842,-413.342,462.840,8.642,-413.342,463.840,5.842,-413.342,462.840,5.842,-413.342,462.840,8.642,-413.342,462.840,8.642,-412.342,462.840,5.842,-412.342,463.840,8.642,-412.342,462.840,5.842,-412.342,463.840,5.842,-412.342,463.840,8.642,-412.342;;ffffffT128
Mesh;60;;512.300,5.014,-409.835,512.300,5.014,-420.165,499.700,5.014,-409.835,512.300,5.014,-420.165,499.700,5.014,-420.165,499.700,5.014,-409.835,513.031,5.014,-409.343,513.031,5.014,-420.657,513.031,8.719,-415.000,498.969,8.719,-415.000,498.969,5.014,-420.657,498.969,5.014,-409.343,513.031,5.014,-409.343,513.031,8.719,-415.000,498.969,5.014,-409.343,513.031,8.719,-415.000,498.969,8.719,-415.000,498.969,5.014,-409.343,513.031,8.719,-415.000,513.031,5.014,-420.657,498.969,8.719,-415.000,513.031,5.014,-420.657,498.969,5.014,-420.657,498.969,8.719,-415.000,513.031,5.014,-420.657,513.031,5.014,-409.343,498.969,5.014,-420.657,513.031,5.014,-409.343,498.969,5.014,-409.343,498.969,5.014,-420.657,500.200,3.400,-409.361,500.200,3.400,-417.625,493.271,3.400,-409.361,500.200,3.400,-417.625,493.271,3.400,-417.625,493.271,3.400,-409.361,492.671,3.400,-408.761,500.800,3.400,-408.761,496.736,5.200,-408.761,496.736,5.200,-418.225,500.800,3.400,-418.225,492.671,3.400,-418.225,492.671,3.400,-408.761,496.736,5.200,-408.761,492.671,3.400,-418.225,496.736,5.200,-408.761,496.736,5.200,-418.225,492.671,3.400,-418.225,496.736,5.200,-408.761,500.800,3.400,-408.761,496.736,5.200,-418.225,500.800,3.400,-408.761,500.800,3.400,-418.225,496.736,5.200,-418.225,500.800,3.400,-408.761,492.671,3.400,-408.761,500.800,3.400,-418.225,492.671,3.400,-408.761,492.671,3.400,-418.225,500.800,3.400,-418.225;;6b5a4dT2048
Mesh;60;;551.802,5.153,-410.024,551.802,5.153,-419.976,538.865,5.153,-410.024,551.802,5.153,-419.976,538.865,5.153,-419.976,538.865,5.153,-410.024,552.582,5.153,-409.562,552.582,5.153,-420.438,552.582,8.668,-415.000,538.085,8.668,-415.000,538.085,5.153,-420.438,538.085,5.153,-409.562,552.582,5.153,-409.562,552.582,8.668,-415.000,538.085,5.153,-409.562,552.582,8.668,-415.000,538.085,8.668,-415.000,538.085,5.153,-409.562,552.582,8.668,-415.000,552.582,5.153,-420.438,538.085,8.668,-415.000,552.582,5.153,-420.438,538.085,5.153,-420.438,538.085,8.668,-415.000,552.582,5.153,-420.438,552.582,5.153,-409.562,538.085,5.153,-420.438,552.582,5.153,-409.562,538.085,5.153,-409.562,538.085,5.153,-420.438,539.365,3.400,-409.596,539.365,3.400,-417.558,532.249,3.400,-409.596,539.365,3.400,-417.558,532.249,3.400,-417.558,532.249,3.400,-409.596,531.649,3.400,-408.996,539.965,3.400,-408.996,535.807,5.200,-408.996,535.807,5.200,-418.158,539.965,3.400,-418.158,531.649,3.400,-418.158,531.649,3.400,-408.996,535.807,5.200,-408.996,531.649,3.400,-418.158,535.807,5.200,-408.996,535.807,5.200,-418.158,531.649,3.400,-418.158,535.807,5.200,-408.996,539.965,3.400,-408.996,535.807,5.200,-418.158,539.965,3.400,-408.996,539.965,3.400,-418.158,535.807,5.200,-418.158,539.965,3.400,-408.996,531.649,3.400,-408.996,539.965,3.400,-418.158,531.649,3.400,-408.996,531.649,3.400,-418.158,539.965,3.400,-418.158;;6d4c3dT2048
Mesh;36;;540.952,8.859,-413.509,540.952,6.059,-413.509,540.952,8.859,-412.509,540.952,6.059,-413.509,540.952,6.059,-412.509,540.952,8.859,-412.509,541.952,8.859,-412.509,541.952,6.059,-412.509,541.952,8.859,-413.509,541.952,6.059,-412.509,541.952,6.059,-413.509,541.952,8.859,-413.509,541.952,8.859,-412.509,541.952,8.859,-413.509,540.952,8.859,-412.509,541.952,8.859,-413.509,540.952,8.859,-413.509,540.952,8.859,-412.509,541.952,6.059,-413.509,541.952,6.059,-412.509,540.952,6.059,-413.509,541.952,6.059,-412.509,540.952,6.059,-412.509,540.952,6.059,-413.509,541.952,8.859,-413.509,541.952,6.059,-413.509,540.952,8.859,-413.509,541.952,6.059,-413.509,540.952,6.059,-413.509,540.952,8.859,-413.509,540.952,8.859,-412.509,540.952,6.059,-412.509,541.952,8.859,-412.509,540.952,6.059,-412.509,541.952,6.059,-412.509,541.952,8.859,-412.509;;ffffffT128
Mesh;60;;590.750,5.161,-410.052,590.750,5.161,-419.948,578.583,5.161,-410.052,590.750,5.161,-419.948,578.583,5.161,-419.948,578.583,5.161,-410.052,577.983,5.161,-409.452,591.350,5.161,-409.452,584.667,7.933,-409.452,584.667,7.933,-420.548,591.350,5.161,-420.548,577.983,5.161,-420.548,577.983,5.161,-409.452,584.667,7.933,-409.452,577.983,5.161,-420.548,584.667,7.933,-409.452,584.667,7.933,-420.548,577.983,5.161,-420.548,584.667,7.933,-409.452,591.350,5.161,-409.452,584.667,7.933,-420.548,591.350,5.161,-409.452,591.350,5.161,-420.548,584.667,7.933,-420.548,591.350,5.161,-409.452,577.983,5.161,-409.452,591.350,5.161,-420.548,577.983,5.161,-409.452,577.983,5.161,-420.548,591.350,5.161,-420.548,579.083,3.400,-409.979,579.083,3.400,-417.896,572.392,3.400,-409.979,579.083,3.400,-417.896,572.392,3.400,-417.896,572.392,3.400,-409.979,571.792,3.400,-409.379,579.683,3.400,-409.379,575.738,5.200,-409.379,575.738,5.200,-418.496,579.683,3.400,-418.496,571.792,3.400,-418.496,571.792,3.400,-409.379,575.738,5.200,-409.379,571.792,3.400,-418.496,575.738,5.200,-409.379,575.738,5.200,-418.496,571.792,3.400,-418.496,575.738,5.200,-409.379,579.683,3.400,-409.379,575.738,5.200,-418.496,579.683,3.400,-409.379,579.683,3.400,-418.496,575.738,5.200,-418.496,579.683,3.400,-409.379,571.792,3.400,-409.379,579.683,3.400,-418.496,571.792,3.400,-409.379,571.792,3.400,-418.496,579.683,3.400,-418.496;;5a5048T2048
Mesh;36;;580.517,8.570,-413.521,580.517,5.770,-413.521,580.517,8.570,-412.521,580.517,5.770,-413.521,580.517,5.770,-412.521,580.517,8.570,-412.521,581.517,8.570,-412.521,581.517,5.770,-412.521,581.517,8.570,-413.521,581.517,5.770,-412.521,581.517,5.770,-413.521,581.517,8.570,-413.521,581.517,8.570,-412.521,581.517,8.570,-413.521,580.517,8.570,-412.521,581.517,8.570,-413.521,580.517,8.570,-413.521,580.517,8.570,-412.521,581.517,5.770,-413.521,581.517,5.770,-412.521,580.517,5.770,-413.521,581.517,5.770,-412.521,580.517,5.770,-412.521,580.517,5.770,-413.521,581.517,8.570,-413.521,581.517,5.770,-413.521,580.517,8.570,-413.521,581.517,5.770,-413.521,580.517,5.770,-413.521,580.517,8.570,-413.521,580.517,8.570,-412.521,580.517,5.770,-412.521,581.517,8.570,-412.521,580.517,5.770,-412.521,581.517,5.770,-412.521,581.517,8.570,-412.521;;ffffffT128
Mesh;60;;630.302,5.855,-410.124,630.302,5.855,-419.876,617.698,5.855,-410.124,630.302,5.855,-419.876,617.698,5.855,-419.876,617.698,5.855,-410.124,617.098,5.855,-409.524,630.902,5.855,-409.524,624.000,9.504,-409.524,624.000,9.504,-420.476,630.902,5.855,-420.476,617.098,5.855,-420.476,617.098,5.855,-409.524,624.000,9.504,-409.524,617.098,5.855,-420.476,624.000,9.504,-409.524,624.000,9.504,-420.476,617.098,5.855,-420.476,624.000,9.504,-409.524,630.902,5.855,-409.524,624.000,9.504,-420.476,630.902,5.855,-409.524,630.902,5.855,-420.476,624.000,9.504,-420.476,630.902,5.855,-409.524,617.098,5.855,-409.524,630.902,5.855,-420.476,617.098,5.855,-409.524,617.098,5.855,-420.476,630.902,5.855,-420.476,618.198,3.400,-411.882,618.198,3.400,-419.684,611.267,3.400,-411.882,618.198,3.400,-419.684,611.267,3.400,-419.684,611.267,3.400,-411.882,610.667,3.400,-411.282,618.798,3.400,-411.282,614.732,5.200,-411.282,614.732,5.200,-420.284,618.798,3.400,-420.284,610.667,3.400,-420.284,610.667,3.400,-411.282,614.732,5.200,-411.282,610.667,3.400,-420.284,614.732,5.200,-411.282,614.732,5.200,-420.284,610.667,3.400,-420.284,614.732,5.200,-411.282,618.798,3.400,-411.282,614.732,5.200,-420.284,618.798,3.400,-411.282,618.798,3.400,-420.284,614.732,5.200,-420.284,618.798,3.400,-411.282,610.667,3.400,-411.282,618.798,3.400,-420.284,610.667,3.400,-411.282,610.667,3.400,-420.284,618.798,3.400,-420.284;;6d4c3dT2048
Mesh;36;;619.719,9.615,-413.550,619.719,6.815,-413.550,619.719,9.615,-412.550,619.719,6.815,-413.550,619.719,6.815,-412.550,619.719,9.615,-412.550,620.719,9.615,-412.550,620.719,6.815,-412.550,620.719,9.615,-413.550,620.719,6.815,-412.550,620.719,6.815,-413.550,620.719,9.615,-413.550,620.719,9.615,-412.550,620.719,9.615,-413.550,619.719,9.615,-412.550,620.719,9.615,-413.550,619.719,9.615,-413.550,619.719,9.615,-412.550,620.719,6.815,-413.550,620.719,6.815,-412.550,619.719,6.815,-413.550,620.719,6.815,-412.550,619.719,6.815,-412.550,619.719,6.815,-413.550,620.719,9.615,-413.550,620.719,6.815,-413.550,619.719,9.615,-413.550,620.719,6.815,-413.550,619.719,6.815,-413.550,619.719,9.615,-413.550,619.719,9.615,-412.550,619.719,6.815,-412.550,620.719,9.615,-412.550,619.719,6.815,-412.550,620.719,6.815,-412.550,620.719,9.615,-412.550;;ffffffT128
Mesh;60;;665.712,5.077,-509.979,665.712,5.077,-500.021,678.288,5.077,-509.979,665.712,5.077,-500.021,678.288,5.077,-500.021,678.288,5.077,-509.979,678.888,5.077,-510.579,665.112,5.077,-510.579,672.000,8.638,-510.579,672.000,8.638,-499.421,665.112,5.077,-499.421,678.888,5.077,-499.421,678.888,5.077,-510.579,672.000,8.638,-510.579,678.888,5.077,-499.421,672.000,8.638,-510.579,672.000,8.638,-499.421,678.888,5.077,-499.421,672.000,8.638,-510.579,665.112,5.077,-510.579,672.000,8.638,-499.421,665.112,5.077,-510.579,665.112,5.077,-499.421,672.000,8.638,-499.421,665.112,5.077,-510.579,678.888,5.077,-510.579,665.112,5.077,-499.421,678.888,5.077,-510.579,678.888,5.077,-499.421,665.112,5.077,-499.421,677.788,3.400,-507.648,677.788,3.400,-499.681,684.706,3.400,-507.648,677.788,3.400,-499.681,684.706,3.400,-499.681,684.706,3.400,-507.648,685.306,3.400,-508.248,677.188,3.400,-508.248,681.247,5.200,-508.248,681.247,5.200,-499.081,677.188,3.400,-499.081,685.306,3.400,-499.081,685.306,3.400,-508.248,681.247,5.200,-508.248,685.306,3.400,-499.081,681.247,5.200,-508.248,681.247,5.200,-499.081,685.306,3.400,-499.081,681.247,5.200,-508.248,677.188,3.400,-508.248,681.247,5.200,-499.081,677.188,3.400,-508.248,677.188,3.400,-499.081,681.247,5.200,-499.081,677.188,3.400,-508.248,685.306,3.400,-508.248,677.188,3.400,-499.081,685.306,3.400,-508.248,685.306,3.400,-499.081,677.188,3.400,-499.081;;4d5560T2048
Mesh;60;;717.902,5.473,-510.110,717.902,5.473,-499.890,730.098,5.473,-510.110,717.902,5.473,-499.890,730.098,5.473,-499.890,730.098,5.473,-510.110,730.698,5.473,-510.710,717.302,5.473,-510.710,724.000,8.030,-510.710,724.000,8.030,-499.290,717.302,5.473,-499.290,730.698,5.473,-499.290,730.698,5.473,-510.710,724.000,8.030,-510.710,730.698,5.473,-499.290,724.000,8.030,-510.710,724.000,8.030,-499.290,730.698,5.473,-499.290,724.000,8.030,-510.710,717.302,5.473,-510.710,724.000,8.030,-499.290,717.302,5.473,-510.710,717.302,5.473,-499.290,724.000,8.030,-499.290,717.302,5.473,-510.710,730.698,5.473,-510.710,717.302,5.473,-499.290,730.698,5.473,-510.710,730.698,5.473,-499.290,717.302,5.473,-499.290,729.598,3.400,-507.682,729.598,3.400,-499.507,736.306,3.400,-507.682,729.598,3.400,-499.507,736.306,3.400,-499.507,736.306,3.400,-507.682,736.906,3.400,-508.282,728.998,3.400,-508.282,732.952,5.200,-508.282,732.952,5.200,-498.907,728.998,3.400,-498.907,736.906,3.400,-498.907,736.906,3.400,-508.282,732.952,5.200,-508.282,736.906,3.400,-498.907,732.952,5.200,-508.282,732.952,5.200,-498.907,736.906,3.400,-498.907,732.952,5.200,-508.282,728.998,3.400,-508.282,732.952,5.200,-498.907,728.998,3.400,-508.282,728.998,3.400,-498.907,732.952,5.200,-498.907,728.998,3.400,-508.282,736.906,3.400,-508.282,728.998,3.400,-498.907,736.906,3.400,-508.282,736.906,3.400,-498.907,728.998,3.400,-498.907;;6b5a4dT2048
Mesh;60;;769.552,5.594,-510.414,769.552,5.594,-499.586,782.448,5.594,-510.414,769.552,5.594,-499.586,782.448,5.594,-499.586,782.448,5.594,-510.414,768.838,5.594,-510.918,768.838,5.594,-499.082,768.838,8.566,-505.000,783.162,8.566,-505.000,783.162,5.594,-499.082,783.162,5.594,-510.918,768.838,5.594,-510.918,768.838,8.566,-505.000,783.162,5.594,-510.918,768.838,8.566,-505.000,783.162,8.566,-505.000,783.162,5.594,-510.918,768.838,8.566,-505.000,768.838,5.594,-499.082,783.162,8.566,-505.000,768.838,5.594,-499.082,783.162,5.594,-499.082,783.162,8.566,-505.000,768.838,5.594,-499.082,768.838,5.594,-510.918,783.162,5.594,-499.082,768.838,5.594,-510.918,783.162,5.594,-510.918,783.162,5.594,-499.082,781.948,3.400,-507.755,781.948,3.400,-499.093,789.040,3.400,-507.755,781.948,3.400,-499.093,789.040,3.400,-499.093,789.040,3.400,-507.755,789.640,3.400,-508.355,781.348,3.400,-508.355,785.494,5.200,-508.355,785.494,5.200,-498.493,781.348,3.400,-498.493,789.640,3.400,-498.493,789.640,3.400,-508.355,785.494,5.200,-508.355,789.640,3.400,-498.493,785.494,5.200,-508.355,785.494,5.200,-498.493,789.640,3.400,-498.493,785.494,5.200,-508.355,781.348,3.400,-508.355,785.494,5.200,-498.493,781.348,3.400,-508.355,781.348,3.400,-498.493,785.494,5.200,-498.493,781.348,3.400,-508.355,789.640,3.400,-508.355,781.348,3.400,-498.493,789.640,3.400,-508.355,789.640,3.400,-498.493,781.348,3.400,-498.493;;54504aT2048
Mesh;48;;-964.181,0.230,-1272.566,-934.199,0.230,-773.466,-65.801,0.230,-1326.534,-934.199,0.230,-773.466,-35.819,0.230,-827.434,-65.801,0.230,-1326.534,110.797,0.230,-1359.787,90.003,0.230,-840.203,1109.997,0.230,-1319.797,90.003,0.230,-840.203,1089.203,0.230,-800.213,1109.997,0.230,-1319.797,-1511.863,0.230,-690.821,-1487.867,0.230,108.819,-912.133,0.230,-708.819,-1487.867,0.230,108.819,-888.137,0.230,90.821,-912.133,0.230,-708.819,-1582.070,0.230,132.945,-1617.055,0.230,832.070,-882.945,0.230,167.930,-1617.055,0.230,832.070,-917.930,0.230,867.055,-882.945,0.230,167.930,841.071,0.230,-642.910,859.069,0.230,256.910,1540.931,0.230,-656.910,859.069,0.230,256.910,1558.929,0.230,242.910,1540.931,0.230,-656.910,768.709,0.230,376.554,732.731,0.230,975.475,1567.269,0.230,424.525,732.731,0.230,975.475,1531.291,0.230,1023.446,1567.269,0.230,424.525,-261.557,0.230,872.234,-237.563,0.230,1471.754,837.563,0.230,828.246,-237.563,0.230,1471.754,861.557,0.230,1427.766,837.563,0.230,828.246,-1092.321,0.230,838.114,-1107.319,0.230,1337.889,-292.681,0.230,862.111,-1107.319,0.230,1337.889,-307.679,0.230,1361.886,-292.681,0.230,862.111;;9aa578T256